build_utc,valid_utc,lead_h,town,model_rain_mm,snowline_m
2026-09-25T15:54Z,2026-09-25T13:00Z,-2.9,Gilgit,0.0,4275
2026-09-25T15:54Z,2026-09-25T14:00Z,-1.9,Gilgit,0.1,4251
2026-09-25T15:54Z,2026-09-25T15:00Z,-0.9,Gilgit,0.3,4234
2026-09-25T15:54Z,2026-09-25T16:00Z,0.1,Gilgit,0.4,4212
2026-09-25T15:54Z,2026-09-25T17:00Z,1.1,Gilgit,0.1,4181
2026-09-25T15:54Z,2026-09-25T18:00Z,2.1,Gilgit,0.1,4148
2026-09-25T15:54Z,2026-09-25T19:00Z,3.1,Gilgit,0.0,4110
2026-09-25T15:54Z,2026-09-25T20:00Z,4.1,Gilgit,0.0,4072
2026-09-25T15:54Z,2026-09-25T21:00Z,5.1,Gilgit,0.3,4015
2026-09-25T15:54Z,2026-09-25T22:00Z,6.1,Gilgit,0.1,3985
2026-09-25T15:54Z,2026-09-25T23:00Z,7.1,Gilgit,0.1,3937
2026-09-25T15:54Z,2026-09-25T13:00Z,-2.9,Skardu,0.0,4413
2026-09-25T15:54Z,2026-09-25T14:00Z,-1.9,Skardu,0.0,4379
2026-09-25T15:54Z,2026-09-25T15:00Z,-0.9,Skardu,0.0,4351
2026-09-25T15:54Z,2026-09-25T16:00Z,0.1,Skardu,0.0,4325
2026-09-25T15:54Z,2026-09-25T17:00Z,1.1,Skardu,0.0,4243
2026-09-25T15:54Z,2026-09-25T18:00Z,2.1,Skardu,0.0,4212
2026-09-25T15:54Z,2026-09-25T19:00Z,3.1,Skardu,0.0,4201
2026-09-25T15:54Z,2026-09-25T20:00Z,4.1,Skardu,0.0,4171
2026-09-25T15:54Z,2026-09-25T21:00Z,5.1,Skardu,0.0,4154
2026-09-25T15:54Z,2026-09-25T22:00Z,6.1,Skardu,0.0,4101
2026-09-25T15:54Z,2026-09-25T23:00Z,7.1,Skardu,0.0,4079
2026-09-25T15:54Z,2026-09-25T13:00Z,-2.9,Srinagar,0.0,4252
2026-09-25T15:54Z,2026-09-25T14:00Z,-1.9,Srinagar,0.0,4259
2026-09-25T15:54Z,2026-09-25T15:00Z,-0.9,Srinagar,0.0,4252
2026-09-25T15:54Z,2026-09-25T16:00Z,0.1,Srinagar,0.0,4250
2026-09-25T15:54Z,2026-09-25T17:00Z,1.1,Srinagar,0.0,4246
2026-09-25T15:54Z,2026-09-25T18:00Z,2.1,Srinagar,0.0,4222
2026-09-25T15:54Z,2026-09-25T19:00Z,3.1,Srinagar,0.0,4177
2026-09-25T15:54Z,2026-09-25T20:00Z,4.1,Srinagar,0.0,4132
2026-09-25T15:54Z,2026-09-25T21:00Z,5.1,Srinagar,0.0,4085
2026-09-25T15:54Z,2026-09-25T22:00Z,6.1,Srinagar,0.0,4049
2026-09-25T15:54Z,2026-09-25T23:00Z,7.1,Srinagar,0.0,4036
2026-09-25T15:54Z,2026-09-25T13:00Z,-2.9,Leh,0.0,4749
2026-09-25T15:54Z,2026-09-25T14:00Z,-1.9,Leh,0.0,4694
2026-09-25T15:54Z,2026-09-25T15:00Z,-0.9,Leh,0.0,4637
2026-09-25T15:54Z,2026-09-25T16:00Z,0.1,Leh,0.0,4575
2026-09-25T15:54Z,2026-09-25T17:00Z,1.1,Leh,0.0,4538
2026-09-25T15:54Z,2026-09-25T18:00Z,2.1,Leh,0.0,4508
2026-09-25T15:54Z,2026-09-25T19:00Z,3.1,Leh,0.0,4437
2026-09-25T15:54Z,2026-09-25T20:00Z,4.1,Leh,0.0,4411
2026-09-25T15:54Z,2026-09-25T21:00Z,5.1,Leh,0.0,4360
2026-09-25T15:54Z,2026-09-25T22:00Z,6.1,Leh,0.0,4282
2026-09-25T15:54Z,2026-09-25T23:00Z,7.1,Leh,0.0,4252
2026-09-25T15:54Z,2026-09-25T13:00Z,-2.9,Jammu,0.0,4272
2026-09-25T15:54Z,2026-09-25T14:00Z,-1.9,Jammu,0.0,4310
2026-09-25T15:54Z,2026-09-25T15:00Z,-0.9,Jammu,0.0,4338
2026-09-25T15:54Z,2026-09-25T16:00Z,0.1,Jammu,0.0,4329
2026-09-25T15:54Z,2026-09-25T17:00Z,1.1,Jammu,0.0,4318
2026-09-25T15:54Z,2026-09-25T18:00Z,2.1,Jammu,0.0,4316
2026-09-25T15:54Z,2026-09-25T19:00Z,3.1,Jammu,0.0,4291
2026-09-25T15:54Z,2026-09-25T20:00Z,4.1,Jammu,0.0,4255
2026-09-25T15:54Z,2026-09-25T21:00Z,5.1,Jammu,0.0,4219
2026-09-25T15:54Z,2026-09-25T22:00Z,6.1,Jammu,0.0,4204
2026-09-25T15:54Z,2026-09-25T23:00Z,7.1,Jammu,0.0,4196
2026-09-25T15:54Z,2026-09-25T13:00Z,-2.9,Dharamshala,0.0,4403
2026-09-25T15:54Z,2026-09-25T14:00Z,-1.9,Dharamshala,0.0,4364
2026-09-25T15:54Z,2026-09-25T15:00Z,-0.9,Dharamshala,0.0,4337
2026-09-25T15:54Z,2026-09-25T16:00Z,0.1,Dharamshala,0.0,4327
2026-09-25T15:54Z,2026-09-25T17:00Z,1.1,Dharamshala,0.0,4310
2026-09-25T15:54Z,2026-09-25T18:00Z,2.1,Dharamshala,0.0,4297
2026-09-25T15:54Z,2026-09-25T19:00Z,3.1,Dharamshala,0.0,4279
2026-09-25T15:54Z,2026-09-25T20:00Z,4.1,Dharamshala,0.0,4273
2026-09-25T15:54Z,2026-09-25T21:00Z,5.1,Dharamshala,0.0,4252
2026-09-25T15:54Z,2026-09-25T22:00Z,6.1,Dharamshala,0.0,4251
2026-09-25T15:54Z,2026-09-25T23:00Z,7.1,Dharamshala,0.0,4235
2026-09-25T15:54Z,2026-09-25T13:00Z,-2.9,Manali,0.0,4533
2026-09-25T15:54Z,2026-09-25T14:00Z,-1.9,Manali,0.0,4521
2026-09-25T15:54Z,2026-09-25T15:00Z,-0.9,Manali,0.0,4354
2026-09-25T15:54Z,2026-09-25T16:00Z,0.1,Manali,0.0,4372
2026-09-25T15:54Z,2026-09-25T17:00Z,1.1,Manali,0.0,4353
2026-09-25T15:54Z,2026-09-25T18:00Z,2.1,Manali,0.0,4324
2026-09-25T15:54Z,2026-09-25T19:00Z,3.1,Manali,0.0,4298
2026-09-25T15:54Z,2026-09-25T20:00Z,4.1,Manali,0.0,4276
2026-09-25T15:54Z,2026-09-25T21:00Z,5.1,Manali,0.0,4259
2026-09-25T15:54Z,2026-09-25T22:00Z,6.1,Manali,0.0,4272
2026-09-25T15:54Z,2026-09-25T23:00Z,7.1,Manali,0.0,4280
2026-09-25T15:54Z,2026-09-25T13:00Z,-2.9,Kaza,0.0,4829
2026-09-25T15:54Z,2026-09-25T14:00Z,-1.9,Kaza,0.0,4777
2026-09-25T15:54Z,2026-09-25T15:00Z,-0.9,Kaza,0.0,4721
2026-09-25T15:54Z,2026-09-25T16:00Z,0.1,Kaza,0.0,4615
2026-09-25T15:54Z,2026-09-25T17:00Z,1.1,Kaza,0.0,4566
2026-09-25T15:54Z,2026-09-25T18:00Z,2.1,Kaza,0.0,4525
2026-09-25T15:54Z,2026-09-25T19:00Z,3.1,Kaza,0.0,4489
2026-09-25T15:54Z,2026-09-25T20:00Z,4.1,Kaza,0.0,4461
2026-09-25T15:54Z,2026-09-25T21:00Z,5.1,Kaza,0.0,4434
2026-09-25T15:54Z,2026-09-25T22:00Z,6.1,Kaza,0.0,4410
2026-09-25T15:54Z,2026-09-25T23:00Z,7.1,Kaza,0.0,4392
2026-09-25T15:54Z,2026-09-25T13:00Z,-2.9,Shimla,0.0,4508
2026-09-25T15:54Z,2026-09-25T14:00Z,-1.9,Shimla,0.0,4469
2026-09-25T15:54Z,2026-09-25T15:00Z,-0.9,Shimla,0.0,4447
2026-09-25T15:54Z,2026-09-25T16:00Z,0.1,Shimla,0.0,4421
2026-09-25T15:54Z,2026-09-25T17:00Z,1.1,Shimla,0.0,4410
2026-09-25T15:54Z,2026-09-25T18:00Z,2.1,Shimla,0.0,4404
2026-09-25T15:54Z,2026-09-25T19:00Z,3.1,Shimla,0.0,4404
2026-09-25T15:54Z,2026-09-25T20:00Z,4.1,Shimla,0.0,4409
2026-09-25T15:54Z,2026-09-25T21:00Z,5.1,Shimla,0.0,4405
2026-09-25T15:54Z,2026-09-25T22:00Z,6.1,Shimla,0.0,4416
2026-09-25T15:54Z,2026-09-25T23:00Z,7.1,Shimla,0.0,4430
2026-09-25T15:54Z,2026-09-25T13:00Z,-2.9,Dehradun,0.0,4658
2026-09-25T15:54Z,2026-09-25T14:00Z,-1.9,Dehradun,0.0,4644
2026-09-25T15:54Z,2026-09-25T15:00Z,-0.9,Dehradun,0.0,4646
2026-09-25T15:54Z,2026-09-25T16:00Z,0.1,Dehradun,0.0,4644
2026-09-25T15:54Z,2026-09-25T17:00Z,1.1,Dehradun,0.0,4658
2026-09-25T15:54Z,2026-09-25T18:00Z,2.1,Dehradun,0.0,4644
2026-09-25T15:54Z,2026-09-25T19:00Z,3.1,Dehradun,0.0,4539
2026-09-25T15:54Z,2026-09-25T20:00Z,4.1,Dehradun,0.0,4505
2026-09-25T15:54Z,2026-09-25T21:00Z,5.1,Dehradun,0.0,4491
2026-09-25T15:54Z,2026-09-25T22:00Z,6.1,Dehradun,0.0,4510
2026-09-25T15:54Z,2026-09-25T23:00Z,7.1,Dehradun,0.0,4494
2026-09-25T15:54Z,2026-09-25T13:00Z,-2.9,Uttarkashi,0.0,4677
2026-09-25T15:54Z,2026-09-25T14:00Z,-1.9,Uttarkashi,0.0,4669
2026-09-25T15:54Z,2026-09-25T15:00Z,-0.9,Uttarkashi,0.0,4661
2026-09-25T15:54Z,2026-09-25T16:00Z,0.1,Uttarkashi,0.0,4655
2026-09-25T15:54Z,2026-09-25T17:00Z,1.1,Uttarkashi,0.0,4641
2026-09-25T15:54Z,2026-09-25T18:00Z,2.1,Uttarkashi,0.0,4598
2026-09-25T15:54Z,2026-09-25T19:00Z,3.1,Uttarkashi,0.0,4512
2026-09-25T15:54Z,2026-09-25T20:00Z,4.1,Uttarkashi,0.0,4495
2026-09-25T15:54Z,2026-09-25T21:00Z,5.1,Uttarkashi,0.0,4484
2026-09-25T15:54Z,2026-09-25T22:00Z,6.1,Uttarkashi,0.0,4497
2026-09-25T15:54Z,2026-09-25T23:00Z,7.1,Uttarkashi,0.0,4499
2026-09-25T15:54Z,2026-09-25T13:00Z,-2.9,Joshimath,0.0,4770
2026-09-25T15:54Z,2026-09-25T14:00Z,-1.9,Joshimath,0.0,4848
2026-09-25T15:54Z,2026-09-25T15:00Z,-0.9,Joshimath,0.0,4813
2026-09-25T15:54Z,2026-09-25T16:00Z,0.1,Joshimath,0.0,4776
2026-09-25T15:54Z,2026-09-25T17:00Z,1.1,Joshimath,0.0,4638
2026-09-25T15:54Z,2026-09-25T18:00Z,2.1,Joshimath,0.0,4532
2026-09-25T15:54Z,2026-09-25T19:00Z,3.1,Joshimath,0.0,4466
2026-09-25T15:54Z,2026-09-25T20:00Z,4.1,Joshimath,0.0,4362
2026-09-25T15:54Z,2026-09-25T21:00Z,5.1,Joshimath,0.0,4233
2026-09-25T15:54Z,2026-09-25T22:00Z,6.1,Joshimath,0.2,4250
2026-09-25T15:54Z,2026-09-25T23:00Z,7.1,Joshimath,0.2,4206
2026-09-25T15:54Z,2026-09-25T13:00Z,-2.9,Bhimtal,0.2,4665
2026-09-25T15:54Z,2026-09-25T14:00Z,-1.9,Bhimtal,0.5,4684
2026-09-25T15:54Z,2026-09-25T15:00Z,-0.9,Bhimtal,0.5,4711
2026-09-25T15:54Z,2026-09-25T16:00Z,0.1,Bhimtal,0.5,4646
2026-09-25T15:54Z,2026-09-25T17:00Z,1.1,Bhimtal,0.3,4671
2026-09-25T15:54Z,2026-09-25T18:00Z,2.1,Bhimtal,0.7,4589
2026-09-25T15:54Z,2026-09-25T19:00Z,3.1,Bhimtal,1.3,4430
2026-09-25T15:54Z,2026-09-25T20:00Z,4.1,Bhimtal,2.3,4421
2026-09-25T15:54Z,2026-09-25T21:00Z,5.1,Bhimtal,3.0,4384
2026-09-25T15:54Z,2026-09-25T22:00Z,6.1,Bhimtal,2.8,4458
2026-09-25T15:54Z,2026-09-25T23:00Z,7.1,Bhimtal,3.6,4389
2026-09-25T15:54Z,2026-09-25T13:00Z,-2.9,Pithoragarh,1.8,4518
2026-09-25T15:54Z,2026-09-25T14:00Z,-1.9,Pithoragarh,2.8,4495
2026-09-25T15:54Z,2026-09-25T15:00Z,-0.9,Pithoragarh,2.8,4671
2026-09-25T15:54Z,2026-09-25T16:00Z,0.1,Pithoragarh,5.1,4639
2026-09-25T15:54Z,2026-09-25T17:00Z,1.1,Pithoragarh,3.0,4472
2026-09-25T15:54Z,2026-09-25T18:00Z,2.1,Pithoragarh,3.3,4401
2026-09-25T15:54Z,2026-09-25T19:00Z,3.1,Pithoragarh,3.4,4331
2026-09-25T15:54Z,2026-09-25T20:00Z,4.1,Pithoragarh,3.2,4339
2026-09-25T15:54Z,2026-09-25T21:00Z,5.1,Pithoragarh,4.0,4364
2026-09-25T15:54Z,2026-09-25T22:00Z,6.1,Pithoragarh,3.1,4330
2026-09-25T15:54Z,2026-09-25T23:00Z,7.1,Pithoragarh,3.2,4291
2026-09-25T15:54Z,2026-09-25T13:00Z,-2.9,Jumla,2.9,4496
2026-09-25T15:54Z,2026-09-25T14:00Z,-1.9,Jumla,2.5,4483
2026-09-25T15:54Z,2026-09-25T15:00Z,-0.9,Jumla,2.1,4496
2026-09-25T15:54Z,2026-09-25T16:00Z,0.1,Jumla,1.7,4432
2026-09-25T15:54Z,2026-09-25T17:00Z,1.1,Jumla,2.2,4416
2026-09-25T15:54Z,2026-09-25T18:00Z,2.1,Jumla,2.4,4386
2026-09-25T15:54Z,2026-09-25T19:00Z,3.1,Jumla,1.7,4358
2026-09-25T15:54Z,2026-09-25T20:00Z,4.1,Jumla,2.1,4359
2026-09-25T15:54Z,2026-09-25T21:00Z,5.1,Jumla,2.5,4363
2026-09-25T15:54Z,2026-09-25T22:00Z,6.1,Jumla,2.9,4364
2026-09-25T15:54Z,2026-09-25T23:00Z,7.1,Jumla,3.1,4424
2026-09-25T15:54Z,2026-09-25T13:00Z,-2.9,Jomsom,2.6,4596
2026-09-25T15:54Z,2026-09-25T14:00Z,-1.9,Jomsom,2.3,4558
2026-09-25T15:54Z,2026-09-25T15:00Z,-0.9,Jomsom,1.9,4528
2026-09-25T15:54Z,2026-09-25T16:00Z,0.1,Jomsom,1.7,4537
2026-09-25T15:54Z,2026-09-25T17:00Z,1.1,Jomsom,1.7,4502
2026-09-25T15:54Z,2026-09-25T18:00Z,2.1,Jomsom,2.1,4495
2026-09-25T15:54Z,2026-09-25T19:00Z,3.1,Jomsom,2.6,4452
2026-09-25T15:54Z,2026-09-25T20:00Z,4.1,Jomsom,3.3,4466
2026-09-25T15:54Z,2026-09-25T21:00Z,5.1,Jomsom,3.3,4473
2026-09-25T15:54Z,2026-09-25T22:00Z,6.1,Jomsom,3.3,4512
2026-09-25T15:54Z,2026-09-25T23:00Z,7.1,Jomsom,4.0,4523
2026-09-25T15:54Z,2026-09-25T13:00Z,-2.9,Pokhara,2.4,4743
2026-09-25T15:54Z,2026-09-25T14:00Z,-1.9,Pokhara,2.2,4659
2026-09-25T15:54Z,2026-09-25T15:00Z,-0.9,Pokhara,2.6,4611
2026-09-25T15:54Z,2026-09-25T16:00Z,0.1,Pokhara,2.9,4661
2026-09-25T15:54Z,2026-09-25T17:00Z,1.1,Pokhara,2.8,4492
2026-09-25T15:54Z,2026-09-25T18:00Z,2.1,Pokhara,2.9,4527
2026-09-25T15:54Z,2026-09-25T19:00Z,3.1,Pokhara,2.7,4333
2026-09-25T15:54Z,2026-09-25T20:00Z,4.1,Pokhara,2.5,4353
2026-09-25T15:54Z,2026-09-25T21:00Z,5.1,Pokhara,2.1,4498
2026-09-25T15:54Z,2026-09-25T22:00Z,6.1,Pokhara,3.5,4565
2026-09-25T15:54Z,2026-09-25T23:00Z,7.1,Pokhara,3.9,4566
2026-09-25T15:54Z,2026-09-25T13:00Z,-2.9,Kathmandu,2.1,4860
2026-09-25T15:54Z,2026-09-25T14:00Z,-1.9,Kathmandu,2.4,4838
2026-09-25T15:54Z,2026-09-25T15:00Z,-0.9,Kathmandu,2.3,4766
2026-09-25T15:54Z,2026-09-25T16:00Z,0.1,Kathmandu,2.2,4730
2026-09-25T15:54Z,2026-09-25T17:00Z,1.1,Kathmandu,1.4,4793
2026-09-25T15:54Z,2026-09-25T18:00Z,2.1,Kathmandu,1.0,4632
2026-09-25T15:54Z,2026-09-25T19:00Z,3.1,Kathmandu,0.7,4583
2026-09-25T15:54Z,2026-09-25T20:00Z,4.1,Kathmandu,1.0,4682
2026-09-25T15:54Z,2026-09-25T21:00Z,5.1,Kathmandu,1.6,4744
2026-09-25T15:54Z,2026-09-25T22:00Z,6.1,Kathmandu,2.1,4775
2026-09-25T15:54Z,2026-09-25T23:00Z,7.1,Kathmandu,2.4,4786
2026-09-25T15:54Z,2026-09-25T13:00Z,-2.9,Namche Bazaar,0.8,4766
2026-09-25T15:54Z,2026-09-25T14:00Z,-1.9,Namche Bazaar,1.9,4788
2026-09-25T15:54Z,2026-09-25T15:00Z,-0.9,Namche Bazaar,0.8,4788
2026-09-25T15:54Z,2026-09-25T16:00Z,0.1,Namche Bazaar,0.8,4809
2026-09-25T15:54Z,2026-09-25T17:00Z,1.1,Namche Bazaar,0.6,4778
2026-09-25T15:54Z,2026-09-25T18:00Z,2.1,Namche Bazaar,0.6,4753
2026-09-25T15:54Z,2026-09-25T19:00Z,3.1,Namche Bazaar,0.5,4744
2026-09-25T15:54Z,2026-09-25T20:00Z,4.1,Namche Bazaar,0.3,4674
2026-09-25T15:54Z,2026-09-25T21:00Z,5.1,Namche Bazaar,0.1,4657
2026-09-25T15:54Z,2026-09-25T22:00Z,6.1,Namche Bazaar,0.2,4621
2026-09-25T15:54Z,2026-09-25T23:00Z,7.1,Namche Bazaar,0.6,4606
2026-09-25T15:54Z,2026-09-25T13:00Z,-2.9,Darjeeling,0.1,4755
2026-09-25T15:54Z,2026-09-25T14:00Z,-1.9,Darjeeling,0.2,4726
2026-09-25T15:54Z,2026-09-25T15:00Z,-0.9,Darjeeling,0.4,4762
2026-09-25T15:54Z,2026-09-25T16:00Z,0.1,Darjeeling,0.3,4748
2026-09-25T15:54Z,2026-09-25T17:00Z,1.1,Darjeeling,0.2,4748
2026-09-25T15:54Z,2026-09-25T18:00Z,2.1,Darjeeling,0.1,4686
2026-09-25T15:54Z,2026-09-25T19:00Z,3.1,Darjeeling,0.0,4651
2026-09-25T15:54Z,2026-09-25T20:00Z,4.1,Darjeeling,0.0,4607
2026-09-25T15:54Z,2026-09-25T21:00Z,5.1,Darjeeling,3.3,4627
2026-09-25T15:54Z,2026-09-25T22:00Z,6.1,Darjeeling,0.8,4577
2026-09-25T15:54Z,2026-09-25T23:00Z,7.1,Darjeeling,0.5,4581
2026-09-25T15:54Z,2026-09-25T13:00Z,-2.9,Gangtok,0.0,4617
2026-09-25T15:54Z,2026-09-25T14:00Z,-1.9,Gangtok,0.2,4607
2026-09-25T15:54Z,2026-09-25T15:00Z,-0.9,Gangtok,0.2,4677
2026-09-25T15:54Z,2026-09-25T16:00Z,0.1,Gangtok,0.7,4688
2026-09-25T15:54Z,2026-09-25T17:00Z,1.1,Gangtok,0.4,4693
2026-09-25T15:54Z,2026-09-25T18:00Z,2.1,Gangtok,0.2,4599
2026-09-25T15:54Z,2026-09-25T19:00Z,3.1,Gangtok,0.2,4616
2026-09-25T15:54Z,2026-09-25T20:00Z,4.1,Gangtok,0.1,4631
2026-09-25T15:54Z,2026-09-25T21:00Z,5.1,Gangtok,1.6,4629
2026-09-25T15:54Z,2026-09-25T22:00Z,6.1,Gangtok,0.4,4592
2026-09-25T15:54Z,2026-09-25T23:00Z,7.1,Gangtok,0.3,4581
2026-09-25T15:54Z,2026-09-25T13:00Z,-2.9,Thimphu,0.1,4499
2026-09-25T15:54Z,2026-09-25T14:00Z,-1.9,Thimphu,0.2,4560
2026-09-25T15:54Z,2026-09-25T15:00Z,-0.9,Thimphu,0.3,4573
2026-09-25T15:54Z,2026-09-25T16:00Z,0.1,Thimphu,0.5,4580
2026-09-25T15:54Z,2026-09-25T17:00Z,1.1,Thimphu,0.9,4590
2026-09-25T15:54Z,2026-09-25T18:00Z,2.1,Thimphu,1.4,4549
2026-09-25T15:54Z,2026-09-25T19:00Z,3.1,Thimphu,1.4,4535
2026-09-25T15:54Z,2026-09-25T20:00Z,4.1,Thimphu,0.4,4535
2026-09-25T15:54Z,2026-09-25T21:00Z,5.1,Thimphu,0.2,4557
2026-09-25T15:54Z,2026-09-25T22:00Z,6.1,Thimphu,0.1,4581
2026-09-25T15:54Z,2026-09-25T23:00Z,7.1,Thimphu,0.2,4602
2026-09-25T15:54Z,2026-09-25T13:00Z,-2.9,Tawang,0.0,4796
2026-09-25T15:54Z,2026-09-25T14:00Z,-1.9,Tawang,0.0,4770
2026-09-25T15:54Z,2026-09-25T15:00Z,-0.9,Tawang,0.0,4801
2026-09-25T15:54Z,2026-09-25T16:00Z,0.1,Tawang,0.0,4832
2026-09-25T15:54Z,2026-09-25T17:00Z,1.1,Tawang,0.0,4754
2026-09-25T15:54Z,2026-09-25T18:00Z,2.1,Tawang,0.0,4740
2026-09-25T15:54Z,2026-09-25T19:00Z,3.1,Tawang,0.1,4709
2026-09-25T15:54Z,2026-09-25T20:00Z,4.1,Tawang,0.1,4705
2026-09-25T15:54Z,2026-09-25T21:00Z,5.1,Tawang,0.0,4750
2026-09-25T15:54Z,2026-09-25T22:00Z,6.1,Tawang,0.0,4788
2026-09-25T15:54Z,2026-09-25T23:00Z,7.1,Tawang,0.0,4823
2026-09-25T15:54Z,2026-09-25T13:00Z,-2.9,Lhasa,0.0,5256
2026-09-25T15:54Z,2026-09-25T14:00Z,-1.9,Lhasa,0.2,5243
2026-09-25T15:54Z,2026-09-25T15:00Z,-0.9,Lhasa,0.3,5226
2026-09-25T15:54Z,2026-09-25T16:00Z,0.1,Lhasa,0.2,5194
2026-09-25T15:54Z,2026-09-25T17:00Z,1.1,Lhasa,0.2,5152
2026-09-25T15:54Z,2026-09-25T18:00Z,2.1,Lhasa,0.3,5108
2026-09-25T15:54Z,2026-09-25T19:00Z,3.1,Lhasa,0.1,5063
2026-09-25T15:54Z,2026-09-25T20:00Z,4.1,Lhasa,0.0,5020
2026-09-25T15:54Z,2026-09-25T21:00Z,5.1,Lhasa,0.0,4989
2026-09-25T15:54Z,2026-09-25T22:00Z,6.1,Lhasa,0.1,4943
2026-09-25T15:54Z,2026-09-25T23:00Z,7.1,Lhasa,0.1,4906
2026-09-25T15:54Z,2026-09-25T13:00Z,-2.9,Shigatse,0.1,5055
2026-09-25T15:54Z,2026-09-25T14:00Z,-1.9,Shigatse,0.0,5053
2026-09-25T15:54Z,2026-09-25T15:00Z,-0.9,Shigatse,0.1,5048
2026-09-25T15:54Z,2026-09-25T16:00Z,0.1,Shigatse,0.0,5012
2026-09-25T15:54Z,2026-09-25T17:00Z,1.1,Shigatse,0.0,4975
2026-09-25T15:54Z,2026-09-25T18:00Z,2.1,Shigatse,0.0,4937
2026-09-25T15:54Z,2026-09-25T19:00Z,3.1,Shigatse,0.0,4905
2026-09-25T15:54Z,2026-09-25T20:00Z,4.1,Shigatse,0.1,4908
2026-09-25T15:54Z,2026-09-25T21:00Z,5.1,Shigatse,0.0,4890
2026-09-25T15:54Z,2026-09-25T22:00Z,6.1,Shigatse,0.0,4879
2026-09-25T15:54Z,2026-09-25T23:00Z,7.1,Shigatse,0.0,4858
2026-09-25T15:54Z,2026-09-25T13:00Z,-2.9,Itanagar,0.0,4869
2026-09-25T15:54Z,2026-09-25T14:00Z,-1.9,Itanagar,0.0,4881
2026-09-25T15:54Z,2026-09-25T15:00Z,-0.9,Itanagar,0.0,4895
2026-09-25T15:54Z,2026-09-25T16:00Z,0.1,Itanagar,0.0,4898
2026-09-25T15:54Z,2026-09-25T17:00Z,1.1,Itanagar,0.0,4913
2026-09-25T15:54Z,2026-09-25T18:00Z,2.1,Itanagar,0.0,4906
2026-09-25T15:54Z,2026-09-25T19:00Z,3.1,Itanagar,0.0,4873
2026-09-25T15:54Z,2026-09-25T20:00Z,4.1,Itanagar,0.0,4855
2026-09-25T15:54Z,2026-09-25T21:00Z,5.1,Itanagar,0.0,4833
2026-09-25T15:54Z,2026-09-25T22:00Z,6.1,Itanagar,0.0,4829
2026-09-25T15:54Z,2026-09-25T23:00Z,7.1,Itanagar,0.0,4844
2026-09-25T16:00Z,2026-09-25T14:00Z,-2.0,Gilgit,0.1,4251
2026-09-25T16:00Z,2026-09-25T15:00Z,-1.0,Gilgit,0.3,4234
2026-09-25T16:00Z,2026-09-25T16:00Z,0.0,Gilgit,0.4,4212
2026-09-25T16:00Z,2026-09-25T17:00Z,1.0,Gilgit,0.1,4181
2026-09-25T16:00Z,2026-09-25T18:00Z,2.0,Gilgit,0.1,4148
2026-09-25T16:00Z,2026-09-25T19:00Z,3.0,Gilgit,0.0,4110
2026-09-25T16:00Z,2026-09-25T20:00Z,4.0,Gilgit,0.0,4072
2026-09-25T16:00Z,2026-09-25T21:00Z,5.0,Gilgit,0.3,4015
2026-09-25T16:00Z,2026-09-25T22:00Z,6.0,Gilgit,0.1,3985
2026-09-25T16:00Z,2026-09-25T23:00Z,7.0,Gilgit,0.1,3937
2026-09-25T16:00Z,2026-09-26T00:00Z,8.0,Gilgit,0.2,3907
2026-09-25T16:00Z,2026-09-25T14:00Z,-2.0,Skardu,0.0,4379
2026-09-25T16:00Z,2026-09-25T15:00Z,-1.0,Skardu,0.0,4351
2026-09-25T16:00Z,2026-09-25T16:00Z,0.0,Skardu,0.0,4325
2026-09-25T16:00Z,2026-09-25T17:00Z,1.0,Skardu,0.0,4243
2026-09-25T16:00Z,2026-09-25T18:00Z,2.0,Skardu,0.0,4212
2026-09-25T16:00Z,2026-09-25T19:00Z,3.0,Skardu,0.0,4201
2026-09-25T16:00Z,2026-09-25T20:00Z,4.0,Skardu,0.0,4171
2026-09-25T16:00Z,2026-09-25T21:00Z,5.0,Skardu,0.0,4154
2026-09-25T16:00Z,2026-09-25T22:00Z,6.0,Skardu,0.0,4101
2026-09-25T16:00Z,2026-09-25T23:00Z,7.0,Skardu,0.0,4079
2026-09-25T16:00Z,2026-09-26T00:00Z,8.0,Skardu,0.0,4057
2026-09-25T16:00Z,2026-09-25T14:00Z,-2.0,Srinagar,0.0,4259
2026-09-25T16:00Z,2026-09-25T15:00Z,-1.0,Srinagar,0.0,4252
2026-09-25T16:00Z,2026-09-25T16:00Z,0.0,Srinagar,0.0,4250
2026-09-25T16:00Z,2026-09-25T17:00Z,1.0,Srinagar,0.0,4246
2026-09-25T16:00Z,2026-09-25T18:00Z,2.0,Srinagar,0.0,4222
2026-09-25T16:00Z,2026-09-25T19:00Z,3.0,Srinagar,0.0,4177
2026-09-25T16:00Z,2026-09-25T20:00Z,4.0,Srinagar,0.0,4132
2026-09-25T16:00Z,2026-09-25T21:00Z,5.0,Srinagar,0.0,4085
2026-09-25T16:00Z,2026-09-25T22:00Z,6.0,Srinagar,0.0,4049
2026-09-25T16:00Z,2026-09-25T23:00Z,7.0,Srinagar,0.0,4036
2026-09-25T16:00Z,2026-09-26T00:00Z,8.0,Srinagar,0.0,4038
2026-09-25T16:00Z,2026-09-25T14:00Z,-2.0,Leh,0.0,4694
2026-09-25T16:00Z,2026-09-25T15:00Z,-1.0,Leh,0.0,4637
2026-09-25T16:00Z,2026-09-25T16:00Z,0.0,Leh,0.0,4575
2026-09-25T16:00Z,2026-09-25T17:00Z,1.0,Leh,0.0,4538
2026-09-25T16:00Z,2026-09-25T18:00Z,2.0,Leh,0.0,4508
2026-09-25T16:00Z,2026-09-25T19:00Z,3.0,Leh,0.0,4437
2026-09-25T16:00Z,2026-09-25T20:00Z,4.0,Leh,0.0,4411
2026-09-25T16:00Z,2026-09-25T21:00Z,5.0,Leh,0.0,4360
2026-09-25T16:00Z,2026-09-25T22:00Z,6.0,Leh,0.0,4282
2026-09-25T16:00Z,2026-09-25T23:00Z,7.0,Leh,0.0,4252
2026-09-25T16:00Z,2026-09-26T00:00Z,8.0,Leh,0.0,4208
2026-09-25T16:00Z,2026-09-25T14:00Z,-2.0,Jammu,0.0,4310
2026-09-25T16:00Z,2026-09-25T15:00Z,-1.0,Jammu,0.0,4338
2026-09-25T16:00Z,2026-09-25T16:00Z,0.0,Jammu,0.0,4329
2026-09-25T16:00Z,2026-09-25T17:00Z,1.0,Jammu,0.0,4318
2026-09-25T16:00Z,2026-09-25T18:00Z,2.0,Jammu,0.0,4316
2026-09-25T16:00Z,2026-09-25T19:00Z,3.0,Jammu,0.0,4291
2026-09-25T16:00Z,2026-09-25T20:00Z,4.0,Jammu,0.0,4255
2026-09-25T16:00Z,2026-09-25T21:00Z,5.0,Jammu,0.0,4219
2026-09-25T16:00Z,2026-09-25T22:00Z,6.0,Jammu,0.0,4204
2026-09-25T16:00Z,2026-09-25T23:00Z,7.0,Jammu,0.0,4196
2026-09-25T16:00Z,2026-09-26T00:00Z,8.0,Jammu,0.0,4201
2026-09-25T16:00Z,2026-09-25T14:00Z,-2.0,Dharamshala,0.0,4364
2026-09-25T16:00Z,2026-09-25T15:00Z,-1.0,Dharamshala,0.0,4337
2026-09-25T16:00Z,2026-09-25T16:00Z,0.0,Dharamshala,0.0,4327
2026-09-25T16:00Z,2026-09-25T17:00Z,1.0,Dharamshala,0.0,4310
2026-09-25T16:00Z,2026-09-25T18:00Z,2.0,Dharamshala,0.0,4297
2026-09-25T16:00Z,2026-09-25T19:00Z,3.0,Dharamshala,0.0,4279
2026-09-25T16:00Z,2026-09-25T20:00Z,4.0,Dharamshala,0.0,4273
2026-09-25T16:00Z,2026-09-25T21:00Z,5.0,Dharamshala,0.0,4252
2026-09-25T16:00Z,2026-09-25T22:00Z,6.0,Dharamshala,0.0,4251
2026-09-25T16:00Z,2026-09-25T23:00Z,7.0,Dharamshala,0.0,4235
2026-09-25T16:00Z,2026-09-26T00:00Z,8.0,Dharamshala,0.0,4247
2026-09-25T16:00Z,2026-09-25T14:00Z,-2.0,Manali,0.0,4521
2026-09-25T16:00Z,2026-09-25T15:00Z,-1.0,Manali,0.0,4354
2026-09-25T16:00Z,2026-09-25T16:00Z,0.0,Manali,0.0,4372
2026-09-25T16:00Z,2026-09-25T17:00Z,1.0,Manali,0.0,4353
2026-09-25T16:00Z,2026-09-25T18:00Z,2.0,Manali,0.0,4324
2026-09-25T16:00Z,2026-09-25T19:00Z,3.0,Manali,0.0,4298
2026-09-25T16:00Z,2026-09-25T20:00Z,4.0,Manali,0.0,4276
2026-09-25T16:00Z,2026-09-25T21:00Z,5.0,Manali,0.0,4259
2026-09-25T16:00Z,2026-09-25T22:00Z,6.0,Manali,0.0,4272
2026-09-25T16:00Z,2026-09-25T23:00Z,7.0,Manali,0.0,4280
2026-09-25T16:00Z,2026-09-26T00:00Z,8.0,Manali,0.0,4306
2026-09-25T16:00Z,2026-09-25T14:00Z,-2.0,Kaza,0.0,4777
2026-09-25T16:00Z,2026-09-25T15:00Z,-1.0,Kaza,0.0,4721
2026-09-25T16:00Z,2026-09-25T16:00Z,0.0,Kaza,0.0,4615
2026-09-25T16:00Z,2026-09-25T17:00Z,1.0,Kaza,0.0,4566
2026-09-25T16:00Z,2026-09-25T18:00Z,2.0,Kaza,0.0,4525
2026-09-25T16:00Z,2026-09-25T19:00Z,3.0,Kaza,0.0,4489
2026-09-25T16:00Z,2026-09-25T20:00Z,4.0,Kaza,0.0,4461
2026-09-25T16:00Z,2026-09-25T21:00Z,5.0,Kaza,0.0,4434
2026-09-25T16:00Z,2026-09-25T22:00Z,6.0,Kaza,0.0,4410
2026-09-25T16:00Z,2026-09-25T23:00Z,7.0,Kaza,0.0,4392
2026-09-25T16:00Z,2026-09-26T00:00Z,8.0,Kaza,0.0,4381
2026-09-25T16:00Z,2026-09-25T14:00Z,-2.0,Shimla,0.0,4469
2026-09-25T16:00Z,2026-09-25T15:00Z,-1.0,Shimla,0.0,4447
2026-09-25T16:00Z,2026-09-25T16:00Z,0.0,Shimla,0.0,4421
2026-09-25T16:00Z,2026-09-25T17:00Z,1.0,Shimla,0.0,4410
2026-09-25T16:00Z,2026-09-25T18:00Z,2.0,Shimla,0.0,4404
2026-09-25T16:00Z,2026-09-25T19:00Z,3.0,Shimla,0.0,4404
2026-09-25T16:00Z,2026-09-25T20:00Z,4.0,Shimla,0.0,4409
2026-09-25T16:00Z,2026-09-25T21:00Z,5.0,Shimla,0.0,4405
2026-09-25T16:00Z,2026-09-25T22:00Z,6.0,Shimla,0.0,4416
2026-09-25T16:00Z,2026-09-25T23:00Z,7.0,Shimla,0.0,4430
2026-09-25T16:00Z,2026-09-26T00:00Z,8.0,Shimla,0.0,4443
2026-09-25T16:00Z,2026-09-25T14:00Z,-2.0,Dehradun,0.0,4644
2026-09-25T16:00Z,2026-09-25T15:00Z,-1.0,Dehradun,0.0,4646
2026-09-25T16:00Z,2026-09-25T16:00Z,0.0,Dehradun,0.0,4644
2026-09-25T16:00Z,2026-09-25T17:00Z,1.0,Dehradun,0.0,4658
2026-09-25T16:00Z,2026-09-25T18:00Z,2.0,Dehradun,0.0,4644
2026-09-25T16:00Z,2026-09-25T19:00Z,3.0,Dehradun,0.0,4539
2026-09-25T16:00Z,2026-09-25T20:00Z,4.0,Dehradun,0.0,4505
2026-09-25T16:00Z,2026-09-25T21:00Z,5.0,Dehradun,0.0,4491
2026-09-25T16:00Z,2026-09-25T22:00Z,6.0,Dehradun,0.0,4510
2026-09-25T16:00Z,2026-09-25T23:00Z,7.0,Dehradun,0.0,4494
2026-09-25T16:00Z,2026-09-26T00:00Z,8.0,Dehradun,0.0,4457
2026-09-25T16:00Z,2026-09-25T14:00Z,-2.0,Uttarkashi,0.0,4669
2026-09-25T16:00Z,2026-09-25T15:00Z,-1.0,Uttarkashi,0.0,4661
2026-09-25T16:00Z,2026-09-25T16:00Z,0.0,Uttarkashi,0.0,4655
2026-09-25T16:00Z,2026-09-25T17:00Z,1.0,Uttarkashi,0.0,4641
2026-09-25T16:00Z,2026-09-25T18:00Z,2.0,Uttarkashi,0.0,4598
2026-09-25T16:00Z,2026-09-25T19:00Z,3.0,Uttarkashi,0.0,4512
2026-09-25T16:00Z,2026-09-25T20:00Z,4.0,Uttarkashi,0.0,4495
2026-09-25T16:00Z,2026-09-25T21:00Z,5.0,Uttarkashi,0.0,4484
2026-09-25T16:00Z,2026-09-25T22:00Z,6.0,Uttarkashi,0.0,4497
2026-09-25T16:00Z,2026-09-25T23:00Z,7.0,Uttarkashi,0.0,4499
2026-09-25T16:00Z,2026-09-26T00:00Z,8.0,Uttarkashi,0.0,4511
2026-09-25T16:00Z,2026-09-25T14:00Z,-2.0,Joshimath,0.0,4848
2026-09-25T16:00Z,2026-09-25T15:00Z,-1.0,Joshimath,0.0,4813
2026-09-25T16:00Z,2026-09-25T16:00Z,0.0,Joshimath,0.0,4776
2026-09-25T16:00Z,2026-09-25T17:00Z,1.0,Joshimath,0.0,4638
2026-09-25T16:00Z,2026-09-25T18:00Z,2.0,Joshimath,0.0,4532
2026-09-25T16:00Z,2026-09-25T19:00Z,3.0,Joshimath,0.0,4466
2026-09-25T16:00Z,2026-09-25T20:00Z,4.0,Joshimath,0.0,4362
2026-09-25T16:00Z,2026-09-25T21:00Z,5.0,Joshimath,0.0,4233
2026-09-25T16:00Z,2026-09-25T22:00Z,6.0,Joshimath,0.2,4250
2026-09-25T16:00Z,2026-09-25T23:00Z,7.0,Joshimath,0.2,4206
2026-09-25T16:00Z,2026-09-26T00:00Z,8.0,Joshimath,0.3,4222
2026-09-25T16:00Z,2026-09-25T14:00Z,-2.0,Bhimtal,0.5,4684
2026-09-25T16:00Z,2026-09-25T15:00Z,-1.0,Bhimtal,0.5,4711
2026-09-25T16:00Z,2026-09-25T16:00Z,0.0,Bhimtal,0.5,4646
2026-09-25T16:00Z,2026-09-25T17:00Z,1.0,Bhimtal,0.3,4671
2026-09-25T16:00Z,2026-09-25T18:00Z,2.0,Bhimtal,0.7,4589
2026-09-25T16:00Z,2026-09-25T19:00Z,3.0,Bhimtal,1.3,4430
2026-09-25T16:00Z,2026-09-25T20:00Z,4.0,Bhimtal,2.3,4421
2026-09-25T16:00Z,2026-09-25T21:00Z,5.0,Bhimtal,3.0,4384
2026-09-25T16:00Z,2026-09-25T22:00Z,6.0,Bhimtal,2.8,4458
2026-09-25T16:00Z,2026-09-25T23:00Z,7.0,Bhimtal,3.6,4389
2026-09-25T16:00Z,2026-09-26T00:00Z,8.0,Bhimtal,3.1,4447
2026-09-25T16:00Z,2026-09-25T14:00Z,-2.0,Pithoragarh,2.8,4495
2026-09-25T16:00Z,2026-09-25T15:00Z,-1.0,Pithoragarh,2.8,4671
2026-09-25T16:00Z,2026-09-25T16:00Z,0.0,Pithoragarh,5.1,4639
2026-09-25T16:00Z,2026-09-25T17:00Z,1.0,Pithoragarh,3.0,4472
2026-09-25T16:00Z,2026-09-25T18:00Z,2.0,Pithoragarh,3.3,4401
2026-09-25T16:00Z,2026-09-25T19:00Z,3.0,Pithoragarh,3.4,4331
2026-09-25T16:00Z,2026-09-25T20:00Z,4.0,Pithoragarh,3.2,4339
2026-09-25T16:00Z,2026-09-25T21:00Z,5.0,Pithoragarh,4.0,4364
2026-09-25T16:00Z,2026-09-25T22:00Z,6.0,Pithoragarh,3.1,4330
2026-09-25T16:00Z,2026-09-25T23:00Z,7.0,Pithoragarh,3.2,4291
2026-09-25T16:00Z,2026-09-26T00:00Z,8.0,Pithoragarh,4.5,4442
2026-09-25T16:00Z,2026-09-25T14:00Z,-2.0,Jumla,2.5,4483
2026-09-25T16:00Z,2026-09-25T15:00Z,-1.0,Jumla,2.1,4496
2026-09-25T16:00Z,2026-09-25T16:00Z,0.0,Jumla,1.7,4432
2026-09-25T16:00Z,2026-09-25T17:00Z,1.0,Jumla,2.2,4416
2026-09-25T16:00Z,2026-09-25T18:00Z,2.0,Jumla,2.4,4386
2026-09-25T16:00Z,2026-09-25T19:00Z,3.0,Jumla,1.7,4358
2026-09-25T16:00Z,2026-09-25T20:00Z,4.0,Jumla,2.1,4359
2026-09-25T16:00Z,2026-09-25T21:00Z,5.0,Jumla,2.5,4363
2026-09-25T16:00Z,2026-09-25T22:00Z,6.0,Jumla,2.9,4364
2026-09-25T16:00Z,2026-09-25T23:00Z,7.0,Jumla,3.1,4424
2026-09-25T16:00Z,2026-09-26T00:00Z,8.0,Jumla,2.0,4482
2026-09-25T16:00Z,2026-09-25T14:00Z,-2.0,Jomsom,2.3,4558
2026-09-25T16:00Z,2026-09-25T15:00Z,-1.0,Jomsom,1.9,4528
2026-09-25T16:00Z,2026-09-25T16:00Z,0.0,Jomsom,1.7,4537
2026-09-25T16:00Z,2026-09-25T17:00Z,1.0,Jomsom,1.7,4502
2026-09-25T16:00Z,2026-09-25T18:00Z,2.0,Jomsom,2.1,4495
2026-09-25T16:00Z,2026-09-25T19:00Z,3.0,Jomsom,2.6,4452
2026-09-25T16:00Z,2026-09-25T20:00Z,4.0,Jomsom,3.3,4466
2026-09-25T16:00Z,2026-09-25T21:00Z,5.0,Jomsom,3.3,4473
2026-09-25T16:00Z,2026-09-25T22:00Z,6.0,Jomsom,3.3,4512
2026-09-25T16:00Z,2026-09-25T23:00Z,7.0,Jomsom,4.0,4523
2026-09-25T16:00Z,2026-09-26T00:00Z,8.0,Jomsom,3.9,4553
2026-09-25T16:00Z,2026-09-25T14:00Z,-2.0,Pokhara,2.2,4659
2026-09-25T16:00Z,2026-09-25T15:00Z,-1.0,Pokhara,2.6,4611
2026-09-25T16:00Z,2026-09-25T16:00Z,0.0,Pokhara,2.9,4661
2026-09-25T16:00Z,2026-09-25T17:00Z,1.0,Pokhara,2.8,4492
2026-09-25T16:00Z,2026-09-25T18:00Z,2.0,Pokhara,2.9,4527
2026-09-25T16:00Z,2026-09-25T19:00Z,3.0,Pokhara,2.7,4333
2026-09-25T16:00Z,2026-09-25T20:00Z,4.0,Pokhara,2.5,4353
2026-09-25T16:00Z,2026-09-25T21:00Z,5.0,Pokhara,2.1,4498
2026-09-25T16:00Z,2026-09-25T22:00Z,6.0,Pokhara,3.5,4565
2026-09-25T16:00Z,2026-09-25T23:00Z,7.0,Pokhara,3.9,4566
2026-09-25T16:00Z,2026-09-26T00:00Z,8.0,Pokhara,4.0,4712
2026-09-25T16:00Z,2026-09-25T14:00Z,-2.0,Kathmandu,2.4,4838
2026-09-25T16:00Z,2026-09-25T15:00Z,-1.0,Kathmandu,2.3,4766
2026-09-25T16:00Z,2026-09-25T16:00Z,0.0,Kathmandu,2.2,4730
2026-09-25T16:00Z,2026-09-25T17:00Z,1.0,Kathmandu,1.4,4793
2026-09-25T16:00Z,2026-09-25T18:00Z,2.0,Kathmandu,1.0,4632
2026-09-25T16:00Z,2026-09-25T19:00Z,3.0,Kathmandu,0.7,4583
2026-09-25T16:00Z,2026-09-25T20:00Z,4.0,Kathmandu,1.0,4682
2026-09-25T16:00Z,2026-09-25T21:00Z,5.0,Kathmandu,1.6,4744
2026-09-25T16:00Z,2026-09-25T22:00Z,6.0,Kathmandu,2.1,4775
2026-09-25T16:00Z,2026-09-25T23:00Z,7.0,Kathmandu,2.4,4786
2026-09-25T16:00Z,2026-09-26T00:00Z,8.0,Kathmandu,2.4,4815
2026-09-25T16:00Z,2026-09-25T14:00Z,-2.0,Namche Bazaar,1.9,4788
2026-09-25T16:00Z,2026-09-25T15:00Z,-1.0,Namche Bazaar,0.8,4788
2026-09-25T16:00Z,2026-09-25T16:00Z,0.0,Namche Bazaar,0.8,4809
2026-09-25T16:00Z,2026-09-25T17:00Z,1.0,Namche Bazaar,0.6,4778
2026-09-25T16:00Z,2026-09-25T18:00Z,2.0,Namche Bazaar,0.6,4753
2026-09-25T16:00Z,2026-09-25T19:00Z,3.0,Namche Bazaar,0.5,4744
2026-09-25T16:00Z,2026-09-25T20:00Z,4.0,Namche Bazaar,0.3,4674
2026-09-25T16:00Z,2026-09-25T21:00Z,5.0,Namche Bazaar,0.1,4657
2026-09-25T16:00Z,2026-09-25T22:00Z,6.0,Namche Bazaar,0.2,4621
2026-09-25T16:00Z,2026-09-25T23:00Z,7.0,Namche Bazaar,0.6,4606
2026-09-25T16:00Z,2026-09-26T00:00Z,8.0,Namche Bazaar,0.8,4617
2026-09-25T16:00Z,2026-09-25T14:00Z,-2.0,Darjeeling,0.2,4726
2026-09-25T16:00Z,2026-09-25T15:00Z,-1.0,Darjeeling,0.4,4762
2026-09-25T16:00Z,2026-09-25T16:00Z,0.0,Darjeeling,0.3,4748
2026-09-25T16:00Z,2026-09-25T17:00Z,1.0,Darjeeling,0.2,4748
2026-09-25T16:00Z,2026-09-25T18:00Z,2.0,Darjeeling,0.1,4686
2026-09-25T16:00Z,2026-09-25T19:00Z,3.0,Darjeeling,0.0,4651
2026-09-25T16:00Z,2026-09-25T20:00Z,4.0,Darjeeling,0.0,4607
2026-09-25T16:00Z,2026-09-25T21:00Z,5.0,Darjeeling,3.3,4627
2026-09-25T16:00Z,2026-09-25T22:00Z,6.0,Darjeeling,0.8,4577
2026-09-25T16:00Z,2026-09-25T23:00Z,7.0,Darjeeling,0.5,4581
2026-09-25T16:00Z,2026-09-26T00:00Z,8.0,Darjeeling,4.0,4631
2026-09-25T16:00Z,2026-09-25T14:00Z,-2.0,Gangtok,0.2,4607
2026-09-25T16:00Z,2026-09-25T15:00Z,-1.0,Gangtok,0.2,4677
2026-09-25T16:00Z,2026-09-25T16:00Z,0.0,Gangtok,0.7,4688
2026-09-25T16:00Z,2026-09-25T17:00Z,1.0,Gangtok,0.4,4693
2026-09-25T16:00Z,2026-09-25T18:00Z,2.0,Gangtok,0.2,4599
2026-09-25T16:00Z,2026-09-25T19:00Z,3.0,Gangtok,0.2,4616
2026-09-25T16:00Z,2026-09-25T20:00Z,4.0,Gangtok,0.1,4631
2026-09-25T16:00Z,2026-09-25T21:00Z,5.0,Gangtok,1.6,4629
2026-09-25T16:00Z,2026-09-25T22:00Z,6.0,Gangtok,0.4,4592
2026-09-25T16:00Z,2026-09-25T23:00Z,7.0,Gangtok,0.3,4581
2026-09-25T16:00Z,2026-09-26T00:00Z,8.0,Gangtok,1.3,4586
2026-09-25T16:00Z,2026-09-25T14:00Z,-2.0,Thimphu,0.2,4560
2026-09-25T16:00Z,2026-09-25T15:00Z,-1.0,Thimphu,0.3,4573
2026-09-25T16:00Z,2026-09-25T16:00Z,0.0,Thimphu,0.5,4580
2026-09-25T16:00Z,2026-09-25T17:00Z,1.0,Thimphu,0.9,4590
2026-09-25T16:00Z,2026-09-25T18:00Z,2.0,Thimphu,1.4,4549
2026-09-25T16:00Z,2026-09-25T19:00Z,3.0,Thimphu,1.4,4535
2026-09-25T16:00Z,2026-09-25T20:00Z,4.0,Thimphu,0.4,4535
2026-09-25T16:00Z,2026-09-25T21:00Z,5.0,Thimphu,0.2,4557
2026-09-25T16:00Z,2026-09-25T22:00Z,6.0,Thimphu,0.1,4581
2026-09-25T16:00Z,2026-09-25T23:00Z,7.0,Thimphu,0.2,4602
2026-09-25T16:00Z,2026-09-26T00:00Z,8.0,Thimphu,0.6,4585
2026-09-25T16:00Z,2026-09-25T14:00Z,-2.0,Tawang,0.0,4770
2026-09-25T16:00Z,2026-09-25T15:00Z,-1.0,Tawang,0.0,4801
2026-09-25T16:00Z,2026-09-25T16:00Z,0.0,Tawang,0.0,4832
2026-09-25T16:00Z,2026-09-25T17:00Z,1.0,Tawang,0.0,4754
2026-09-25T16:00Z,2026-09-25T18:00Z,2.0,Tawang,0.0,4740
2026-09-25T16:00Z,2026-09-25T19:00Z,3.0,Tawang,0.1,4709
2026-09-25T16:00Z,2026-09-25T20:00Z,4.0,Tawang,0.1,4705
2026-09-25T16:00Z,2026-09-25T21:00Z,5.0,Tawang,0.0,4750
2026-09-25T16:00Z,2026-09-25T22:00Z,6.0,Tawang,0.0,4788
2026-09-25T16:00Z,2026-09-25T23:00Z,7.0,Tawang,0.0,4823
2026-09-25T16:00Z,2026-09-26T00:00Z,8.0,Tawang,0.0,4806
2026-09-25T16:00Z,2026-09-25T14:00Z,-2.0,Lhasa,0.2,5243
2026-09-25T16:00Z,2026-09-25T15:00Z,-1.0,Lhasa,0.3,5226
2026-09-25T16:00Z,2026-09-25T16:00Z,0.0,Lhasa,0.2,5194
2026-09-25T16:00Z,2026-09-25T17:00Z,1.0,Lhasa,0.2,5152
2026-09-25T16:00Z,2026-09-25T18:00Z,2.0,Lhasa,0.3,5108
2026-09-25T16:00Z,2026-09-25T19:00Z,3.0,Lhasa,0.1,5063
2026-09-25T16:00Z,2026-09-25T20:00Z,4.0,Lhasa,0.0,5020
2026-09-25T16:00Z,2026-09-25T21:00Z,5.0,Lhasa,0.0,4989
2026-09-25T16:00Z,2026-09-25T22:00Z,6.0,Lhasa,0.1,4943
2026-09-25T16:00Z,2026-09-25T23:00Z,7.0,Lhasa,0.1,4906
2026-09-25T16:00Z,2026-09-26T00:00Z,8.0,Lhasa,0.0,4876
2026-09-25T16:00Z,2026-09-25T14:00Z,-2.0,Shigatse,0.0,5053
2026-09-25T16:00Z,2026-09-25T15:00Z,-1.0,Shigatse,0.1,5048
2026-09-25T16:00Z,2026-09-25T16:00Z,0.0,Shigatse,0.0,5012
2026-09-25T16:00Z,2026-09-25T17:00Z,1.0,Shigatse,0.0,4975
2026-09-25T16:00Z,2026-09-25T18:00Z,2.0,Shigatse,0.0,4937
2026-09-25T16:00Z,2026-09-25T19:00Z,3.0,Shigatse,0.0,4905
2026-09-25T16:00Z,2026-09-25T20:00Z,4.0,Shigatse,0.1,4908
2026-09-25T16:00Z,2026-09-25T21:00Z,5.0,Shigatse,0.0,4890
2026-09-25T16:00Z,2026-09-25T22:00Z,6.0,Shigatse,0.0,4879
2026-09-25T16:00Z,2026-09-25T23:00Z,7.0,Shigatse,0.0,4858
2026-09-25T16:00Z,2026-09-26T00:00Z,8.0,Shigatse,0.0,4840
2026-09-25T16:00Z,2026-09-25T14:00Z,-2.0,Itanagar,0.0,4881
2026-09-25T16:00Z,2026-09-25T15:00Z,-1.0,Itanagar,0.0,4895
2026-09-25T16:00Z,2026-09-25T16:00Z,0.0,Itanagar,0.0,4898
2026-09-25T16:00Z,2026-09-25T17:00Z,1.0,Itanagar,0.0,4913
2026-09-25T16:00Z,2026-09-25T18:00Z,2.0,Itanagar,0.0,4906
2026-09-25T16:00Z,2026-09-25T19:00Z,3.0,Itanagar,0.0,4873
2026-09-25T16:00Z,2026-09-25T20:00Z,4.0,Itanagar,0.0,4855
2026-09-25T16:00Z,2026-09-25T21:00Z,5.0,Itanagar,0.0,4833
2026-09-25T16:00Z,2026-09-25T22:00Z,6.0,Itanagar,0.0,4829
2026-09-25T16:00Z,2026-09-25T23:00Z,7.0,Itanagar,0.0,4844
2026-09-25T16:00Z,2026-09-26T00:00Z,8.0,Itanagar,0.0,4875
2026-09-25T20:03Z,2026-09-25T18:00Z,-2.05,Gilgit,0.1,4148
2026-09-25T20:03Z,2026-09-25T19:00Z,-1.05,Gilgit,0.0,4110
2026-09-25T20:03Z,2026-09-25T20:00Z,-0.05,Gilgit,0.0,4072
2026-09-25T20:03Z,2026-09-25T21:00Z,0.95,Gilgit,0.0,4015
2026-09-25T20:03Z,2026-09-25T22:00Z,1.95,Gilgit,0.0,3985
2026-09-25T20:03Z,2026-09-25T23:00Z,2.95,Gilgit,0.0,3937
2026-09-25T20:03Z,2026-09-26T00:00Z,3.95,Gilgit,0.0,3907
2026-09-25T20:03Z,2026-09-26T01:00Z,4.95,Gilgit,0.0,3868
2026-09-25T20:03Z,2026-09-26T02:00Z,5.95,Gilgit,0.0,3793
2026-09-25T20:03Z,2026-09-26T03:00Z,6.95,Gilgit,0.0,3810
2026-09-25T20:03Z,2026-09-26T04:00Z,7.95,Gilgit,0.1,3811
2026-09-25T20:03Z,2026-09-25T18:00Z,-2.05,Skardu,0.0,4212
2026-09-25T20:03Z,2026-09-25T19:00Z,-1.05,Skardu,0.0,4201
2026-09-25T20:03Z,2026-09-25T20:00Z,-0.05,Skardu,0.0,4171
2026-09-25T20:03Z,2026-09-25T21:00Z,0.95,Skardu,0.0,4154
2026-09-25T20:03Z,2026-09-25T22:00Z,1.95,Skardu,0.0,4101
2026-09-25T20:03Z,2026-09-25T23:00Z,2.95,Skardu,0.0,4079
2026-09-25T20:03Z,2026-09-26T00:00Z,3.95,Skardu,0.0,4057
2026-09-25T20:03Z,2026-09-26T01:00Z,4.95,Skardu,0.0,4036
2026-09-25T20:03Z,2026-09-26T02:00Z,5.95,Skardu,0.0,4030
2026-09-25T20:03Z,2026-09-26T03:00Z,6.95,Skardu,0.0,4136
2026-09-25T20:03Z,2026-09-26T04:00Z,7.95,Skardu,0.0,4147
2026-09-25T20:03Z,2026-09-25T18:00Z,-2.05,Srinagar,0.0,4222
2026-09-25T20:03Z,2026-09-25T19:00Z,-1.05,Srinagar,0.0,4177
2026-09-25T20:03Z,2026-09-25T20:00Z,-0.05,Srinagar,0.0,4132
2026-09-25T20:03Z,2026-09-25T21:00Z,0.95,Srinagar,0.0,4085
2026-09-25T20:03Z,2026-09-25T22:00Z,1.95,Srinagar,0.0,4049
2026-09-25T20:03Z,2026-09-25T23:00Z,2.95,Srinagar,0.0,4036
2026-09-25T20:03Z,2026-09-26T00:00Z,3.95,Srinagar,0.0,4038
2026-09-25T20:03Z,2026-09-26T01:00Z,4.95,Srinagar,0.0,4054
2026-09-25T20:03Z,2026-09-26T02:00Z,5.95,Srinagar,0.0,4070
2026-09-25T20:03Z,2026-09-26T03:00Z,6.95,Srinagar,0.0,4085
2026-09-25T20:03Z,2026-09-26T04:00Z,7.95,Srinagar,0.0,4096
2026-09-25T20:03Z,2026-09-25T18:00Z,-2.05,Leh,0.0,4508
2026-09-25T20:03Z,2026-09-25T19:00Z,-1.05,Leh,0.0,4437
2026-09-25T20:03Z,2026-09-25T20:00Z,-0.05,Leh,0.0,4411
2026-09-25T20:03Z,2026-09-25T21:00Z,0.95,Leh,0.0,4360
2026-09-25T20:03Z,2026-09-25T22:00Z,1.95,Leh,0.0,4282
2026-09-25T20:03Z,2026-09-25T23:00Z,2.95,Leh,0.0,4252
2026-09-25T20:03Z,2026-09-26T00:00Z,3.95,Leh,0.0,4208
2026-09-25T20:03Z,2026-09-26T01:00Z,4.95,Leh,0.0,4165
2026-09-25T20:03Z,2026-09-26T02:00Z,5.95,Leh,0.0,4148
2026-09-25T20:03Z,2026-09-26T03:00Z,6.95,Leh,0.0,4186
2026-09-25T20:03Z,2026-09-26T04:00Z,7.95,Leh,0.0,4362
2026-09-25T20:03Z,2026-09-25T18:00Z,-2.05,Jammu,0.0,4316
2026-09-25T20:03Z,2026-09-25T19:00Z,-1.05,Jammu,0.0,4291
2026-09-25T20:03Z,2026-09-25T20:00Z,-0.05,Jammu,0.0,4255
2026-09-25T20:03Z,2026-09-25T21:00Z,0.95,Jammu,0.0,4219
2026-09-25T20:03Z,2026-09-25T22:00Z,1.95,Jammu,0.0,4204
2026-09-25T20:03Z,2026-09-25T23:00Z,2.95,Jammu,0.0,4196
2026-09-25T20:03Z,2026-09-26T00:00Z,3.95,Jammu,0.0,4201
2026-09-25T20:03Z,2026-09-26T01:00Z,4.95,Jammu,0.0,4220
2026-09-25T20:03Z,2026-09-26T02:00Z,5.95,Jammu,0.0,4234
2026-09-25T20:03Z,2026-09-26T03:00Z,6.95,Jammu,0.0,4251
2026-09-25T20:03Z,2026-09-26T04:00Z,7.95,Jammu,0.0,4245
2026-09-25T20:03Z,2026-09-25T18:00Z,-2.05,Dharamshala,0.0,4297
2026-09-25T20:03Z,2026-09-25T19:00Z,-1.05,Dharamshala,0.0,4279
2026-09-25T20:03Z,2026-09-25T20:00Z,-0.05,Dharamshala,0.0,4273
2026-09-25T20:03Z,2026-09-25T21:00Z,0.95,Dharamshala,0.0,4252
2026-09-25T20:03Z,2026-09-25T22:00Z,1.95,Dharamshala,0.0,4251
2026-09-25T20:03Z,2026-09-25T23:00Z,2.95,Dharamshala,0.0,4235
2026-09-25T20:03Z,2026-09-26T00:00Z,3.95,Dharamshala,0.0,4247
2026-09-25T20:03Z,2026-09-26T01:00Z,4.95,Dharamshala,0.0,4258
2026-09-25T20:03Z,2026-09-26T02:00Z,5.95,Dharamshala,0.0,4282
2026-09-25T20:03Z,2026-09-26T03:00Z,6.95,Dharamshala,0.0,4312
2026-09-25T20:03Z,2026-09-26T04:00Z,7.95,Dharamshala,0.0,4341
2026-09-25T20:03Z,2026-09-25T18:00Z,-2.05,Manali,0.0,4324
2026-09-25T20:03Z,2026-09-25T19:00Z,-1.05,Manali,0.0,4298
2026-09-25T20:03Z,2026-09-25T20:00Z,-0.05,Manali,0.0,4276
2026-09-25T20:03Z,2026-09-25T21:00Z,0.95,Manali,0.0,4259
2026-09-25T20:03Z,2026-09-25T22:00Z,1.95,Manali,0.0,4272
2026-09-25T20:03Z,2026-09-25T23:00Z,2.95,Manali,0.0,4280
2026-09-25T20:03Z,2026-09-26T00:00Z,3.95,Manali,0.0,4306
2026-09-25T20:03Z,2026-09-26T01:00Z,4.95,Manali,0.0,4332
2026-09-25T20:03Z,2026-09-26T02:00Z,5.95,Manali,0.0,4349
2026-09-25T20:03Z,2026-09-26T03:00Z,6.95,Manali,0.0,4408
2026-09-25T20:03Z,2026-09-26T04:00Z,7.95,Manali,0.0,4478
2026-09-25T20:03Z,2026-09-25T18:00Z,-2.05,Kaza,0.0,4525
2026-09-25T20:03Z,2026-09-25T19:00Z,-1.05,Kaza,0.0,4489
2026-09-25T20:03Z,2026-09-25T20:00Z,-0.05,Kaza,0.0,4461
2026-09-25T20:03Z,2026-09-25T21:00Z,0.95,Kaza,0.0,4434
2026-09-25T20:03Z,2026-09-25T22:00Z,1.95,Kaza,0.0,4410
2026-09-25T20:03Z,2026-09-25T23:00Z,2.95,Kaza,0.0,4392
2026-09-25T20:03Z,2026-09-26T00:00Z,3.95,Kaza,0.0,4381
2026-09-25T20:03Z,2026-09-26T01:00Z,4.95,Kaza,0.0,4378
2026-09-25T20:03Z,2026-09-26T02:00Z,5.95,Kaza,0.0,4414
2026-09-25T20:03Z,2026-09-26T03:00Z,6.95,Kaza,0.0,4557
2026-09-25T20:03Z,2026-09-26T04:00Z,7.95,Kaza,0.0,4734
2026-09-25T20:03Z,2026-09-25T18:00Z,-2.05,Shimla,0.0,4404
2026-09-25T20:03Z,2026-09-25T19:00Z,-1.05,Shimla,0.0,4404
2026-09-25T20:03Z,2026-09-25T20:00Z,-0.05,Shimla,0.0,4409
2026-09-25T20:03Z,2026-09-25T21:00Z,0.95,Shimla,0.0,4405
2026-09-25T20:03Z,2026-09-25T22:00Z,1.95,Shimla,0.0,4416
2026-09-25T20:03Z,2026-09-25T23:00Z,2.95,Shimla,0.0,4430
2026-09-25T20:03Z,2026-09-26T00:00Z,3.95,Shimla,0.0,4443
2026-09-25T20:03Z,2026-09-26T01:00Z,4.95,Shimla,0.0,4428
2026-09-25T20:03Z,2026-09-26T02:00Z,5.95,Shimla,0.0,4446
2026-09-25T20:03Z,2026-09-26T03:00Z,6.95,Shimla,0.0,4548
2026-09-25T20:03Z,2026-09-26T04:00Z,7.95,Shimla,0.0,4706
2026-09-25T20:03Z,2026-09-25T18:00Z,-2.05,Dehradun,0.0,4644
2026-09-25T20:03Z,2026-09-25T19:00Z,-1.05,Dehradun,0.0,4539
2026-09-25T20:03Z,2026-09-25T20:00Z,-0.05,Dehradun,0.0,4505
2026-09-25T20:03Z,2026-09-25T21:00Z,0.95,Dehradun,0.0,4491
2026-09-25T20:03Z,2026-09-25T22:00Z,1.95,Dehradun,0.0,4510
2026-09-25T20:03Z,2026-09-25T23:00Z,2.95,Dehradun,0.0,4494
2026-09-25T20:03Z,2026-09-26T00:00Z,3.95,Dehradun,0.0,4457
2026-09-25T20:03Z,2026-09-26T01:00Z,4.95,Dehradun,0.0,4462
2026-09-25T20:03Z,2026-09-26T02:00Z,5.95,Dehradun,0.1,4455
2026-09-25T20:03Z,2026-09-26T03:00Z,6.95,Dehradun,0.5,4561
2026-09-25T20:03Z,2026-09-26T04:00Z,7.95,Dehradun,0.7,4569
2026-09-25T20:03Z,2026-09-25T18:00Z,-2.05,Uttarkashi,0.0,4598
2026-09-25T20:03Z,2026-09-25T19:00Z,-1.05,Uttarkashi,0.0,4512
2026-09-25T20:03Z,2026-09-25T20:00Z,-0.05,Uttarkashi,0.0,4495
2026-09-25T20:03Z,2026-09-25T21:00Z,0.95,Uttarkashi,0.1,4484
2026-09-25T20:03Z,2026-09-25T22:00Z,1.95,Uttarkashi,0.0,4497
2026-09-25T20:03Z,2026-09-25T23:00Z,2.95,Uttarkashi,0.0,4499
2026-09-25T20:03Z,2026-09-26T00:00Z,3.95,Uttarkashi,0.0,4511
2026-09-25T20:03Z,2026-09-26T01:00Z,4.95,Uttarkashi,0.1,4549
2026-09-25T20:03Z,2026-09-26T02:00Z,5.95,Uttarkashi,0.5,4576
2026-09-25T20:03Z,2026-09-26T03:00Z,6.95,Uttarkashi,1.0,4619
2026-09-25T20:03Z,2026-09-26T04:00Z,7.95,Uttarkashi,1.9,4565
2026-09-25T20:03Z,2026-09-25T18:00Z,-2.05,Joshimath,0.3,4532
2026-09-25T20:03Z,2026-09-25T19:00Z,-1.05,Joshimath,0.2,4466
2026-09-25T20:03Z,2026-09-25T20:00Z,-0.05,Joshimath,0.8,4362
2026-09-25T20:03Z,2026-09-25T21:00Z,0.95,Joshimath,1.0,4233
2026-09-25T20:03Z,2026-09-25T22:00Z,1.95,Joshimath,0.6,4250
2026-09-25T20:03Z,2026-09-25T23:00Z,2.95,Joshimath,0.6,4206
2026-09-25T20:03Z,2026-09-26T00:00Z,3.95,Joshimath,1.1,4222
2026-09-25T20:03Z,2026-09-26T01:00Z,4.95,Joshimath,2.0,4212
2026-09-25T20:03Z,2026-09-26T02:00Z,5.95,Joshimath,3.2,4211
2026-09-25T20:03Z,2026-09-26T03:00Z,6.95,Joshimath,5.0,4558
2026-09-25T20:03Z,2026-09-26T04:00Z,7.95,Joshimath,3.2,4426
2026-09-25T20:03Z,2026-09-25T18:00Z,-2.05,Bhimtal,3.5,4589
2026-09-25T20:03Z,2026-09-25T19:00Z,-1.05,Bhimtal,3.8,4430
2026-09-25T20:03Z,2026-09-25T20:00Z,-0.05,Bhimtal,3.2,4421
2026-09-25T20:03Z,2026-09-25T21:00Z,0.95,Bhimtal,2.8,4384
2026-09-25T20:03Z,2026-09-25T22:00Z,1.95,Bhimtal,4.1,4458
2026-09-25T20:03Z,2026-09-25T23:00Z,2.95,Bhimtal,3.0,4389
2026-09-25T20:03Z,2026-09-26T00:00Z,3.95,Bhimtal,2.7,4447
2026-09-25T20:03Z,2026-09-26T01:00Z,4.95,Bhimtal,2.7,4671
2026-09-25T20:03Z,2026-09-26T02:00Z,5.95,Bhimtal,3.8,4671
2026-09-25T20:03Z,2026-09-26T03:00Z,6.95,Bhimtal,5.6,4560
2026-09-25T20:03Z,2026-09-26T04:00Z,7.95,Bhimtal,5.3,4657
2026-09-25T20:03Z,2026-09-25T18:00Z,-2.05,Pithoragarh,3.2,4401
2026-09-25T20:03Z,2026-09-25T19:00Z,-1.05,Pithoragarh,2.7,4331
2026-09-25T20:03Z,2026-09-25T20:00Z,-0.05,Pithoragarh,2.8,4339
2026-09-25T20:03Z,2026-09-25T21:00Z,0.95,Pithoragarh,4.0,4364
2026-09-25T20:03Z,2026-09-25T22:00Z,1.95,Pithoragarh,3.9,4330
2026-09-25T20:03Z,2026-09-25T23:00Z,2.95,Pithoragarh,3.9,4291
2026-09-25T20:03Z,2026-09-26T00:00Z,3.95,Pithoragarh,3.5,4442
2026-09-25T20:03Z,2026-09-26T01:00Z,4.95,Pithoragarh,3.1,4607
2026-09-25T20:03Z,2026-09-26T02:00Z,5.95,Pithoragarh,3.8,4384
2026-09-25T20:03Z,2026-09-26T03:00Z,6.95,Pithoragarh,3.8,4437
2026-09-25T20:03Z,2026-09-26T04:00Z,7.95,Pithoragarh,3.7,4531
2026-09-25T20:03Z,2026-09-25T18:00Z,-2.05,Jumla,2.5,4386
2026-09-25T20:03Z,2026-09-25T19:00Z,-1.05,Jumla,2.8,4358
2026-09-25T20:03Z,2026-09-25T20:00Z,-0.05,Jumla,2.9,4359
2026-09-25T20:03Z,2026-09-25T21:00Z,0.95,Jumla,2.6,4363
2026-09-25T20:03Z,2026-09-25T22:00Z,1.95,Jumla,2.4,4364
2026-09-25T20:03Z,2026-09-25T23:00Z,2.95,Jumla,2.9,4424
2026-09-25T20:03Z,2026-09-26T00:00Z,3.95,Jumla,2.4,4482
2026-09-25T20:03Z,2026-09-26T01:00Z,4.95,Jumla,2.0,4536
2026-09-25T20:03Z,2026-09-26T02:00Z,5.95,Jumla,1.5,4552
2026-09-25T20:03Z,2026-09-26T03:00Z,6.95,Jumla,1.2,4560
2026-09-25T20:03Z,2026-09-26T04:00Z,7.95,Jumla,0.9,4538
2026-09-25T20:03Z,2026-09-25T18:00Z,-2.05,Jomsom,2.6,4495
2026-09-25T20:03Z,2026-09-25T19:00Z,-1.05,Jomsom,2.4,4452
2026-09-25T20:03Z,2026-09-25T20:00Z,-0.05,Jomsom,2.8,4466
2026-09-25T20:03Z,2026-09-25T21:00Z,0.95,Jomsom,2.9,4473
2026-09-25T20:03Z,2026-09-25T22:00Z,1.95,Jomsom,3.2,4512
2026-09-25T20:03Z,2026-09-25T23:00Z,2.95,Jomsom,3.9,4523
2026-09-25T20:03Z,2026-09-26T00:00Z,3.95,Jomsom,4.3,4553
2026-09-25T20:03Z,2026-09-26T01:00Z,4.95,Jomsom,3.5,4552
2026-09-25T20:03Z,2026-09-26T02:00Z,5.95,Jomsom,3.3,4551
2026-09-25T20:03Z,2026-09-26T03:00Z,6.95,Jomsom,2.7,4524
2026-09-25T20:03Z,2026-09-26T04:00Z,7.95,Jomsom,2.3,4492
2026-09-25T20:03Z,2026-09-25T18:00Z,-2.05,Pokhara,3.5,4527
2026-09-25T20:03Z,2026-09-25T19:00Z,-1.05,Pokhara,2.3,4333
2026-09-25T20:03Z,2026-09-25T20:00Z,-0.05,Pokhara,2.4,4353
2026-09-25T20:03Z,2026-09-25T21:00Z,0.95,Pokhara,2.9,4498
2026-09-25T20:03Z,2026-09-25T22:00Z,1.95,Pokhara,3.2,4565
2026-09-25T20:03Z,2026-09-25T23:00Z,2.95,Pokhara,3.1,4566
2026-09-25T20:03Z,2026-09-26T00:00Z,3.95,Pokhara,4.9,4712
2026-09-25T20:03Z,2026-09-26T01:00Z,4.95,Pokhara,3.2,4683
2026-09-25T20:03Z,2026-09-26T02:00Z,5.95,Pokhara,3.2,4649
2026-09-25T20:03Z,2026-09-26T03:00Z,6.95,Pokhara,2.5,4563
2026-09-25T20:03Z,2026-09-26T04:00Z,7.95,Pokhara,1.4,4474
2026-09-25T20:03Z,2026-09-25T18:00Z,-2.05,Kathmandu,1.3,4632
2026-09-25T20:03Z,2026-09-25T19:00Z,-1.05,Kathmandu,1.4,4583
2026-09-25T20:03Z,2026-09-25T20:00Z,-0.05,Kathmandu,1.2,4682
2026-09-25T20:03Z,2026-09-25T21:00Z,0.95,Kathmandu,1.1,4744
2026-09-25T20:03Z,2026-09-25T22:00Z,1.95,Kathmandu,1.9,4775
2026-09-25T20:03Z,2026-09-25T23:00Z,2.95,Kathmandu,2.0,4786
2026-09-25T20:03Z,2026-09-26T00:00Z,3.95,Kathmandu,2.2,4815
2026-09-25T20:03Z,2026-09-26T01:00Z,4.95,Kathmandu,2.6,4767
2026-09-25T20:03Z,2026-09-26T02:00Z,5.95,Kathmandu,2.5,4733
2026-09-25T20:03Z,2026-09-26T03:00Z,6.95,Kathmandu,3.9,4717
2026-09-25T20:03Z,2026-09-26T04:00Z,7.95,Kathmandu,1.9,4753
2026-09-25T20:03Z,2026-09-25T18:00Z,-2.05,Namche Bazaar,0.8,4753
2026-09-25T20:03Z,2026-09-25T19:00Z,-1.05,Namche Bazaar,0.7,4744
2026-09-25T20:03Z,2026-09-25T20:00Z,-0.05,Namche Bazaar,0.8,4674
2026-09-25T20:03Z,2026-09-25T21:00Z,0.95,Namche Bazaar,0.5,4657
2026-09-25T20:03Z,2026-09-25T22:00Z,1.95,Namche Bazaar,0.9,4621
2026-09-25T20:03Z,2026-09-25T23:00Z,2.95,Namche Bazaar,1.5,4606
2026-09-25T20:03Z,2026-09-26T00:00Z,3.95,Namche Bazaar,2.1,4617
2026-09-25T20:03Z,2026-09-26T01:00Z,4.95,Namche Bazaar,1.8,4637
2026-09-25T20:03Z,2026-09-26T02:00Z,5.95,Namche Bazaar,1.7,4644
2026-09-25T20:03Z,2026-09-26T03:00Z,6.95,Namche Bazaar,1.1,4656
2026-09-25T20:03Z,2026-09-26T04:00Z,7.95,Namche Bazaar,1.0,4663
2026-09-25T20:03Z,2026-09-25T18:00Z,-2.05,Darjeeling,0.1,4686
2026-09-25T20:03Z,2026-09-25T19:00Z,-1.05,Darjeeling,0.0,4651
2026-09-25T20:03Z,2026-09-25T20:00Z,-0.05,Darjeeling,0.0,4607
2026-09-25T20:03Z,2026-09-25T21:00Z,0.95,Darjeeling,0.0,4627
2026-09-25T20:03Z,2026-09-25T22:00Z,1.95,Darjeeling,0.1,4577
2026-09-25T20:03Z,2026-09-25T23:00Z,2.95,Darjeeling,0.8,4581
2026-09-25T20:03Z,2026-09-26T00:00Z,3.95,Darjeeling,0.6,4631
2026-09-25T20:03Z,2026-09-26T01:00Z,4.95,Darjeeling,0.9,4626
2026-09-25T20:03Z,2026-09-26T02:00Z,5.95,Darjeeling,1.3,4680
2026-09-25T20:03Z,2026-09-26T03:00Z,6.95,Darjeeling,3.3,4669
2026-09-25T20:03Z,2026-09-26T04:00Z,7.95,Darjeeling,1.3,4662
2026-09-25T20:03Z,2026-09-25T18:00Z,-2.05,Gangtok,0.1,4599
2026-09-25T20:03Z,2026-09-25T19:00Z,-1.05,Gangtok,0.1,4616
2026-09-25T20:03Z,2026-09-25T20:00Z,-0.05,Gangtok,0.0,4631
2026-09-25T20:03Z,2026-09-25T21:00Z,0.95,Gangtok,0.0,4629
2026-09-25T20:03Z,2026-09-25T22:00Z,1.95,Gangtok,0.1,4592
2026-09-25T20:03Z,2026-09-25T23:00Z,2.95,Gangtok,0.4,4581
2026-09-25T20:03Z,2026-09-26T00:00Z,3.95,Gangtok,0.2,4586
2026-09-25T20:03Z,2026-09-26T01:00Z,4.95,Gangtok,0.7,4541
2026-09-25T20:03Z,2026-09-26T02:00Z,5.95,Gangtok,0.7,4633
2026-09-25T20:03Z,2026-09-26T03:00Z,6.95,Gangtok,1.7,4611
2026-09-25T20:03Z,2026-09-26T04:00Z,7.95,Gangtok,1.3,4593
2026-09-25T20:03Z,2026-09-25T18:00Z,-2.05,Thimphu,0.9,4549
2026-09-25T20:03Z,2026-09-25T19:00Z,-1.05,Thimphu,0.9,4535
2026-09-25T20:03Z,2026-09-25T20:00Z,-0.05,Thimphu,0.0,4535
2026-09-25T20:03Z,2026-09-25T21:00Z,0.95,Thimphu,0.0,4557
2026-09-25T20:03Z,2026-09-25T22:00Z,1.95,Thimphu,0.2,4581
2026-09-25T20:03Z,2026-09-25T23:00Z,2.95,Thimphu,0.3,4602
2026-09-25T20:03Z,2026-09-26T00:00Z,3.95,Thimphu,0.2,4585
2026-09-25T20:03Z,2026-09-26T01:00Z,4.95,Thimphu,0.4,4589
2026-09-25T20:03Z,2026-09-26T02:00Z,5.95,Thimphu,0.4,4584
2026-09-25T20:03Z,2026-09-26T03:00Z,6.95,Thimphu,0.6,4613
2026-09-25T20:03Z,2026-09-26T04:00Z,7.95,Thimphu,0.9,4626
2026-09-25T20:03Z,2026-09-25T18:00Z,-2.05,Tawang,0.2,4740
2026-09-25T20:03Z,2026-09-25T19:00Z,-1.05,Tawang,0.1,4709
2026-09-25T20:03Z,2026-09-25T20:00Z,-0.05,Tawang,0.0,4705
2026-09-25T20:03Z,2026-09-25T21:00Z,0.95,Tawang,0.0,4750
2026-09-25T20:03Z,2026-09-25T22:00Z,1.95,Tawang,0.0,4788
2026-09-25T20:03Z,2026-09-25T23:00Z,2.95,Tawang,0.0,4823
2026-09-25T20:03Z,2026-09-26T00:00Z,3.95,Tawang,0.0,4806
2026-09-25T20:03Z,2026-09-26T01:00Z,4.95,Tawang,0.0,4781
2026-09-25T20:03Z,2026-09-26T02:00Z,5.95,Tawang,0.0,4802
2026-09-25T20:03Z,2026-09-26T03:00Z,6.95,Tawang,0.0,4811
2026-09-25T20:03Z,2026-09-26T04:00Z,7.95,Tawang,0.2,4797
2026-09-25T20:03Z,2026-09-25T18:00Z,-2.05,Lhasa,0.2,5108
2026-09-25T20:03Z,2026-09-25T19:00Z,-1.05,Lhasa,0.1,5063
2026-09-25T20:03Z,2026-09-25T20:00Z,-0.05,Lhasa,0.0,5020
2026-09-25T20:03Z,2026-09-25T21:00Z,0.95,Lhasa,0.0,4989
2026-09-25T20:03Z,2026-09-25T22:00Z,1.95,Lhasa,0.0,4943
2026-09-25T20:03Z,2026-09-25T23:00Z,2.95,Lhasa,0.0,4906
2026-09-25T20:03Z,2026-09-26T00:00Z,3.95,Lhasa,0.0,4876
2026-09-25T20:03Z,2026-09-26T01:00Z,4.95,Lhasa,0.0,4867
2026-09-25T20:03Z,2026-09-26T02:00Z,5.95,Lhasa,0.0,4874
2026-09-25T20:03Z,2026-09-26T03:00Z,6.95,Lhasa,0.0,4904
2026-09-25T20:03Z,2026-09-26T04:00Z,7.95,Lhasa,0.0,5012
2026-09-25T20:03Z,2026-09-25T18:00Z,-2.05,Shigatse,0.0,4937
2026-09-25T20:03Z,2026-09-25T19:00Z,-1.05,Shigatse,0.0,4905
2026-09-25T20:03Z,2026-09-25T20:00Z,-0.05,Shigatse,0.0,4908
2026-09-25T20:03Z,2026-09-25T21:00Z,0.95,Shigatse,0.0,4890
2026-09-25T20:03Z,2026-09-25T22:00Z,1.95,Shigatse,0.0,4879
2026-09-25T20:03Z,2026-09-25T23:00Z,2.95,Shigatse,0.0,4858
2026-09-25T20:03Z,2026-09-26T00:00Z,3.95,Shigatse,0.0,4840
2026-09-25T20:03Z,2026-09-26T01:00Z,4.95,Shigatse,0.0,4846
2026-09-25T20:03Z,2026-09-26T02:00Z,5.95,Shigatse,0.0,4859
2026-09-25T20:03Z,2026-09-26T03:00Z,6.95,Shigatse,0.0,4896
2026-09-25T20:03Z,2026-09-26T04:00Z,7.95,Shigatse,0.0,4980
2026-09-25T20:03Z,2026-09-25T18:00Z,-2.05,Itanagar,0.0,4906
2026-09-25T20:03Z,2026-09-25T19:00Z,-1.05,Itanagar,0.0,4873
2026-09-25T20:03Z,2026-09-25T20:00Z,-0.05,Itanagar,0.0,4855
2026-09-25T20:03Z,2026-09-25T21:00Z,0.95,Itanagar,0.0,4833
2026-09-25T20:03Z,2026-09-25T22:00Z,1.95,Itanagar,0.0,4829
2026-09-25T20:03Z,2026-09-25T23:00Z,2.95,Itanagar,0.0,4844
2026-09-25T20:03Z,2026-09-26T00:00Z,3.95,Itanagar,0.0,4875
2026-09-25T20:03Z,2026-09-26T01:00Z,4.95,Itanagar,0.0,4919
2026-09-25T20:03Z,2026-09-26T02:00Z,5.95,Itanagar,0.0,4955
2026-09-25T20:03Z,2026-09-26T03:00Z,6.95,Itanagar,0.0,4977
2026-09-25T20:03Z,2026-09-26T04:00Z,7.95,Itanagar,0.1,4980
2026-09-25T23:20Z,2026-09-25T21:00Z,-2.33,Gilgit,0.0,4057
2026-09-25T23:20Z,2026-09-25T22:00Z,-1.33,Gilgit,0.0,4007
2026-09-25T23:20Z,2026-09-25T23:00Z,-0.33,Gilgit,0.0,3957
2026-09-25T23:20Z,2026-09-26T00:00Z,0.67,Gilgit,0.0,3934
2026-09-25T23:20Z,2026-09-26T01:00Z,1.67,Gilgit,0.0,3906
2026-09-25T23:20Z,2026-09-26T02:00Z,2.67,Gilgit,0.0,3883
2026-09-25T23:20Z,2026-09-26T03:00Z,3.67,Gilgit,0.0,3833
2026-09-25T23:20Z,2026-09-26T04:00Z,4.67,Gilgit,0.1,3828
2026-09-25T23:20Z,2026-09-26T05:00Z,5.67,Gilgit,0.0,3833
2026-09-25T23:20Z,2026-09-26T06:00Z,6.67,Gilgit,0.8,3802
2026-09-25T23:20Z,2026-09-26T07:00Z,7.67,Gilgit,0.8,3802
2026-09-25T23:20Z,2026-09-25T21:00Z,-2.33,Skardu,0.0,4148
2026-09-25T23:20Z,2026-09-25T22:00Z,-1.33,Skardu,0.0,4143
2026-09-25T23:20Z,2026-09-25T23:00Z,-0.33,Skardu,0.0,4101
2026-09-25T23:20Z,2026-09-26T00:00Z,0.67,Skardu,0.0,4073
2026-09-25T23:20Z,2026-09-26T01:00Z,1.67,Skardu,0.0,4038
2026-09-25T23:20Z,2026-09-26T02:00Z,2.67,Skardu,0.0,4053
2026-09-25T23:20Z,2026-09-26T03:00Z,3.67,Skardu,0.0,4124
2026-09-25T23:20Z,2026-09-26T04:00Z,4.67,Skardu,0.0,4160
2026-09-25T23:20Z,2026-09-26T05:00Z,5.67,Skardu,0.0,4142
2026-09-25T23:20Z,2026-09-26T06:00Z,6.67,Skardu,0.0,4177
2026-09-25T23:20Z,2026-09-26T07:00Z,7.67,Skardu,0.0,4190
2026-09-25T23:20Z,2026-09-25T21:00Z,-2.33,Srinagar,0.0,4114
2026-09-25T23:20Z,2026-09-25T22:00Z,-1.33,Srinagar,0.0,4080
2026-09-25T23:20Z,2026-09-25T23:00Z,-0.33,Srinagar,0.0,4055
2026-09-25T23:20Z,2026-09-26T00:00Z,0.67,Srinagar,0.0,4063
2026-09-25T23:20Z,2026-09-26T01:00Z,1.67,Srinagar,0.0,4067
2026-09-25T23:20Z,2026-09-26T02:00Z,2.67,Srinagar,0.0,4078
2026-09-25T23:20Z,2026-09-26T03:00Z,3.67,Srinagar,0.0,4100
2026-09-25T23:20Z,2026-09-26T04:00Z,4.67,Srinagar,0.0,4133
2026-09-25T23:20Z,2026-09-26T05:00Z,5.67,Srinagar,0.0,4156
2026-09-25T23:20Z,2026-09-26T06:00Z,6.67,Srinagar,0.1,4181
2026-09-25T23:20Z,2026-09-26T07:00Z,7.67,Srinagar,0.1,4193
2026-09-25T23:20Z,2026-09-25T21:00Z,-2.33,Leh,0.0,4386
2026-09-25T23:20Z,2026-09-25T22:00Z,-1.33,Leh,0.0,4391
2026-09-25T23:20Z,2026-09-25T23:00Z,-0.33,Leh,0.0,4356
2026-09-25T23:20Z,2026-09-26T00:00Z,0.67,Leh,0.0,4210
2026-09-25T23:20Z,2026-09-26T01:00Z,1.67,Leh,0.0,4160
2026-09-25T23:20Z,2026-09-26T02:00Z,2.67,Leh,0.0,4154
2026-09-25T23:20Z,2026-09-26T03:00Z,3.67,Leh,0.0,4190
2026-09-25T23:20Z,2026-09-26T04:00Z,4.67,Leh,0.0,4390
2026-09-25T23:20Z,2026-09-26T05:00Z,5.67,Leh,0.0,4505
2026-09-25T23:20Z,2026-09-26T06:00Z,6.67,Leh,0.0,4572
2026-09-25T23:20Z,2026-09-26T07:00Z,7.67,Leh,0.0,4582
2026-09-25T23:20Z,2026-09-25T21:00Z,-2.33,Jammu,0.0,4185
2026-09-25T23:20Z,2026-09-25T22:00Z,-1.33,Jammu,0.0,4166
2026-09-25T23:20Z,2026-09-25T23:00Z,-0.33,Jammu,0.0,4158
2026-09-25T23:20Z,2026-09-26T00:00Z,0.67,Jammu,0.0,4168
2026-09-25T23:20Z,2026-09-26T01:00Z,1.67,Jammu,0.0,4176
2026-09-25T23:20Z,2026-09-26T02:00Z,2.67,Jammu,0.0,4214
2026-09-25T23:20Z,2026-09-26T03:00Z,3.67,Jammu,0.0,4273
2026-09-25T23:20Z,2026-09-26T04:00Z,4.67,Jammu,0.0,4310
2026-09-25T23:20Z,2026-09-26T05:00Z,5.67,Jammu,0.0,4341
2026-09-25T23:20Z,2026-09-26T06:00Z,6.67,Jammu,0.0,4401
2026-09-25T23:20Z,2026-09-26T07:00Z,7.67,Jammu,0.0,4465
2026-09-25T23:20Z,2026-09-25T21:00Z,-2.33,Dharamshala,0.0,4249
2026-09-25T23:20Z,2026-09-25T22:00Z,-1.33,Dharamshala,0.0,4241
2026-09-25T23:20Z,2026-09-25T23:00Z,-0.33,Dharamshala,0.0,4232
2026-09-25T23:20Z,2026-09-26T00:00Z,0.67,Dharamshala,0.0,4242
2026-09-25T23:20Z,2026-09-26T01:00Z,1.67,Dharamshala,0.0,4284
2026-09-25T23:20Z,2026-09-26T02:00Z,2.67,Dharamshala,0.0,4308
2026-09-25T23:20Z,2026-09-26T03:00Z,3.67,Dharamshala,0.0,4367
2026-09-25T23:20Z,2026-09-26T04:00Z,4.67,Dharamshala,0.0,4397
2026-09-25T23:20Z,2026-09-26T05:00Z,5.67,Dharamshala,0.0,4395
2026-09-25T23:20Z,2026-09-26T06:00Z,6.67,Dharamshala,0.1,4377
2026-09-25T23:20Z,2026-09-26T07:00Z,7.67,Dharamshala,0.1,4400
2026-09-25T23:20Z,2026-09-25T21:00Z,-2.33,Manali,0.0,4273
2026-09-25T23:20Z,2026-09-25T22:00Z,-1.33,Manali,0.0,4263
2026-09-25T23:20Z,2026-09-25T23:00Z,-0.33,Manali,0.0,4274
2026-09-25T23:20Z,2026-09-26T00:00Z,0.67,Manali,0.0,4294
2026-09-25T23:20Z,2026-09-26T01:00Z,1.67,Manali,0.0,4319
2026-09-25T23:20Z,2026-09-26T02:00Z,2.67,Manali,0.0,4348
2026-09-25T23:20Z,2026-09-26T03:00Z,3.67,Manali,0.0,4431
2026-09-25T23:20Z,2026-09-26T04:00Z,4.67,Manali,0.0,4480
2026-09-25T23:20Z,2026-09-26T05:00Z,5.67,Manali,0.0,4472
2026-09-25T23:20Z,2026-09-26T06:00Z,6.67,Manali,0.0,4463
2026-09-25T23:20Z,2026-09-26T07:00Z,7.67,Manali,0.1,4440
2026-09-25T23:20Z,2026-09-25T21:00Z,-2.33,Kaza,0.0,4459
2026-09-25T23:20Z,2026-09-25T22:00Z,-1.33,Kaza,0.0,4434
2026-09-25T23:20Z,2026-09-25T23:00Z,-0.33,Kaza,0.0,4421
2026-09-25T23:20Z,2026-09-26T00:00Z,0.67,Kaza,0.0,4408
2026-09-25T23:20Z,2026-09-26T01:00Z,1.67,Kaza,0.0,4391
2026-09-25T23:20Z,2026-09-26T02:00Z,2.67,Kaza,0.0,4419
2026-09-25T23:20Z,2026-09-26T03:00Z,3.67,Kaza,0.0,4576
2026-09-25T23:20Z,2026-09-26T04:00Z,4.67,Kaza,0.0,4763
2026-09-25T23:20Z,2026-09-26T05:00Z,5.67,Kaza,0.1,4795
2026-09-25T23:20Z,2026-09-26T06:00Z,6.67,Kaza,0.1,4783
2026-09-25T23:20Z,2026-09-26T07:00Z,7.67,Kaza,0.2,4789
2026-09-25T23:20Z,2026-09-25T21:00Z,-2.33,Shimla,0.0,4418
2026-09-25T23:20Z,2026-09-25T22:00Z,-1.33,Shimla,0.0,4432
2026-09-25T23:20Z,2026-09-25T23:00Z,-0.33,Shimla,0.0,4419
2026-09-25T23:20Z,2026-09-26T00:00Z,0.67,Shimla,0.0,4407
2026-09-25T23:20Z,2026-09-26T01:00Z,1.67,Shimla,0.0,4424
2026-09-25T23:20Z,2026-09-26T02:00Z,2.67,Shimla,0.0,4520
2026-09-25T23:20Z,2026-09-26T03:00Z,3.67,Shimla,0.0,4589
2026-09-25T23:20Z,2026-09-26T04:00Z,4.67,Shimla,0.0,4597
2026-09-25T23:20Z,2026-09-26T05:00Z,5.67,Shimla,0.0,4613
2026-09-25T23:20Z,2026-09-26T06:00Z,6.67,Shimla,0.0,4598
2026-09-25T23:20Z,2026-09-26T07:00Z,7.67,Shimla,0.0,4437
2026-09-25T23:20Z,2026-09-25T21:00Z,-2.33,Dehradun,0.0,4506
2026-09-25T23:20Z,2026-09-25T22:00Z,-1.33,Dehradun,0.0,4520
2026-09-25T23:20Z,2026-09-25T23:00Z,-0.33,Dehradun,0.0,4552
2026-09-25T23:20Z,2026-09-26T00:00Z,0.67,Dehradun,0.0,4585
2026-09-25T23:20Z,2026-09-26T01:00Z,1.67,Dehradun,0.0,4635
2026-09-25T23:20Z,2026-09-26T02:00Z,2.67,Dehradun,0.1,4536
2026-09-25T23:20Z,2026-09-26T03:00Z,3.67,Dehradun,0.5,4613
2026-09-25T23:20Z,2026-09-26T04:00Z,4.67,Dehradun,0.7,4590
2026-09-25T23:20Z,2026-09-26T05:00Z,5.67,Dehradun,1.6,4538
2026-09-25T23:20Z,2026-09-26T06:00Z,6.67,Dehradun,2.4,4454
2026-09-25T23:20Z,2026-09-26T07:00Z,7.67,Dehradun,2.7,4431
2026-09-25T23:20Z,2026-09-25T21:00Z,-2.33,Uttarkashi,0.1,4528
2026-09-25T23:20Z,2026-09-25T22:00Z,-1.33,Uttarkashi,0.0,4529
2026-09-25T23:20Z,2026-09-25T23:00Z,-0.33,Uttarkashi,0.0,4568
2026-09-25T23:20Z,2026-09-26T00:00Z,0.67,Uttarkashi,0.0,4619
2026-09-25T23:20Z,2026-09-26T01:00Z,1.67,Uttarkashi,0.1,4650
2026-09-25T23:20Z,2026-09-26T02:00Z,2.67,Uttarkashi,0.5,4617
2026-09-25T23:20Z,2026-09-26T03:00Z,3.67,Uttarkashi,1.0,4460
2026-09-25T23:20Z,2026-09-26T04:00Z,4.67,Uttarkashi,1.9,4444
2026-09-25T23:20Z,2026-09-26T05:00Z,5.67,Uttarkashi,2.1,4407
2026-09-25T23:20Z,2026-09-26T06:00Z,6.67,Uttarkashi,2.4,4379
2026-09-25T23:20Z,2026-09-26T07:00Z,7.67,Uttarkashi,3.0,4460
2026-09-25T23:20Z,2026-09-25T21:00Z,-2.33,Joshimath,1.0,4124
2026-09-25T23:20Z,2026-09-25T22:00Z,-1.33,Joshimath,0.6,4121
2026-09-25T23:20Z,2026-09-25T23:00Z,-0.33,Joshimath,0.6,4144
2026-09-25T23:20Z,2026-09-26T00:00Z,0.67,Joshimath,1.1,4248
2026-09-25T23:20Z,2026-09-26T01:00Z,1.67,Joshimath,2.0,4240
2026-09-25T23:20Z,2026-09-26T02:00Z,2.67,Joshimath,3.2,4244
2026-09-25T23:20Z,2026-09-26T03:00Z,3.67,Joshimath,5.0,4239
2026-09-25T23:20Z,2026-09-26T04:00Z,4.67,Joshimath,3.2,4217
2026-09-25T23:20Z,2026-09-26T05:00Z,5.67,Joshimath,2.2,4405
2026-09-25T23:20Z,2026-09-26T06:00Z,6.67,Joshimath,1.3,4398
2026-09-25T23:20Z,2026-09-26T07:00Z,7.67,Joshimath,2.3,4372
2026-09-25T23:20Z,2026-09-25T21:00Z,-2.33,Bhimtal,2.8,4490
2026-09-25T23:20Z,2026-09-25T22:00Z,-1.33,Bhimtal,4.1,4479
2026-09-25T23:20Z,2026-09-25T23:00Z,-0.33,Bhimtal,3.0,4647
2026-09-25T23:20Z,2026-09-26T00:00Z,0.67,Bhimtal,2.7,4685
2026-09-25T23:20Z,2026-09-26T01:00Z,1.67,Bhimtal,2.7,4729
2026-09-25T23:20Z,2026-09-26T02:00Z,2.67,Bhimtal,3.8,4649
2026-09-25T23:20Z,2026-09-26T03:00Z,3.67,Bhimtal,5.6,4615
2026-09-25T23:20Z,2026-09-26T04:00Z,4.67,Bhimtal,5.3,4610
2026-09-25T23:20Z,2026-09-26T05:00Z,5.67,Bhimtal,7.8,4710
2026-09-25T23:20Z,2026-09-26T06:00Z,6.67,Bhimtal,11.1,4725
2026-09-25T23:20Z,2026-09-26T07:00Z,7.67,Bhimtal,8.4,4670
2026-09-25T23:20Z,2026-09-25T21:00Z,-2.33,Pithoragarh,4.0,4429
2026-09-25T23:20Z,2026-09-25T22:00Z,-1.33,Pithoragarh,3.9,4329
2026-09-25T23:20Z,2026-09-25T23:00Z,-0.33,Pithoragarh,3.9,4409
2026-09-25T23:20Z,2026-09-26T00:00Z,0.67,Pithoragarh,3.5,4605
2026-09-25T23:20Z,2026-09-26T01:00Z,1.67,Pithoragarh,3.1,4471
2026-09-25T23:20Z,2026-09-26T02:00Z,2.67,Pithoragarh,3.8,4588
2026-09-25T23:20Z,2026-09-26T03:00Z,3.67,Pithoragarh,3.8,4680
2026-09-25T23:20Z,2026-09-26T04:00Z,4.67,Pithoragarh,3.7,4711
2026-09-25T23:20Z,2026-09-26T05:00Z,5.67,Pithoragarh,4.5,4742
2026-09-25T23:20Z,2026-09-26T06:00Z,6.67,Pithoragarh,3.4,4627
2026-09-25T23:20Z,2026-09-26T07:00Z,7.67,Pithoragarh,3.2,4688
2026-09-25T23:20Z,2026-09-25T21:00Z,-2.33,Jumla,2.6,4448
2026-09-25T23:20Z,2026-09-25T22:00Z,-1.33,Jumla,2.4,4459
2026-09-25T23:20Z,2026-09-25T23:00Z,-0.33,Jumla,2.9,4576
2026-09-25T23:20Z,2026-09-26T00:00Z,0.67,Jumla,2.4,4577
2026-09-25T23:20Z,2026-09-26T01:00Z,1.67,Jumla,2.0,4654
2026-09-25T23:20Z,2026-09-26T02:00Z,2.67,Jumla,1.5,4651
2026-09-25T23:20Z,2026-09-26T03:00Z,3.67,Jumla,1.2,4636
2026-09-25T23:20Z,2026-09-26T04:00Z,4.67,Jumla,0.9,4574
2026-09-25T23:20Z,2026-09-26T05:00Z,5.67,Jumla,1.0,4547
2026-09-25T23:20Z,2026-09-26T06:00Z,6.67,Jumla,1.0,4475
2026-09-25T23:20Z,2026-09-26T07:00Z,7.67,Jumla,0.9,4486
2026-09-25T23:20Z,2026-09-25T21:00Z,-2.33,Jomsom,2.9,4582
2026-09-25T23:20Z,2026-09-25T22:00Z,-1.33,Jomsom,3.2,4627
2026-09-25T23:20Z,2026-09-25T23:00Z,-0.33,Jomsom,3.9,4602
2026-09-25T23:20Z,2026-09-26T00:00Z,0.67,Jomsom,4.3,4619
2026-09-25T23:20Z,2026-09-26T01:00Z,1.67,Jomsom,3.5,4608
2026-09-25T23:20Z,2026-09-26T02:00Z,2.67,Jomsom,3.3,4610
2026-09-25T23:20Z,2026-09-26T03:00Z,3.67,Jomsom,2.7,4571
2026-09-25T23:20Z,2026-09-26T04:00Z,4.67,Jomsom,2.3,4556
2026-09-25T23:20Z,2026-09-26T05:00Z,5.67,Jomsom,1.7,4510
2026-09-25T23:20Z,2026-09-26T06:00Z,6.67,Jomsom,1.9,4525
2026-09-25T23:20Z,2026-09-26T07:00Z,7.67,Jomsom,0.9,4467
2026-09-25T23:20Z,2026-09-25T21:00Z,-2.33,Pokhara,2.9,4771
2026-09-25T23:20Z,2026-09-25T22:00Z,-1.33,Pokhara,3.2,4943
2026-09-25T23:20Z,2026-09-25T23:00Z,-0.33,Pokhara,3.1,4810
2026-09-25T23:20Z,2026-09-26T00:00Z,0.67,Pokhara,4.9,4922
2026-09-25T23:20Z,2026-09-26T01:00Z,1.67,Pokhara,3.2,4803
2026-09-25T23:20Z,2026-09-26T02:00Z,2.67,Pokhara,3.2,4872
2026-09-25T23:20Z,2026-09-26T03:00Z,3.67,Pokhara,2.5,4747
2026-09-25T23:20Z,2026-09-26T04:00Z,4.67,Pokhara,1.4,4659
2026-09-25T23:20Z,2026-09-26T05:00Z,5.67,Pokhara,1.9,4529
2026-09-25T23:20Z,2026-09-26T06:00Z,6.67,Pokhara,0.9,4529
2026-09-25T23:20Z,2026-09-26T07:00Z,7.67,Pokhara,0.2,4375
2026-09-25T23:20Z,2026-09-25T21:00Z,-2.33,Kathmandu,1.1,4900
2026-09-25T23:20Z,2026-09-25T22:00Z,-1.33,Kathmandu,1.9,4923
2026-09-25T23:20Z,2026-09-25T23:00Z,-0.33,Kathmandu,2.0,4891
2026-09-25T23:20Z,2026-09-26T00:00Z,0.67,Kathmandu,2.2,4969
2026-09-25T23:20Z,2026-09-26T01:00Z,1.67,Kathmandu,2.6,4891
2026-09-25T23:20Z,2026-09-26T02:00Z,2.67,Kathmandu,2.5,4870
2026-09-25T23:20Z,2026-09-26T03:00Z,3.67,Kathmandu,3.9,4854
2026-09-25T23:20Z,2026-09-26T04:00Z,4.67,Kathmandu,1.9,4808
2026-09-25T23:20Z,2026-09-26T05:00Z,5.67,Kathmandu,1.3,4909
2026-09-25T23:20Z,2026-09-26T06:00Z,6.67,Kathmandu,1.1,4887
2026-09-25T23:20Z,2026-09-26T07:00Z,7.67,Kathmandu,0.8,4688
2026-09-25T23:20Z,2026-09-25T21:00Z,-2.33,Namche Bazaar,0.5,4687
2026-09-25T23:20Z,2026-09-25T22:00Z,-1.33,Namche Bazaar,0.9,4652
2026-09-25T23:20Z,2026-09-25T23:00Z,-0.33,Namche Bazaar,1.5,4652
2026-09-25T23:20Z,2026-09-26T00:00Z,0.67,Namche Bazaar,2.1,4680
2026-09-25T23:20Z,2026-09-26T01:00Z,1.67,Namche Bazaar,1.8,4692
2026-09-25T23:20Z,2026-09-26T02:00Z,2.67,Namche Bazaar,1.7,4688
2026-09-25T23:20Z,2026-09-26T03:00Z,3.67,Namche Bazaar,1.1,4724
2026-09-25T23:20Z,2026-09-26T04:00Z,4.67,Namche Bazaar,1.0,4776
2026-09-25T23:20Z,2026-09-26T05:00Z,5.67,Namche Bazaar,1.6,4775
2026-09-25T23:20Z,2026-09-26T06:00Z,6.67,Namche Bazaar,1.2,4765
2026-09-25T23:20Z,2026-09-26T07:00Z,7.67,Namche Bazaar,0.9,4791
2026-09-25T23:20Z,2026-09-25T21:00Z,-2.33,Darjeeling,0.0,4696
2026-09-25T23:20Z,2026-09-25T22:00Z,-1.33,Darjeeling,0.1,4682
2026-09-25T23:20Z,2026-09-25T23:00Z,-0.33,Darjeeling,0.8,4652
2026-09-25T23:20Z,2026-09-26T00:00Z,0.67,Darjeeling,0.6,4643
2026-09-25T23:20Z,2026-09-26T01:00Z,1.67,Darjeeling,0.9,4642
2026-09-25T23:20Z,2026-09-26T02:00Z,2.67,Darjeeling,1.3,4658
2026-09-25T23:20Z,2026-09-26T03:00Z,3.67,Darjeeling,3.3,4658
2026-09-25T23:20Z,2026-09-26T04:00Z,4.67,Darjeeling,1.3,4677
2026-09-25T23:20Z,2026-09-26T05:00Z,5.67,Darjeeling,0.5,4703
2026-09-25T23:20Z,2026-09-26T06:00Z,6.67,Darjeeling,0.2,4696
2026-09-25T23:20Z,2026-09-26T07:00Z,7.67,Darjeeling,0.1,4698
2026-09-25T23:20Z,2026-09-25T21:00Z,-2.33,Gangtok,0.0,4698
2026-09-25T23:20Z,2026-09-25T22:00Z,-1.33,Gangtok,0.1,4676
2026-09-25T23:20Z,2026-09-25T23:00Z,-0.33,Gangtok,0.4,4615
2026-09-25T23:20Z,2026-09-26T00:00Z,0.67,Gangtok,0.2,4592
2026-09-25T23:20Z,2026-09-26T01:00Z,1.67,Gangtok,0.7,4569
2026-09-25T23:20Z,2026-09-26T02:00Z,2.67,Gangtok,0.7,4579
2026-09-25T23:20Z,2026-09-26T03:00Z,3.67,Gangtok,1.7,4581
2026-09-25T23:20Z,2026-09-26T04:00Z,4.67,Gangtok,1.3,4577
2026-09-25T23:20Z,2026-09-26T05:00Z,5.67,Gangtok,0.6,4569
2026-09-25T23:20Z,2026-09-26T06:00Z,6.67,Gangtok,0.1,4585
2026-09-25T23:20Z,2026-09-26T07:00Z,7.67,Gangtok,0.1,4608
2026-09-25T23:20Z,2026-09-25T21:00Z,-2.33,Thimphu,0.0,4640
2026-09-25T23:20Z,2026-09-25T22:00Z,-1.33,Thimphu,0.2,4643
2026-09-25T23:20Z,2026-09-25T23:00Z,-0.33,Thimphu,0.3,4684
2026-09-25T23:20Z,2026-09-26T00:00Z,0.67,Thimphu,0.2,4654
2026-09-25T23:20Z,2026-09-26T01:00Z,1.67,Thimphu,0.4,4650
2026-09-25T23:20Z,2026-09-26T02:00Z,2.67,Thimphu,0.4,4644
2026-09-25T23:20Z,2026-09-26T03:00Z,3.67,Thimphu,0.6,4643
2026-09-25T23:20Z,2026-09-26T04:00Z,4.67,Thimphu,0.9,4634
2026-09-25T23:20Z,2026-09-26T05:00Z,5.67,Thimphu,0.9,4665
2026-09-25T23:20Z,2026-09-26T06:00Z,6.67,Thimphu,0.4,4688
2026-09-25T23:20Z,2026-09-26T07:00Z,7.67,Thimphu,0.3,4736
2026-09-25T23:20Z,2026-09-25T21:00Z,-2.33,Tawang,0.0,4756
2026-09-25T23:20Z,2026-09-25T22:00Z,-1.33,Tawang,0.0,4776
2026-09-25T23:20Z,2026-09-25T23:00Z,-0.33,Tawang,0.0,4789
2026-09-25T23:20Z,2026-09-26T00:00Z,0.67,Tawang,0.0,4812
2026-09-25T23:20Z,2026-09-26T01:00Z,1.67,Tawang,0.0,4782
2026-09-25T23:20Z,2026-09-26T02:00Z,2.67,Tawang,0.0,4802
2026-09-25T23:20Z,2026-09-26T03:00Z,3.67,Tawang,0.0,4808
2026-09-25T23:20Z,2026-09-26T04:00Z,4.67,Tawang,0.2,4839
2026-09-25T23:20Z,2026-09-26T05:00Z,5.67,Tawang,0.3,4857
2026-09-25T23:20Z,2026-09-26T06:00Z,6.67,Tawang,0.5,4803
2026-09-25T23:20Z,2026-09-26T07:00Z,7.67,Tawang,0.5,4826
2026-09-25T23:20Z,2026-09-25T21:00Z,-2.33,Lhasa,0.0,5010
2026-09-25T23:20Z,2026-09-25T22:00Z,-1.33,Lhasa,0.0,4970
2026-09-25T23:20Z,2026-09-25T23:00Z,-0.33,Lhasa,0.0,4941
2026-09-25T23:20Z,2026-09-26T00:00Z,0.67,Lhasa,0.0,4908
2026-09-25T23:20Z,2026-09-26T01:00Z,1.67,Lhasa,0.0,4891
2026-09-25T23:20Z,2026-09-26T02:00Z,2.67,Lhasa,0.0,4894
2026-09-25T23:20Z,2026-09-26T03:00Z,3.67,Lhasa,0.0,4913
2026-09-25T23:20Z,2026-09-26T04:00Z,4.67,Lhasa,0.0,5033
2026-09-25T23:20Z,2026-09-26T05:00Z,5.67,Lhasa,0.0,5137
2026-09-25T23:20Z,2026-09-26T06:00Z,6.67,Lhasa,0.0,5235
2026-09-25T23:20Z,2026-09-26T07:00Z,7.67,Lhasa,0.0,5320
2026-09-25T23:20Z,2026-09-25T21:00Z,-2.33,Shigatse,0.0,4934
2026-09-25T23:20Z,2026-09-25T22:00Z,-1.33,Shigatse,0.0,4908
2026-09-25T23:20Z,2026-09-25T23:00Z,-0.33,Shigatse,0.0,4890
2026-09-25T23:20Z,2026-09-26T00:00Z,0.67,Shigatse,0.0,4884
2026-09-25T23:20Z,2026-09-26T01:00Z,1.67,Shigatse,0.0,4886
2026-09-25T23:20Z,2026-09-26T02:00Z,2.67,Shigatse,0.0,4886
2026-09-25T23:20Z,2026-09-26T03:00Z,3.67,Shigatse,0.0,4919
2026-09-25T23:20Z,2026-09-26T04:00Z,4.67,Shigatse,0.0,4987
2026-09-25T23:20Z,2026-09-26T05:00Z,5.67,Shigatse,0.0,5066
2026-09-25T23:20Z,2026-09-26T06:00Z,6.67,Shigatse,0.0,5132
2026-09-25T23:20Z,2026-09-26T07:00Z,7.67,Shigatse,0.0,5196
2026-09-25T23:20Z,2026-09-25T21:00Z,-2.33,Itanagar,0.0,4868
2026-09-25T23:20Z,2026-09-25T22:00Z,-1.33,Itanagar,0.0,4887
2026-09-25T23:20Z,2026-09-25T23:00Z,-0.33,Itanagar,0.0,4914
2026-09-25T23:20Z,2026-09-26T00:00Z,0.67,Itanagar,0.0,4933
2026-09-25T23:20Z,2026-09-26T01:00Z,1.67,Itanagar,0.0,4960
2026-09-25T23:20Z,2026-09-26T02:00Z,2.67,Itanagar,0.0,4982
2026-09-25T23:20Z,2026-09-26T03:00Z,3.67,Itanagar,0.0,5002
2026-09-25T23:20Z,2026-09-26T04:00Z,4.67,Itanagar,0.1,5010
2026-09-25T23:20Z,2026-09-26T05:00Z,5.67,Itanagar,0.1,5012
2026-09-25T23:20Z,2026-09-26T06:00Z,6.67,Itanagar,0.2,5019
2026-09-25T23:20Z,2026-09-26T07:00Z,7.67,Itanagar,0.2,5067
2026-09-26T05:05Z,2026-09-26T03:00Z,-2.08,Gilgit,0.0,3871
2026-09-26T05:05Z,2026-09-26T04:00Z,-1.08,Gilgit,0.0,3828
2026-09-26T05:05Z,2026-09-26T05:00Z,-0.08,Gilgit,0.1,3835
2026-09-26T05:05Z,2026-09-26T06:00Z,0.92,Gilgit,0.7,3786
2026-09-26T05:05Z,2026-09-26T07:00Z,1.92,Gilgit,0.4,4106
2026-09-26T05:05Z,2026-09-26T08:00Z,2.92,Gilgit,0.4,4165
2026-09-26T05:05Z,2026-09-26T09:00Z,3.92,Gilgit,0.8,4221
2026-09-26T05:05Z,2026-09-26T10:00Z,4.92,Gilgit,0.7,4269
2026-09-26T05:05Z,2026-09-26T11:00Z,5.92,Gilgit,0.1,4308
2026-09-26T05:05Z,2026-09-26T12:00Z,6.92,Gilgit,0.1,4323
2026-09-26T05:05Z,2026-09-26T13:00Z,7.92,Gilgit,0.0,4296
2026-09-26T05:05Z,2026-09-26T03:00Z,-2.08,Skardu,0.0,4126
2026-09-26T05:05Z,2026-09-26T04:00Z,-1.08,Skardu,0.0,4124
2026-09-26T05:05Z,2026-09-26T05:00Z,-0.08,Skardu,0.0,4130
2026-09-26T05:05Z,2026-09-26T06:00Z,0.92,Skardu,0.0,4164
2026-09-26T05:05Z,2026-09-26T07:00Z,1.92,Skardu,0.0,4185
2026-09-26T05:05Z,2026-09-26T08:00Z,2.92,Skardu,0.0,4205
2026-09-26T05:05Z,2026-09-26T09:00Z,3.92,Skardu,0.0,4270
2026-09-26T05:05Z,2026-09-26T10:00Z,4.92,Skardu,0.0,4297
2026-09-26T05:05Z,2026-09-26T11:00Z,5.92,Skardu,0.0,4337
2026-09-26T05:05Z,2026-09-26T12:00Z,6.92,Skardu,0.0,4468
2026-09-26T05:05Z,2026-09-26T13:00Z,7.92,Skardu,0.0,4435
2026-09-26T05:05Z,2026-09-26T03:00Z,-2.08,Srinagar,0.0,4097
2026-09-26T05:05Z,2026-09-26T04:00Z,-1.08,Srinagar,0.0,4121
2026-09-26T05:05Z,2026-09-26T05:00Z,-0.08,Srinagar,0.0,4143
2026-09-26T05:05Z,2026-09-26T06:00Z,0.92,Srinagar,0.0,4172
2026-09-26T05:05Z,2026-09-26T07:00Z,1.92,Srinagar,0.1,4186
2026-09-26T05:05Z,2026-09-26T08:00Z,2.92,Srinagar,0.0,4209
2026-09-26T05:05Z,2026-09-26T09:00Z,3.92,Srinagar,0.0,4187
2026-09-26T05:05Z,2026-09-26T10:00Z,4.92,Srinagar,0.0,4219
2026-09-26T05:05Z,2026-09-26T11:00Z,5.92,Srinagar,0.0,4235
2026-09-26T05:05Z,2026-09-26T12:00Z,6.92,Srinagar,0.0,4251
2026-09-26T05:05Z,2026-09-26T13:00Z,7.92,Srinagar,0.0,4265
2026-09-26T05:05Z,2026-09-26T03:00Z,-2.08,Leh,0.0,4178
2026-09-26T05:05Z,2026-09-26T04:00Z,-1.08,Leh,0.0,4384
2026-09-26T05:05Z,2026-09-26T05:00Z,-0.08,Leh,0.0,4488
2026-09-26T05:05Z,2026-09-26T06:00Z,0.92,Leh,0.0,4568
2026-09-26T05:05Z,2026-09-26T07:00Z,1.92,Leh,0.0,4586
2026-09-26T05:05Z,2026-09-26T08:00Z,2.92,Leh,0.0,4621
2026-09-26T05:05Z,2026-09-26T09:00Z,3.92,Leh,0.0,4667
2026-09-26T05:05Z,2026-09-26T10:00Z,4.92,Leh,0.0,4742
2026-09-26T05:05Z,2026-09-26T11:00Z,5.92,Leh,0.0,4780
2026-09-26T05:05Z,2026-09-26T12:00Z,6.92,Leh,0.0,4803
2026-09-26T05:05Z,2026-09-26T13:00Z,7.92,Leh,0.0,4781
2026-09-26T05:05Z,2026-09-26T03:00Z,-2.08,Jammu,0.0,4246
2026-09-26T05:05Z,2026-09-26T04:00Z,-1.08,Jammu,0.0,4256
2026-09-26T05:05Z,2026-09-26T05:00Z,-0.08,Jammu,0.0,4281
2026-09-26T05:05Z,2026-09-26T06:00Z,0.92,Jammu,0.0,4317
2026-09-26T05:05Z,2026-09-26T07:00Z,1.92,Jammu,0.0,4333
2026-09-26T05:05Z,2026-09-26T08:00Z,2.92,Jammu,0.0,4348
2026-09-26T05:05Z,2026-09-26T09:00Z,3.92,Jammu,0.0,4349
2026-09-26T05:05Z,2026-09-26T10:00Z,4.92,Jammu,0.0,4347
2026-09-26T05:05Z,2026-09-26T11:00Z,5.92,Jammu,0.0,4360
2026-09-26T05:05Z,2026-09-26T12:00Z,6.92,Jammu,0.0,4391
2026-09-26T05:05Z,2026-09-26T13:00Z,7.92,Jammu,0.0,4382
2026-09-26T05:05Z,2026-09-26T03:00Z,-2.08,Dharamshala,0.0,4358
2026-09-26T05:05Z,2026-09-26T04:00Z,-1.08,Dharamshala,0.0,4355
2026-09-26T05:05Z,2026-09-26T05:00Z,-0.08,Dharamshala,0.0,4348
2026-09-26T05:05Z,2026-09-26T06:00Z,0.92,Dharamshala,0.1,4343
2026-09-26T05:05Z,2026-09-26T07:00Z,1.92,Dharamshala,0.1,4329
2026-09-26T05:05Z,2026-09-26T08:00Z,2.92,Dharamshala,0.1,4354
2026-09-26T05:05Z,2026-09-26T09:00Z,3.92,Dharamshala,0.1,4392
2026-09-26T05:05Z,2026-09-26T10:00Z,4.92,Dharamshala,0.1,4432
2026-09-26T05:05Z,2026-09-26T11:00Z,5.92,Dharamshala,0.0,4467
2026-09-26T05:05Z,2026-09-26T12:00Z,6.92,Dharamshala,0.0,4499
2026-09-26T05:05Z,2026-09-26T13:00Z,7.92,Dharamshala,0.0,4486
2026-09-26T05:05Z,2026-09-26T03:00Z,-2.08,Manali,0.0,4418
2026-09-26T05:05Z,2026-09-26T04:00Z,-1.08,Manali,0.0,4446
2026-09-26T05:05Z,2026-09-26T05:00Z,-0.08,Manali,0.0,4422
2026-09-26T05:05Z,2026-09-26T06:00Z,0.92,Manali,0.1,4395
2026-09-26T05:05Z,2026-09-26T07:00Z,1.92,Manali,0.0,4372
2026-09-26T05:05Z,2026-09-26T08:00Z,2.92,Manali,0.1,4395
2026-09-26T05:05Z,2026-09-26T09:00Z,3.92,Manali,0.2,4419
2026-09-26T05:05Z,2026-09-26T10:00Z,4.92,Manali,0.1,4447
2026-09-26T05:05Z,2026-09-26T11:00Z,5.92,Manali,0.1,4505
2026-09-26T05:05Z,2026-09-26T12:00Z,6.92,Manali,0.0,4551
2026-09-26T05:05Z,2026-09-26T13:00Z,7.92,Manali,0.3,4581
2026-09-26T05:05Z,2026-09-26T03:00Z,-2.08,Kaza,0.0,4546
2026-09-26T05:05Z,2026-09-26T04:00Z,-1.08,Kaza,0.0,4695
2026-09-26T05:05Z,2026-09-26T05:00Z,-0.08,Kaza,0.1,4790
2026-09-26T05:05Z,2026-09-26T06:00Z,0.92,Kaza,0.1,4787
2026-09-26T05:05Z,2026-09-26T07:00Z,1.92,Kaza,0.2,4788
2026-09-26T05:05Z,2026-09-26T08:00Z,2.92,Kaza,0.2,4789
2026-09-26T05:05Z,2026-09-26T09:00Z,3.92,Kaza,0.3,4792
2026-09-26T05:05Z,2026-09-26T10:00Z,4.92,Kaza,0.2,4805
2026-09-26T05:05Z,2026-09-26T11:00Z,5.92,Kaza,0.2,4819
2026-09-26T05:05Z,2026-09-26T12:00Z,6.92,Kaza,0.1,4832
2026-09-26T05:05Z,2026-09-26T13:00Z,7.92,Kaza,0.2,4840
2026-09-26T05:05Z,2026-09-26T03:00Z,-2.08,Shimla,0.0,4532
2026-09-26T05:05Z,2026-09-26T04:00Z,-1.08,Shimla,0.0,4488
2026-09-26T05:05Z,2026-09-26T05:00Z,-0.08,Shimla,0.0,4510
2026-09-26T05:05Z,2026-09-26T06:00Z,0.92,Shimla,0.1,4518
2026-09-26T05:05Z,2026-09-26T07:00Z,1.92,Shimla,0.4,4478
2026-09-26T05:05Z,2026-09-26T08:00Z,2.92,Shimla,0.4,4496
2026-09-26T05:05Z,2026-09-26T09:00Z,3.92,Shimla,0.4,4483
2026-09-26T05:05Z,2026-09-26T10:00Z,4.92,Shimla,0.2,4561
2026-09-26T05:05Z,2026-09-26T11:00Z,5.92,Shimla,0.3,4571
2026-09-26T05:05Z,2026-09-26T12:00Z,6.92,Shimla,0.1,4574
2026-09-26T05:05Z,2026-09-26T13:00Z,7.92,Shimla,0.1,4577
2026-09-26T05:05Z,2026-09-26T03:00Z,-2.08,Dehradun,0.2,4671
2026-09-26T05:05Z,2026-09-26T04:00Z,-1.08,Dehradun,0.2,4608
2026-09-26T05:05Z,2026-09-26T05:00Z,-0.08,Dehradun,0.3,4469
2026-09-26T05:05Z,2026-09-26T06:00Z,0.92,Dehradun,0.8,4419
2026-09-26T05:05Z,2026-09-26T07:00Z,1.92,Dehradun,3.8,4326
2026-09-26T05:05Z,2026-09-26T08:00Z,2.92,Dehradun,4.7,4324
2026-09-26T05:05Z,2026-09-26T09:00Z,3.92,Dehradun,4.1,4399
2026-09-26T05:05Z,2026-09-26T10:00Z,4.92,Dehradun,2.7,4389
2026-09-26T05:05Z,2026-09-26T11:00Z,5.92,Dehradun,3.9,4498
2026-09-26T05:05Z,2026-09-26T12:00Z,6.92,Dehradun,4.7,4510
2026-09-26T05:05Z,2026-09-26T13:00Z,7.92,Dehradun,4.3,4311
2026-09-26T05:05Z,2026-09-26T03:00Z,-2.08,Uttarkashi,1.6,4419
2026-09-26T05:05Z,2026-09-26T04:00Z,-1.08,Uttarkashi,1.8,4384
2026-09-26T05:05Z,2026-09-26T05:00Z,-0.08,Uttarkashi,2.0,4374
2026-09-26T05:05Z,2026-09-26T06:00Z,0.92,Uttarkashi,2.1,4335
2026-09-26T05:05Z,2026-09-26T07:00Z,1.92,Uttarkashi,3.3,4343
2026-09-26T05:05Z,2026-09-26T08:00Z,2.92,Uttarkashi,3.3,4346
2026-09-26T05:05Z,2026-09-26T09:00Z,3.92,Uttarkashi,3.6,4363
2026-09-26T05:05Z,2026-09-26T10:00Z,4.92,Uttarkashi,3.5,4437
2026-09-26T05:05Z,2026-09-26T11:00Z,5.92,Uttarkashi,4.4,4489
2026-09-26T05:05Z,2026-09-26T12:00Z,6.92,Uttarkashi,4.8,4480
2026-09-26T05:05Z,2026-09-26T13:00Z,7.92,Uttarkashi,4.3,4408
2026-09-26T05:05Z,2026-09-26T03:00Z,-2.08,Joshimath,5.5,4357
2026-09-26T05:05Z,2026-09-26T04:00Z,-1.08,Joshimath,3.2,4370
2026-09-26T05:05Z,2026-09-26T05:00Z,-0.08,Joshimath,2.6,4365
2026-09-26T05:05Z,2026-09-26T06:00Z,0.92,Joshimath,2.0,4401
2026-09-26T05:05Z,2026-09-26T07:00Z,1.92,Joshimath,2.6,4359
2026-09-26T05:05Z,2026-09-26T08:00Z,2.92,Joshimath,2.8,4343
2026-09-26T05:05Z,2026-09-26T09:00Z,3.92,Joshimath,2.9,4378
2026-09-26T05:05Z,2026-09-26T10:00Z,4.92,Joshimath,3.8,4431
2026-09-26T05:05Z,2026-09-26T11:00Z,5.92,Joshimath,4.7,4440
2026-09-26T05:05Z,2026-09-26T12:00Z,6.92,Joshimath,5.3,4580
2026-09-26T05:05Z,2026-09-26T13:00Z,7.92,Joshimath,3.3,4572
2026-09-26T05:05Z,2026-09-26T03:00Z,-2.08,Bhimtal,5.0,4669
2026-09-26T05:05Z,2026-09-26T04:00Z,-1.08,Bhimtal,7.1,4681
2026-09-26T05:05Z,2026-09-26T05:00Z,-0.08,Bhimtal,5.6,4747
2026-09-26T05:05Z,2026-09-26T06:00Z,0.92,Bhimtal,5.9,4760
2026-09-26T05:05Z,2026-09-26T07:00Z,1.92,Bhimtal,3.2,4726
2026-09-26T05:05Z,2026-09-26T08:00Z,2.92,Bhimtal,3.2,4723
2026-09-26T05:05Z,2026-09-26T09:00Z,3.92,Bhimtal,4.9,4810
2026-09-26T05:05Z,2026-09-26T10:00Z,4.92,Bhimtal,7.0,4886
2026-09-26T05:05Z,2026-09-26T11:00Z,5.92,Bhimtal,9.0,5004
2026-09-26T05:05Z,2026-09-26T12:00Z,6.92,Bhimtal,7.4,4985
2026-09-26T05:05Z,2026-09-26T13:00Z,7.92,Bhimtal,7.8,5069
2026-09-26T05:05Z,2026-09-26T03:00Z,-2.08,Pithoragarh,3.2,4738
2026-09-26T05:05Z,2026-09-26T04:00Z,-1.08,Pithoragarh,3.5,4708
2026-09-26T05:05Z,2026-09-26T05:00Z,-0.08,Pithoragarh,3.4,4710
2026-09-26T05:05Z,2026-09-26T06:00Z,0.92,Pithoragarh,2.3,4588
2026-09-26T05:05Z,2026-09-26T07:00Z,1.92,Pithoragarh,1.9,4585
2026-09-26T05:05Z,2026-09-26T08:00Z,2.92,Pithoragarh,2.0,4519
2026-09-26T05:05Z,2026-09-26T09:00Z,3.92,Pithoragarh,2.4,4668
2026-09-26T05:05Z,2026-09-26T10:00Z,4.92,Pithoragarh,2.9,4790
2026-09-26T05:05Z,2026-09-26T11:00Z,5.92,Pithoragarh,2.6,4856
2026-09-26T05:05Z,2026-09-26T12:00Z,6.92,Pithoragarh,2.4,4825
2026-09-26T05:05Z,2026-09-26T13:00Z,7.92,Pithoragarh,2.2,5063
2026-09-26T05:05Z,2026-09-26T03:00Z,-2.08,Jumla,1.3,4610
2026-09-26T05:05Z,2026-09-26T04:00Z,-1.08,Jumla,1.3,4587
2026-09-26T05:05Z,2026-09-26T05:00Z,-0.08,Jumla,1.2,4651
2026-09-26T05:05Z,2026-09-26T06:00Z,0.92,Jumla,1.0,4528
2026-09-26T05:05Z,2026-09-26T07:00Z,1.92,Jumla,0.6,4513
2026-09-26T05:05Z,2026-09-26T08:00Z,2.92,Jumla,0.7,4522
2026-09-26T05:05Z,2026-09-26T09:00Z,3.92,Jumla,0.4,4568
2026-09-26T05:05Z,2026-09-26T10:00Z,4.92,Jumla,0.5,4513
2026-09-26T05:05Z,2026-09-26T11:00Z,5.92,Jumla,1.0,4648
2026-09-26T05:05Z,2026-09-26T12:00Z,6.92,Jumla,0.9,4703
2026-09-26T05:05Z,2026-09-26T13:00Z,7.92,Jumla,1.0,4769
2026-09-26T05:05Z,2026-09-26T03:00Z,-2.08,Jomsom,2.0,4562
2026-09-26T05:05Z,2026-09-26T04:00Z,-1.08,Jomsom,1.5,4522
2026-09-26T05:05Z,2026-09-26T05:00Z,-0.08,Jomsom,1.1,4502
2026-09-26T05:05Z,2026-09-26T06:00Z,0.92,Jomsom,1.4,4524
2026-09-26T05:05Z,2026-09-26T07:00Z,1.92,Jomsom,1.3,4467
2026-09-26T05:05Z,2026-09-26T08:00Z,2.92,Jomsom,1.3,4489
2026-09-26T05:05Z,2026-09-26T09:00Z,3.92,Jomsom,1.1,4481
2026-09-26T05:05Z,2026-09-26T10:00Z,4.92,Jomsom,1.3,4451
2026-09-26T05:05Z,2026-09-26T11:00Z,5.92,Jomsom,1.2,4501
2026-09-26T05:05Z,2026-09-26T12:00Z,6.92,Jomsom,1.3,4586
2026-09-26T05:05Z,2026-09-26T13:00Z,7.92,Jomsom,1.7,4573
2026-09-26T05:05Z,2026-09-26T03:00Z,-2.08,Pokhara,0.8,4722
2026-09-26T05:05Z,2026-09-26T04:00Z,-1.08,Pokhara,0.8,4572
2026-09-26T05:05Z,2026-09-26T05:00Z,-0.08,Pokhara,0.3,4474
2026-09-26T05:05Z,2026-09-26T06:00Z,0.92,Pokhara,1.3,4589
2026-09-26T05:05Z,2026-09-26T07:00Z,1.92,Pokhara,1.0,4358
2026-09-26T05:05Z,2026-09-26T08:00Z,2.92,Pokhara,0.7,4387
2026-09-26T05:05Z,2026-09-26T09:00Z,3.92,Pokhara,0.7,4359
2026-09-26T05:05Z,2026-09-26T10:00Z,4.92,Pokhara,0.9,4268
2026-09-26T05:05Z,2026-09-26T11:00Z,5.92,Pokhara,1.0,4488
2026-09-26T05:05Z,2026-09-26T12:00Z,6.92,Pokhara,0.7,4770
2026-09-26T05:05Z,2026-09-26T13:00Z,7.92,Pokhara,1.2,4750
2026-09-26T05:05Z,2026-09-26T03:00Z,-2.08,Kathmandu,1.4,4822
2026-09-26T05:05Z,2026-09-26T04:00Z,-1.08,Kathmandu,1.3,4800
2026-09-26T05:05Z,2026-09-26T05:00Z,-0.08,Kathmandu,0.9,4773
2026-09-26T05:05Z,2026-09-26T06:00Z,0.92,Kathmandu,1.0,4874
2026-09-26T05:05Z,2026-09-26T07:00Z,1.92,Kathmandu,1.0,4732
2026-09-26T05:05Z,2026-09-26T08:00Z,2.92,Kathmandu,1.0,4628
2026-09-26T05:05Z,2026-09-26T09:00Z,3.92,Kathmandu,0.7,4730
2026-09-26T05:05Z,2026-09-26T10:00Z,4.92,Kathmandu,0.6,4851
2026-09-26T05:05Z,2026-09-26T11:00Z,5.92,Kathmandu,0.5,4934
2026-09-26T05:05Z,2026-09-26T12:00Z,6.92,Kathmandu,0.6,4920
2026-09-26T05:05Z,2026-09-26T13:00Z,7.92,Kathmandu,0.7,4952
2026-09-26T05:05Z,2026-09-26T03:00Z,-2.08,Namche Bazaar,0.6,4697
2026-09-26T05:05Z,2026-09-26T04:00Z,-1.08,Namche Bazaar,0.8,4750
2026-09-26T05:05Z,2026-09-26T05:00Z,-0.08,Namche Bazaar,0.6,4778
2026-09-26T05:05Z,2026-09-26T06:00Z,0.92,Namche Bazaar,1.1,4780
2026-09-26T05:05Z,2026-09-26T07:00Z,1.92,Namche Bazaar,0.4,4782
2026-09-26T05:05Z,2026-09-26T08:00Z,2.92,Namche Bazaar,0.4,4795
2026-09-26T05:05Z,2026-09-26T09:00Z,3.92,Namche Bazaar,0.4,4778
2026-09-26T05:05Z,2026-09-26T10:00Z,4.92,Namche Bazaar,0.3,4761
2026-09-26T05:05Z,2026-09-26T11:00Z,5.92,Namche Bazaar,0.4,4723
2026-09-26T05:05Z,2026-09-26T12:00Z,6.92,Namche Bazaar,0.5,4703
2026-09-26T05:05Z,2026-09-26T13:00Z,7.92,Namche Bazaar,0.4,4677
2026-09-26T05:05Z,2026-09-26T03:00Z,-2.08,Darjeeling,0.6,4626
2026-09-26T05:05Z,2026-09-26T04:00Z,-1.08,Darjeeling,0.3,4668
2026-09-26T05:05Z,2026-09-26T05:00Z,-0.08,Darjeeling,0.5,4665
2026-09-26T05:05Z,2026-09-26T06:00Z,0.92,Darjeeling,0.2,4660
2026-09-26T05:05Z,2026-09-26T07:00Z,1.92,Darjeeling,0.5,4721
2026-09-26T05:05Z,2026-09-26T08:00Z,2.92,Darjeeling,0.2,4731
2026-09-26T05:05Z,2026-09-26T09:00Z,3.92,Darjeeling,0.0,4778
2026-09-26T05:05Z,2026-09-26T10:00Z,4.92,Darjeeling,0.0,4788
2026-09-26T05:05Z,2026-09-26T11:00Z,5.92,Darjeeling,0.0,4782
2026-09-26T05:05Z,2026-09-26T12:00Z,6.92,Darjeeling,0.0,4755
2026-09-26T05:05Z,2026-09-26T13:00Z,7.92,Darjeeling,0.0,4761
2026-09-26T05:05Z,2026-09-26T03:00Z,-2.08,Gangtok,0.8,4479
2026-09-26T05:05Z,2026-09-26T04:00Z,-1.08,Gangtok,0.5,4531
2026-09-26T05:05Z,2026-09-26T05:00Z,-0.08,Gangtok,1.3,4527
2026-09-26T05:05Z,2026-09-26T06:00Z,0.92,Gangtok,0.4,4522
2026-09-26T05:05Z,2026-09-26T07:00Z,1.92,Gangtok,0.1,4561
2026-09-26T05:05Z,2026-09-26T08:00Z,2.92,Gangtok,0.1,4594
2026-09-26T05:05Z,2026-09-26T09:00Z,3.92,Gangtok,0.1,4633
2026-09-26T05:05Z,2026-09-26T10:00Z,4.92,Gangtok,0.0,4660
2026-09-26T05:05Z,2026-09-26T11:00Z,5.92,Gangtok,0.0,4669
2026-09-26T05:05Z,2026-09-26T12:00Z,6.92,Gangtok,0.0,4679
2026-09-26T05:05Z,2026-09-26T13:00Z,7.92,Gangtok,0.0,4693
2026-09-26T05:05Z,2026-09-26T03:00Z,-2.08,Thimphu,0.1,4571
2026-09-26T05:05Z,2026-09-26T04:00Z,-1.08,Thimphu,0.5,4620
2026-09-26T05:05Z,2026-09-26T05:00Z,-0.08,Thimphu,0.6,4618
2026-09-26T05:05Z,2026-09-26T06:00Z,0.92,Thimphu,0.7,4636
2026-09-26T05:05Z,2026-09-26T07:00Z,1.92,Thimphu,0.3,4674
2026-09-26T05:05Z,2026-09-26T08:00Z,2.92,Thimphu,0.2,4683
2026-09-26T05:05Z,2026-09-26T09:00Z,3.92,Thimphu,0.3,4717
2026-09-26T05:05Z,2026-09-26T10:00Z,4.92,Thimphu,0.1,4752
2026-09-26T05:05Z,2026-09-26T11:00Z,5.92,Thimphu,0.0,4753
2026-09-26T05:05Z,2026-09-26T12:00Z,6.92,Thimphu,0.0,4722
2026-09-26T05:05Z,2026-09-26T13:00Z,7.92,Thimphu,0.0,4717
2026-09-26T05:05Z,2026-09-26T03:00Z,-2.08,Tawang,0.0,4774
2026-09-26T05:05Z,2026-09-26T04:00Z,-1.08,Tawang,0.1,4778
2026-09-26T05:05Z,2026-09-26T05:00Z,-0.08,Tawang,0.2,4815
2026-09-26T05:05Z,2026-09-26T06:00Z,0.92,Tawang,0.3,4840
2026-09-26T05:05Z,2026-09-26T07:00Z,1.92,Tawang,0.5,4838
2026-09-26T05:05Z,2026-09-26T08:00Z,2.92,Tawang,0.4,4910
2026-09-26T05:05Z,2026-09-26T09:00Z,3.92,Tawang,0.5,4934
2026-09-26T05:05Z,2026-09-26T10:00Z,4.92,Tawang,0.3,4982
2026-09-26T05:05Z,2026-09-26T11:00Z,5.92,Tawang,0.1,5085
2026-09-26T05:05Z,2026-09-26T12:00Z,6.92,Tawang,0.0,5139
2026-09-26T05:05Z,2026-09-26T13:00Z,7.92,Tawang,0.0,5180
2026-09-26T05:05Z,2026-09-26T03:00Z,-2.08,Lhasa,0.0,4960
2026-09-26T05:05Z,2026-09-26T04:00Z,-1.08,Lhasa,0.0,5057
2026-09-26T05:05Z,2026-09-26T05:00Z,-0.08,Lhasa,0.0,5186
2026-09-26T05:05Z,2026-09-26T06:00Z,0.92,Lhasa,0.0,5278
2026-09-26T05:05Z,2026-09-26T07:00Z,1.92,Lhasa,0.1,5358
2026-09-26T05:05Z,2026-09-26T08:00Z,2.92,Lhasa,0.1,5410
2026-09-26T05:05Z,2026-09-26T09:00Z,3.92,Lhasa,0.1,5455
2026-09-26T05:05Z,2026-09-26T10:00Z,4.92,Lhasa,0.1,5503
2026-09-26T05:05Z,2026-09-26T11:00Z,5.92,Lhasa,0.0,5520
2026-09-26T05:05Z,2026-09-26T12:00Z,6.92,Lhasa,0.0,5490
2026-09-26T05:05Z,2026-09-26T13:00Z,7.92,Lhasa,0.1,5463
2026-09-26T05:05Z,2026-09-26T03:00Z,-2.08,Shigatse,0.0,4968
2026-09-26T05:05Z,2026-09-26T04:00Z,-1.08,Shigatse,0.0,5017
2026-09-26T05:05Z,2026-09-26T05:00Z,-0.08,Shigatse,0.0,5084
2026-09-26T05:05Z,2026-09-26T06:00Z,0.92,Shigatse,0.0,5165
2026-09-26T05:05Z,2026-09-26T07:00Z,1.92,Shigatse,0.0,5243
2026-09-26T05:05Z,2026-09-26T08:00Z,2.92,Shigatse,0.1,5324
2026-09-26T05:05Z,2026-09-26T09:00Z,3.92,Shigatse,0.1,5393
2026-09-26T05:05Z,2026-09-26T10:00Z,4.92,Shigatse,0.0,5435
2026-09-26T05:05Z,2026-09-26T11:00Z,5.92,Shigatse,0.0,5447
2026-09-26T05:05Z,2026-09-26T12:00Z,6.92,Shigatse,0.0,5424
2026-09-26T05:05Z,2026-09-26T13:00Z,7.92,Shigatse,0.0,5343
2026-09-26T05:05Z,2026-09-26T03:00Z,-2.08,Itanagar,0.0,5019
2026-09-26T05:05Z,2026-09-26T04:00Z,-1.08,Itanagar,0.0,5046
2026-09-26T05:05Z,2026-09-26T05:00Z,-0.08,Itanagar,0.0,5046
2026-09-26T05:05Z,2026-09-26T06:00Z,0.92,Itanagar,0.0,5039
2026-09-26T05:05Z,2026-09-26T07:00Z,1.92,Itanagar,0.1,5070
2026-09-26T05:05Z,2026-09-26T08:00Z,2.92,Itanagar,0.2,5122
2026-09-26T05:05Z,2026-09-26T09:00Z,3.92,Itanagar,0.3,5150
2026-09-26T05:05Z,2026-09-26T10:00Z,4.92,Itanagar,0.2,5187
2026-09-26T05:05Z,2026-09-26T11:00Z,5.92,Itanagar,0.0,5251
2026-09-26T05:05Z,2026-09-26T12:00Z,6.92,Itanagar,0.0,5272
2026-09-26T05:05Z,2026-09-26T13:00Z,7.92,Itanagar,0.0,5280
2026-09-26T13:08Z,2026-09-26T11:00Z,-2.13,Gilgit,0.1,4334
2026-09-26T13:08Z,2026-09-26T12:00Z,-1.13,Gilgit,0.0,4337
2026-09-26T13:08Z,2026-09-26T13:00Z,-0.13,Gilgit,0.0,4310
2026-09-26T13:08Z,2026-09-26T14:00Z,0.87,Gilgit,0.0,4299
2026-09-26T13:08Z,2026-09-26T15:00Z,1.87,Gilgit,0.0,4296
2026-09-26T13:08Z,2026-09-26T16:00Z,2.87,Gilgit,0.0,4294
2026-09-26T13:08Z,2026-09-26T17:00Z,3.87,Gilgit,0.0,4269
2026-09-26T13:08Z,2026-09-26T18:00Z,4.87,Gilgit,0.0,4242
2026-09-26T13:08Z,2026-09-26T19:00Z,5.87,Gilgit,0.0,4213
2026-09-26T13:08Z,2026-09-26T20:00Z,6.87,Gilgit,0.0,4188
2026-09-26T13:08Z,2026-09-26T21:00Z,7.87,Gilgit,0.0,4155
2026-09-26T13:08Z,2026-09-26T11:00Z,-2.13,Skardu,0.0,4358
2026-09-26T13:08Z,2026-09-26T12:00Z,-1.13,Skardu,0.1,4506
2026-09-26T13:08Z,2026-09-26T13:00Z,-0.13,Skardu,0.1,4457
2026-09-26T13:08Z,2026-09-26T14:00Z,0.87,Skardu,0.0,4416
2026-09-26T13:08Z,2026-09-26T15:00Z,1.87,Skardu,0.0,4388
2026-09-26T13:08Z,2026-09-26T16:00Z,2.87,Skardu,0.0,4359
2026-09-26T13:08Z,2026-09-26T17:00Z,3.87,Skardu,0.0,4338
2026-09-26T13:08Z,2026-09-26T18:00Z,4.87,Skardu,0.0,4312
2026-09-26T13:08Z,2026-09-26T19:00Z,5.87,Skardu,0.0,4211
2026-09-26T13:08Z,2026-09-26T20:00Z,6.87,Skardu,0.0,4182
2026-09-26T13:08Z,2026-09-26T21:00Z,7.87,Skardu,0.0,4158
2026-09-26T13:08Z,2026-09-26T11:00Z,-2.13,Srinagar,0.0,4266
2026-09-26T13:08Z,2026-09-26T12:00Z,-1.13,Srinagar,0.0,4301
2026-09-26T13:08Z,2026-09-26T13:00Z,-0.13,Srinagar,0.0,4311
2026-09-26T13:08Z,2026-09-26T14:00Z,0.87,Srinagar,0.0,4306
2026-09-26T13:08Z,2026-09-26T15:00Z,1.87,Srinagar,0.0,4300
2026-09-26T13:08Z,2026-09-26T16:00Z,2.87,Srinagar,0.0,4278
2026-09-26T13:08Z,2026-09-26T17:00Z,3.87,Srinagar,0.0,4250
2026-09-26T13:08Z,2026-09-26T18:00Z,4.87,Srinagar,0.0,4226
2026-09-26T13:08Z,2026-09-26T19:00Z,5.87,Srinagar,0.0,4211
2026-09-26T13:08Z,2026-09-26T20:00Z,6.87,Srinagar,0.0,4251
2026-09-26T13:08Z,2026-09-26T21:00Z,7.87,Srinagar,0.0,4288
2026-09-26T13:08Z,2026-09-26T11:00Z,-2.13,Leh,0.0,4806
2026-09-26T13:08Z,2026-09-26T12:00Z,-1.13,Leh,0.0,4810
2026-09-26T13:08Z,2026-09-26T13:00Z,-0.13,Leh,0.0,4786
2026-09-26T13:08Z,2026-09-26T14:00Z,0.87,Leh,0.0,4722
2026-09-26T13:08Z,2026-09-26T15:00Z,1.87,Leh,0.0,4663
2026-09-26T13:08Z,2026-09-26T16:00Z,2.87,Leh,0.0,4604
2026-09-26T13:08Z,2026-09-26T17:00Z,3.87,Leh,0.0,4559
2026-09-26T13:08Z,2026-09-26T18:00Z,4.87,Leh,0.0,4524
2026-09-26T13:08Z,2026-09-26T19:00Z,5.87,Leh,0.0,4500
2026-09-26T13:08Z,2026-09-26T20:00Z,6.87,Leh,0.0,4444
2026-09-26T13:08Z,2026-09-26T21:00Z,7.87,Leh,0.0,4399
2026-09-26T13:08Z,2026-09-26T11:00Z,-2.13,Jammu,0.0,4377
2026-09-26T13:08Z,2026-09-26T12:00Z,-1.13,Jammu,0.0,4384
2026-09-26T13:08Z,2026-09-26T13:00Z,-0.13,Jammu,0.0,4367
2026-09-26T13:08Z,2026-09-26T14:00Z,0.87,Jammu,0.0,4341
2026-09-26T13:08Z,2026-09-26T15:00Z,1.87,Jammu,0.0,4320
2026-09-26T13:08Z,2026-09-26T16:00Z,2.87,Jammu,0.0,4302
2026-09-26T13:08Z,2026-09-26T17:00Z,3.87,Jammu,0.0,4316
2026-09-26T13:08Z,2026-09-26T18:00Z,4.87,Jammu,0.0,4343
2026-09-26T13:08Z,2026-09-26T19:00Z,5.87,Jammu,0.0,4389
2026-09-26T13:08Z,2026-09-26T20:00Z,6.87,Jammu,0.0,4471
2026-09-26T13:08Z,2026-09-26T21:00Z,7.87,Jammu,0.0,4546
2026-09-26T13:08Z,2026-09-26T11:00Z,-2.13,Dharamshala,0.1,4525
2026-09-26T13:08Z,2026-09-26T12:00Z,-1.13,Dharamshala,0.0,4526
2026-09-26T13:08Z,2026-09-26T13:00Z,-0.13,Dharamshala,0.0,4489
2026-09-26T13:08Z,2026-09-26T14:00Z,0.87,Dharamshala,0.0,4459
2026-09-26T13:08Z,2026-09-26T15:00Z,1.87,Dharamshala,0.0,4443
2026-09-26T13:08Z,2026-09-26T16:00Z,2.87,Dharamshala,0.0,4464
2026-09-26T13:08Z,2026-09-26T17:00Z,3.87,Dharamshala,0.0,4473
2026-09-26T13:08Z,2026-09-26T18:00Z,4.87,Dharamshala,0.0,4450
2026-09-26T13:08Z,2026-09-26T19:00Z,5.87,Dharamshala,0.0,4489
2026-09-26T13:08Z,2026-09-26T20:00Z,6.87,Dharamshala,0.0,4549
2026-09-26T13:08Z,2026-09-26T21:00Z,7.87,Dharamshala,0.0,4555
2026-09-26T13:08Z,2026-09-26T11:00Z,-2.13,Manali,0.0,4520
2026-09-26T13:08Z,2026-09-26T12:00Z,-1.13,Manali,0.0,4544
2026-09-26T13:08Z,2026-09-26T13:00Z,-0.13,Manali,0.0,4512
2026-09-26T13:08Z,2026-09-26T14:00Z,0.87,Manali,0.0,4469
2026-09-26T13:08Z,2026-09-26T15:00Z,1.87,Manali,0.0,4463
2026-09-26T13:08Z,2026-09-26T16:00Z,2.87,Manali,0.0,4466
2026-09-26T13:08Z,2026-09-26T17:00Z,3.87,Manali,0.0,4483
2026-09-26T13:08Z,2026-09-26T18:00Z,4.87,Manali,0.2,4489
2026-09-26T13:08Z,2026-09-26T19:00Z,5.87,Manali,0.4,4545
2026-09-26T13:08Z,2026-09-26T20:00Z,6.87,Manali,0.2,4403
2026-09-26T13:08Z,2026-09-26T21:00Z,7.87,Manali,0.2,4470
2026-09-26T13:08Z,2026-09-26T11:00Z,-2.13,Kaza,1.2,4836
2026-09-26T13:08Z,2026-09-26T12:00Z,-1.13,Kaza,1.0,4834
2026-09-26T13:08Z,2026-09-26T13:00Z,-0.13,Kaza,0.9,4814
2026-09-26T13:08Z,2026-09-26T14:00Z,0.87,Kaza,0.4,4760
2026-09-26T13:08Z,2026-09-26T15:00Z,1.87,Kaza,0.7,4714
2026-09-26T13:08Z,2026-09-26T16:00Z,2.87,Kaza,0.7,4674
2026-09-26T13:08Z,2026-09-26T17:00Z,3.87,Kaza,0.9,4647
2026-09-26T13:08Z,2026-09-26T18:00Z,4.87,Kaza,1.3,4620
2026-09-26T13:08Z,2026-09-26T19:00Z,5.87,Kaza,1.4,4575
2026-09-26T13:08Z,2026-09-26T20:00Z,6.87,Kaza,1.6,4541
2026-09-26T13:08Z,2026-09-26T21:00Z,7.87,Kaza,3.0,4521
2026-09-26T13:08Z,2026-09-26T11:00Z,-2.13,Shimla,0.3,4532
2026-09-26T13:08Z,2026-09-26T12:00Z,-1.13,Shimla,0.0,4472
2026-09-26T13:08Z,2026-09-26T13:00Z,-0.13,Shimla,0.0,4465
2026-09-26T13:08Z,2026-09-26T14:00Z,0.87,Shimla,0.3,4480
2026-09-26T13:08Z,2026-09-26T15:00Z,1.87,Shimla,0.4,4576
2026-09-26T13:08Z,2026-09-26T16:00Z,2.87,Shimla,0.4,4673
2026-09-26T13:08Z,2026-09-26T17:00Z,3.87,Shimla,1.1,4676
2026-09-26T13:08Z,2026-09-26T18:00Z,4.87,Shimla,0.8,4660
2026-09-26T13:08Z,2026-09-26T19:00Z,5.87,Shimla,0.9,4576
2026-09-26T13:08Z,2026-09-26T20:00Z,6.87,Shimla,2.2,4579
2026-09-26T13:08Z,2026-09-26T21:00Z,7.87,Shimla,3.4,4717
2026-09-26T13:08Z,2026-09-26T11:00Z,-2.13,Dehradun,3.4,4644
2026-09-26T13:08Z,2026-09-26T12:00Z,-1.13,Dehradun,2.8,4594
2026-09-26T13:08Z,2026-09-26T13:00Z,-0.13,Dehradun,2.2,4518
2026-09-26T13:08Z,2026-09-26T14:00Z,0.87,Dehradun,2.6,4471
2026-09-26T13:08Z,2026-09-26T15:00Z,1.87,Dehradun,3.6,4489
2026-09-26T13:08Z,2026-09-26T16:00Z,2.87,Dehradun,2.5,4602
2026-09-26T13:08Z,2026-09-26T17:00Z,3.87,Dehradun,2.5,4633
2026-09-26T13:08Z,2026-09-26T18:00Z,4.87,Dehradun,5.9,4663
2026-09-26T13:08Z,2026-09-26T19:00Z,5.87,Dehradun,3.5,4694
2026-09-26T13:08Z,2026-09-26T20:00Z,6.87,Dehradun,2.8,4693
2026-09-26T13:08Z,2026-09-26T21:00Z,7.87,Dehradun,2.6,4677
2026-09-26T13:08Z,2026-09-26T11:00Z,-2.13,Uttarkashi,3.8,4452
2026-09-26T13:08Z,2026-09-26T12:00Z,-1.13,Uttarkashi,2.9,4409
2026-09-26T13:08Z,2026-09-26T13:00Z,-0.13,Uttarkashi,2.6,4432
2026-09-26T13:08Z,2026-09-26T14:00Z,0.87,Uttarkashi,3.6,4446
2026-09-26T13:08Z,2026-09-26T15:00Z,1.87,Uttarkashi,2.7,4505
2026-09-26T13:08Z,2026-09-26T16:00Z,2.87,Uttarkashi,3.0,4564
2026-09-26T13:08Z,2026-09-26T17:00Z,3.87,Uttarkashi,3.3,4598
2026-09-26T13:08Z,2026-09-26T18:00Z,4.87,Uttarkashi,4.2,4622
2026-09-26T13:08Z,2026-09-26T19:00Z,5.87,Uttarkashi,3.6,4610
2026-09-26T13:08Z,2026-09-26T20:00Z,6.87,Uttarkashi,3.7,4598
2026-09-26T13:08Z,2026-09-26T21:00Z,7.87,Uttarkashi,3.7,4582
2026-09-26T13:08Z,2026-09-26T11:00Z,-2.13,Joshimath,4.1,4458
2026-09-26T13:08Z,2026-09-26T12:00Z,-1.13,Joshimath,4.3,4580
2026-09-26T13:08Z,2026-09-26T13:00Z,-0.13,Joshimath,2.8,4558
2026-09-26T13:08Z,2026-09-26T14:00Z,0.87,Joshimath,2.5,4574
2026-09-26T13:08Z,2026-09-26T15:00Z,1.87,Joshimath,3.1,4481
2026-09-26T13:08Z,2026-09-26T16:00Z,2.87,Joshimath,3.0,4532
2026-09-26T13:08Z,2026-09-26T17:00Z,3.87,Joshimath,3.5,4541
2026-09-26T13:08Z,2026-09-26T18:00Z,4.87,Joshimath,5.3,4660
2026-09-26T13:08Z,2026-09-26T19:00Z,5.87,Joshimath,3.2,4643
2026-09-26T13:08Z,2026-09-26T20:00Z,6.87,Joshimath,2.8,4499
2026-09-26T13:08Z,2026-09-26T21:00Z,7.87,Joshimath,1.7,4499
2026-09-26T13:08Z,2026-09-26T11:00Z,-2.13,Bhimtal,4.4,4979
2026-09-26T13:08Z,2026-09-26T12:00Z,-1.13,Bhimtal,3.5,4966
2026-09-26T13:08Z,2026-09-26T13:00Z,-0.13,Bhimtal,3.8,5075
2026-09-26T13:08Z,2026-09-26T14:00Z,0.87,Bhimtal,4.8,5093
2026-09-26T13:08Z,2026-09-26T15:00Z,1.87,Bhimtal,4.1,5111
2026-09-26T13:08Z,2026-09-26T16:00Z,2.87,Bhimtal,3.2,5136
2026-09-26T13:08Z,2026-09-26T17:00Z,3.87,Bhimtal,5.2,5137
2026-09-26T13:08Z,2026-09-26T18:00Z,4.87,Bhimtal,5.5,5120
2026-09-26T13:08Z,2026-09-26T19:00Z,5.87,Bhimtal,5.8,5101
2026-09-26T13:08Z,2026-09-26T20:00Z,6.87,Bhimtal,7.0,5090
2026-09-26T13:08Z,2026-09-26T21:00Z,7.87,Bhimtal,6.3,5069
2026-09-26T13:08Z,2026-09-26T11:00Z,-2.13,Pithoragarh,2.5,4930
2026-09-26T13:08Z,2026-09-26T12:00Z,-1.13,Pithoragarh,1.9,4935
2026-09-26T13:08Z,2026-09-26T13:00Z,-0.13,Pithoragarh,1.1,5019
2026-09-26T13:08Z,2026-09-26T14:00Z,0.87,Pithoragarh,1.1,5023
2026-09-26T13:08Z,2026-09-26T15:00Z,1.87,Pithoragarh,2.2,5032
2026-09-26T13:08Z,2026-09-26T16:00Z,2.87,Pithoragarh,4.2,5135
2026-09-26T13:08Z,2026-09-26T17:00Z,3.87,Pithoragarh,2.3,5115
2026-09-26T13:08Z,2026-09-26T18:00Z,4.87,Pithoragarh,4.2,5090
2026-09-26T13:08Z,2026-09-26T19:00Z,5.87,Pithoragarh,5.1,5043
2026-09-26T13:08Z,2026-09-26T20:00Z,6.87,Pithoragarh,4.5,5036
2026-09-26T13:08Z,2026-09-26T21:00Z,7.87,Pithoragarh,3.9,5070
2026-09-26T13:08Z,2026-09-26T11:00Z,-2.13,Jumla,1.5,4709
2026-09-26T13:08Z,2026-09-26T12:00Z,-1.13,Jumla,1.3,4738
2026-09-26T13:08Z,2026-09-26T13:00Z,-0.13,Jumla,1.3,4768
2026-09-26T13:08Z,2026-09-26T14:00Z,0.87,Jumla,1.3,4749
2026-09-26T13:08Z,2026-09-26T15:00Z,1.87,Jumla,1.7,4760
2026-09-26T13:08Z,2026-09-26T16:00Z,2.87,Jumla,2.1,4702
2026-09-26T13:08Z,2026-09-26T17:00Z,3.87,Jumla,1.8,4726
2026-09-26T13:08Z,2026-09-26T18:00Z,4.87,Jumla,2.1,4656
2026-09-26T13:08Z,2026-09-26T19:00Z,5.87,Jumla,2.2,4623
2026-09-26T13:08Z,2026-09-26T20:00Z,6.87,Jumla,1.9,4497
2026-09-26T13:08Z,2026-09-26T21:00Z,7.87,Jumla,2.5,4522
2026-09-26T13:08Z,2026-09-26T11:00Z,-2.13,Jomsom,2.4,4543
2026-09-26T13:08Z,2026-09-26T12:00Z,-1.13,Jomsom,2.4,4591
2026-09-26T13:08Z,2026-09-26T13:00Z,-0.13,Jomsom,2.1,4607
2026-09-26T13:08Z,2026-09-26T14:00Z,0.87,Jomsom,2.4,4599
2026-09-26T13:08Z,2026-09-26T15:00Z,1.87,Jomsom,2.6,4588
2026-09-26T13:08Z,2026-09-26T16:00Z,2.87,Jomsom,3.3,4588
2026-09-26T13:08Z,2026-09-26T17:00Z,3.87,Jomsom,3.2,4575
2026-09-26T13:08Z,2026-09-26T18:00Z,4.87,Jomsom,2.7,4556
2026-09-26T13:08Z,2026-09-26T19:00Z,5.87,Jomsom,3.5,4571
2026-09-26T13:08Z,2026-09-26T20:00Z,6.87,Jomsom,4.5,4570
2026-09-26T13:08Z,2026-09-26T21:00Z,7.87,Jomsom,4.6,4580
2026-09-26T13:08Z,2026-09-26T11:00Z,-2.13,Pokhara,2.8,4622
2026-09-26T13:08Z,2026-09-26T12:00Z,-1.13,Pokhara,2.0,4863
2026-09-26T13:08Z,2026-09-26T13:00Z,-0.13,Pokhara,3.2,4914
2026-09-26T13:08Z,2026-09-26T14:00Z,0.87,Pokhara,3.4,4759
2026-09-26T13:08Z,2026-09-26T15:00Z,1.87,Pokhara,4.2,4747
2026-09-26T13:08Z,2026-09-26T16:00Z,2.87,Pokhara,5.3,4721
2026-09-26T13:08Z,2026-09-26T17:00Z,3.87,Pokhara,4.4,4745
2026-09-26T13:08Z,2026-09-26T18:00Z,4.87,Pokhara,4.1,4678
2026-09-26T13:08Z,2026-09-26T19:00Z,5.87,Pokhara,6.6,4716
2026-09-26T13:08Z,2026-09-26T20:00Z,6.87,Pokhara,6.1,4635
2026-09-26T13:08Z,2026-09-26T21:00Z,7.87,Pokhara,6.7,4688
2026-09-26T13:08Z,2026-09-26T11:00Z,-2.13,Kathmandu,1.4,4934
2026-09-26T13:08Z,2026-09-26T12:00Z,-1.13,Kathmandu,1.5,5000
2026-09-26T13:08Z,2026-09-26T13:00Z,-0.13,Kathmandu,1.6,4953
2026-09-26T13:08Z,2026-09-26T14:00Z,0.87,Kathmandu,2.0,4883
2026-09-26T13:08Z,2026-09-26T15:00Z,1.87,Kathmandu,1.7,4876
2026-09-26T13:08Z,2026-09-26T16:00Z,2.87,Kathmandu,1.5,4907
2026-09-26T13:08Z,2026-09-26T17:00Z,3.87,Kathmandu,3.6,4841
2026-09-26T13:08Z,2026-09-26T18:00Z,4.87,Kathmandu,3.9,4807
2026-09-26T13:08Z,2026-09-26T19:00Z,5.87,Kathmandu,3.5,4836
2026-09-26T13:08Z,2026-09-26T20:00Z,6.87,Kathmandu,3.6,4768
2026-09-26T13:08Z,2026-09-26T21:00Z,7.87,Kathmandu,3.6,4726
2026-09-26T13:08Z,2026-09-26T11:00Z,-2.13,Namche Bazaar,0.4,4678
2026-09-26T13:08Z,2026-09-26T12:00Z,-1.13,Namche Bazaar,0.6,4644
2026-09-26T13:08Z,2026-09-26T13:00Z,-0.13,Namche Bazaar,0.6,4640
2026-09-26T13:08Z,2026-09-26T14:00Z,0.87,Namche Bazaar,0.6,4628
2026-09-26T13:08Z,2026-09-26T15:00Z,1.87,Namche Bazaar,0.6,4607
2026-09-26T13:08Z,2026-09-26T16:00Z,2.87,Namche Bazaar,0.6,4614
2026-09-26T13:08Z,2026-09-26T17:00Z,3.87,Namche Bazaar,0.5,4626
2026-09-26T13:08Z,2026-09-26T18:00Z,4.87,Namche Bazaar,0.6,4652
2026-09-26T13:08Z,2026-09-26T19:00Z,5.87,Namche Bazaar,0.6,4630
2026-09-26T13:08Z,2026-09-26T20:00Z,6.87,Namche Bazaar,0.6,4585
2026-09-26T13:08Z,2026-09-26T21:00Z,7.87,Namche Bazaar,0.6,4585
2026-09-26T13:08Z,2026-09-26T11:00Z,-2.13,Darjeeling,0.0,4725
2026-09-26T13:08Z,2026-09-26T12:00Z,-1.13,Darjeeling,0.1,4722
2026-09-26T13:08Z,2026-09-26T13:00Z,-0.13,Darjeeling,0.0,4719
2026-09-26T13:08Z,2026-09-26T14:00Z,0.87,Darjeeling,0.0,4727
2026-09-26T13:08Z,2026-09-26T15:00Z,1.87,Darjeeling,0.0,4716
2026-09-26T13:08Z,2026-09-26T16:00Z,2.87,Darjeeling,0.0,4705
2026-09-26T13:08Z,2026-09-26T17:00Z,3.87,Darjeeling,0.0,4679
2026-09-26T13:08Z,2026-09-26T18:00Z,4.87,Darjeeling,0.2,4663
2026-09-26T13:08Z,2026-09-26T19:00Z,5.87,Darjeeling,0.2,4641
2026-09-26T13:08Z,2026-09-26T20:00Z,6.87,Darjeeling,0.0,4653
2026-09-26T13:08Z,2026-09-26T21:00Z,7.87,Darjeeling,0.0,4640
2026-09-26T13:08Z,2026-09-26T11:00Z,-2.13,Gangtok,0.0,4667
2026-09-26T13:08Z,2026-09-26T12:00Z,-1.13,Gangtok,0.1,4678
2026-09-26T13:08Z,2026-09-26T13:00Z,-0.13,Gangtok,0.0,4693
2026-09-26T13:08Z,2026-09-26T14:00Z,0.87,Gangtok,0.0,4698
2026-09-26T13:08Z,2026-09-26T15:00Z,1.87,Gangtok,0.0,4685
2026-09-26T13:08Z,2026-09-26T16:00Z,2.87,Gangtok,0.0,4688
2026-09-26T13:08Z,2026-09-26T17:00Z,3.87,Gangtok,0.0,4666
2026-09-26T13:08Z,2026-09-26T18:00Z,4.87,Gangtok,0.3,4650
2026-09-26T13:08Z,2026-09-26T19:00Z,5.87,Gangtok,0.2,4631
2026-09-26T13:08Z,2026-09-26T20:00Z,6.87,Gangtok,0.1,4628
2026-09-26T13:08Z,2026-09-26T21:00Z,7.87,Gangtok,0.0,4639
2026-09-26T13:08Z,2026-09-26T11:00Z,-2.13,Thimphu,0.0,4750
2026-09-26T13:08Z,2026-09-26T12:00Z,-1.13,Thimphu,0.0,4740
2026-09-26T13:08Z,2026-09-26T13:00Z,-0.13,Thimphu,0.0,4727
2026-09-26T13:08Z,2026-09-26T14:00Z,0.87,Thimphu,0.0,4727
2026-09-26T13:08Z,2026-09-26T15:00Z,1.87,Thimphu,0.0,4746
2026-09-26T13:08Z,2026-09-26T16:00Z,2.87,Thimphu,0.0,4741
2026-09-26T13:08Z,2026-09-26T17:00Z,3.87,Thimphu,0.0,4706
2026-09-26T13:08Z,2026-09-26T18:00Z,4.87,Thimphu,0.0,4676
2026-09-26T13:08Z,2026-09-26T19:00Z,5.87,Thimphu,0.0,4646
2026-09-26T13:08Z,2026-09-26T20:00Z,6.87,Thimphu,0.0,4641
2026-09-26T13:08Z,2026-09-26T21:00Z,7.87,Thimphu,0.0,4655
2026-09-26T13:08Z,2026-09-26T11:00Z,-2.13,Tawang,0.1,5069
2026-09-26T13:08Z,2026-09-26T12:00Z,-1.13,Tawang,0.1,5105
2026-09-26T13:08Z,2026-09-26T13:00Z,-0.13,Tawang,0.0,5112
2026-09-26T13:08Z,2026-09-26T14:00Z,0.87,Tawang,0.0,5114
2026-09-26T13:08Z,2026-09-26T15:00Z,1.87,Tawang,0.0,5096
2026-09-26T13:08Z,2026-09-26T16:00Z,2.87,Tawang,0.0,5052
2026-09-26T13:08Z,2026-09-26T17:00Z,3.87,Tawang,0.0,5017
2026-09-26T13:08Z,2026-09-26T18:00Z,4.87,Tawang,0.0,4959
2026-09-26T13:08Z,2026-09-26T19:00Z,5.87,Tawang,0.0,4902
2026-09-26T13:08Z,2026-09-26T20:00Z,6.87,Tawang,0.0,4876
2026-09-26T13:08Z,2026-09-26T21:00Z,7.87,Tawang,0.0,4874
2026-09-26T13:08Z,2026-09-26T11:00Z,-2.13,Lhasa,0.0,5521
2026-09-26T13:08Z,2026-09-26T12:00Z,-1.13,Lhasa,0.0,5495
2026-09-26T13:08Z,2026-09-26T13:00Z,-0.13,Lhasa,0.0,5461
2026-09-26T13:08Z,2026-09-26T14:00Z,0.87,Lhasa,0.0,5432
2026-09-26T13:08Z,2026-09-26T15:00Z,1.87,Lhasa,0.0,5406
2026-09-26T13:08Z,2026-09-26T16:00Z,2.87,Lhasa,0.0,5364
2026-09-26T13:08Z,2026-09-26T17:00Z,3.87,Lhasa,0.0,5326
2026-09-26T13:08Z,2026-09-26T18:00Z,4.87,Lhasa,0.0,5288
2026-09-26T13:08Z,2026-09-26T19:00Z,5.87,Lhasa,0.0,5237
2026-09-26T13:08Z,2026-09-26T20:00Z,6.87,Lhasa,0.0,5198
2026-09-26T13:08Z,2026-09-26T21:00Z,7.87,Lhasa,0.0,5153
2026-09-26T13:08Z,2026-09-26T11:00Z,-2.13,Shigatse,0.0,5440
2026-09-26T13:08Z,2026-09-26T12:00Z,-1.13,Shigatse,0.0,5405
2026-09-26T13:08Z,2026-09-26T13:00Z,-0.13,Shigatse,0.0,5259
2026-09-26T13:08Z,2026-09-26T14:00Z,0.87,Shigatse,0.0,5165
2026-09-26T13:08Z,2026-09-26T15:00Z,1.87,Shigatse,0.0,5106
2026-09-26T13:08Z,2026-09-26T16:00Z,2.87,Shigatse,0.0,5045
2026-09-26T13:08Z,2026-09-26T17:00Z,3.87,Shigatse,0.0,4995
2026-09-26T13:08Z,2026-09-26T18:00Z,4.87,Shigatse,0.0,4957
2026-09-26T13:08Z,2026-09-26T19:00Z,5.87,Shigatse,0.0,4917
2026-09-26T13:08Z,2026-09-26T20:00Z,6.87,Shigatse,0.0,4882
2026-09-26T13:08Z,2026-09-26T21:00Z,7.87,Shigatse,0.0,4859
2026-09-26T13:08Z,2026-09-26T11:00Z,-2.13,Itanagar,0.1,5272
2026-09-26T13:08Z,2026-09-26T12:00Z,-1.13,Itanagar,0.0,5296
2026-09-26T13:08Z,2026-09-26T13:00Z,-0.13,Itanagar,0.0,5305
2026-09-26T13:08Z,2026-09-26T14:00Z,0.87,Itanagar,0.0,5303
2026-09-26T13:08Z,2026-09-26T15:00Z,1.87,Itanagar,0.0,5274
2026-09-26T13:08Z,2026-09-26T16:00Z,2.87,Itanagar,0.0,5219
2026-09-26T13:08Z,2026-09-26T17:00Z,3.87,Itanagar,0.0,5177
2026-09-26T13:08Z,2026-09-26T18:00Z,4.87,Itanagar,0.0,5128
2026-09-26T13:08Z,2026-09-26T19:00Z,5.87,Itanagar,0.1,5078
2026-09-26T13:08Z,2026-09-26T20:00Z,6.87,Itanagar,0.1,5058
2026-09-26T13:08Z,2026-09-26T21:00Z,7.87,Itanagar,0.1,5082
2026-09-26T16:28Z,2026-09-26T14:00Z,-2.47,Gilgit,0.0,4261
2026-09-26T16:28Z,2026-09-26T15:00Z,-1.47,Gilgit,0.0,4255
2026-09-26T16:28Z,2026-09-26T16:00Z,-0.47,Gilgit,0.0,4243
2026-09-26T16:28Z,2026-09-26T17:00Z,0.53,Gilgit,0.0,4223
2026-09-26T16:28Z,2026-09-26T18:00Z,1.53,Gilgit,0.0,4202
2026-09-26T16:28Z,2026-09-26T19:00Z,2.53,Gilgit,0.0,4176
2026-09-26T16:28Z,2026-09-26T20:00Z,3.53,Gilgit,0.0,4151
2026-09-26T16:28Z,2026-09-26T21:00Z,4.53,Gilgit,0.0,4126
2026-09-26T16:28Z,2026-09-26T22:00Z,5.53,Gilgit,0.0,4090
2026-09-26T16:28Z,2026-09-26T23:00Z,6.53,Gilgit,0.0,4060
2026-09-26T16:28Z,2026-09-27T00:00Z,7.53,Gilgit,0.0,4023
2026-09-26T16:28Z,2026-09-26T14:00Z,-2.47,Skardu,0.0,4391
2026-09-26T16:28Z,2026-09-26T15:00Z,-1.47,Skardu,0.0,4363
2026-09-26T16:28Z,2026-09-26T16:00Z,-0.47,Skardu,0.0,4345
2026-09-26T16:28Z,2026-09-26T17:00Z,0.53,Skardu,0.0,4314
2026-09-26T16:28Z,2026-09-26T18:00Z,1.53,Skardu,0.0,4225
2026-09-26T16:28Z,2026-09-26T19:00Z,2.53,Skardu,0.0,4195
2026-09-26T16:28Z,2026-09-26T20:00Z,3.53,Skardu,0.0,4170
2026-09-26T16:28Z,2026-09-26T21:00Z,4.53,Skardu,0.0,4143
2026-09-26T16:28Z,2026-09-26T22:00Z,5.53,Skardu,0.0,4111
2026-09-26T16:28Z,2026-09-26T23:00Z,6.53,Skardu,0.0,4093
2026-09-26T16:28Z,2026-09-27T00:00Z,7.53,Skardu,0.0,4071
2026-09-26T16:28Z,2026-09-26T14:00Z,-2.47,Srinagar,0.0,4298
2026-09-26T16:28Z,2026-09-26T15:00Z,-1.47,Srinagar,0.0,4273
2026-09-26T16:28Z,2026-09-26T16:00Z,-0.47,Srinagar,0.0,4252
2026-09-26T16:28Z,2026-09-26T17:00Z,0.53,Srinagar,0.0,4249
2026-09-26T16:28Z,2026-09-26T18:00Z,1.53,Srinagar,0.0,4233
2026-09-26T16:28Z,2026-09-26T19:00Z,2.53,Srinagar,0.0,4192
2026-09-26T16:28Z,2026-09-26T20:00Z,3.53,Srinagar,0.0,4208
2026-09-26T16:28Z,2026-09-26T21:00Z,4.53,Srinagar,0.0,4237
2026-09-26T16:28Z,2026-09-26T22:00Z,5.53,Srinagar,0.0,4269
2026-09-26T16:28Z,2026-09-26T23:00Z,6.53,Srinagar,0.0,4278
2026-09-26T16:28Z,2026-09-27T00:00Z,7.53,Srinagar,0.0,4281
2026-09-26T16:28Z,2026-09-26T14:00Z,-2.47,Leh,0.0,4716
2026-09-26T16:28Z,2026-09-26T15:00Z,-1.47,Leh,0.0,4651
2026-09-26T16:28Z,2026-09-26T16:00Z,-0.47,Leh,0.0,4588
2026-09-26T16:28Z,2026-09-26T17:00Z,0.53,Leh,0.0,4548
2026-09-26T16:28Z,2026-09-26T18:00Z,1.53,Leh,0.0,4531
2026-09-26T16:28Z,2026-09-26T19:00Z,2.53,Leh,0.0,4480
2026-09-26T16:28Z,2026-09-26T20:00Z,3.53,Leh,0.0,4437
2026-09-26T16:28Z,2026-09-26T21:00Z,4.53,Leh,0.0,4403
2026-09-26T16:28Z,2026-09-26T22:00Z,5.53,Leh,0.0,4349
2026-09-26T16:28Z,2026-09-26T23:00Z,6.53,Leh,0.0,4318
2026-09-26T16:28Z,2026-09-27T00:00Z,7.53,Leh,0.0,4256
2026-09-26T16:28Z,2026-09-26T14:00Z,-2.47,Jammu,0.0,4331
2026-09-26T16:28Z,2026-09-26T15:00Z,-1.47,Jammu,0.0,4297
2026-09-26T16:28Z,2026-09-26T16:00Z,-0.47,Jammu,0.0,4264
2026-09-26T16:28Z,2026-09-26T17:00Z,0.53,Jammu,0.0,4252
2026-09-26T16:28Z,2026-09-26T18:00Z,1.53,Jammu,0.0,4254
2026-09-26T16:28Z,2026-09-26T19:00Z,2.53,Jammu,0.0,4275
2026-09-26T16:28Z,2026-09-26T20:00Z,3.53,Jammu,0.0,4374
2026-09-26T16:28Z,2026-09-26T21:00Z,4.53,Jammu,0.0,4485
2026-09-26T16:28Z,2026-09-26T22:00Z,5.53,Jammu,0.0,4581
2026-09-26T16:28Z,2026-09-26T23:00Z,6.53,Jammu,0.0,4652
2026-09-26T16:28Z,2026-09-27T00:00Z,7.53,Jammu,0.0,4626
2026-09-26T16:28Z,2026-09-26T14:00Z,-2.47,Dharamshala,0.0,4465
2026-09-26T16:28Z,2026-09-26T15:00Z,-1.47,Dharamshala,0.0,4440
2026-09-26T16:28Z,2026-09-26T16:00Z,-0.47,Dharamshala,0.0,4398
2026-09-26T16:28Z,2026-09-26T17:00Z,0.53,Dharamshala,0.0,4408
2026-09-26T16:28Z,2026-09-26T18:00Z,1.53,Dharamshala,0.0,4393
2026-09-26T16:28Z,2026-09-26T19:00Z,2.53,Dharamshala,0.0,4464
2026-09-26T16:28Z,2026-09-26T20:00Z,3.53,Dharamshala,0.0,4451
2026-09-26T16:28Z,2026-09-26T21:00Z,4.53,Dharamshala,0.0,4483
2026-09-26T16:28Z,2026-09-26T22:00Z,5.53,Dharamshala,0.0,4551
2026-09-26T16:28Z,2026-09-26T23:00Z,6.53,Dharamshala,0.0,4571
2026-09-26T16:28Z,2026-09-27T00:00Z,7.53,Dharamshala,0.0,4485
2026-09-26T16:28Z,2026-09-26T14:00Z,-2.47,Manali,0.0,4520
2026-09-26T16:28Z,2026-09-26T15:00Z,-1.47,Manali,0.0,4454
2026-09-26T16:28Z,2026-09-26T16:00Z,-0.47,Manali,0.0,4383
2026-09-26T16:28Z,2026-09-26T17:00Z,0.53,Manali,0.0,4404
2026-09-26T16:28Z,2026-09-26T18:00Z,1.53,Manali,0.2,4455
2026-09-26T16:28Z,2026-09-26T19:00Z,2.53,Manali,0.4,4409
2026-09-26T16:28Z,2026-09-26T20:00Z,3.53,Manali,0.2,4479
2026-09-26T16:28Z,2026-09-26T21:00Z,4.53,Manali,0.2,4451
2026-09-26T16:28Z,2026-09-26T22:00Z,5.53,Manali,0.6,4548
2026-09-26T16:28Z,2026-09-26T23:00Z,6.53,Manali,1.0,4412
2026-09-26T16:28Z,2026-09-27T00:00Z,7.53,Manali,0.3,4423
2026-09-26T16:28Z,2026-09-26T14:00Z,-2.47,Kaza,0.4,4779
2026-09-26T16:28Z,2026-09-26T15:00Z,-1.47,Kaza,0.7,4751
2026-09-26T16:28Z,2026-09-26T16:00Z,-0.47,Kaza,0.7,4712
2026-09-26T16:28Z,2026-09-26T17:00Z,0.53,Kaza,0.9,4679
2026-09-26T16:28Z,2026-09-26T18:00Z,1.53,Kaza,1.3,4645
2026-09-26T16:28Z,2026-09-26T19:00Z,2.53,Kaza,1.4,4564
2026-09-26T16:28Z,2026-09-26T20:00Z,3.53,Kaza,1.6,4540
2026-09-26T16:28Z,2026-09-26T21:00Z,4.53,Kaza,3.0,4521
2026-09-26T16:28Z,2026-09-26T22:00Z,5.53,Kaza,3.3,4527
2026-09-26T16:28Z,2026-09-26T23:00Z,6.53,Kaza,3.8,4493
2026-09-26T16:28Z,2026-09-27T00:00Z,7.53,Kaza,3.2,4469
2026-09-26T16:28Z,2026-09-26T14:00Z,-2.47,Shimla,0.3,4494
2026-09-26T16:28Z,2026-09-26T15:00Z,-1.47,Shimla,0.4,4548
2026-09-26T16:28Z,2026-09-26T16:00Z,-0.47,Shimla,0.4,4568
2026-09-26T16:28Z,2026-09-26T17:00Z,0.53,Shimla,1.1,4578
2026-09-26T16:28Z,2026-09-26T18:00Z,1.53,Shimla,0.8,4520
2026-09-26T16:28Z,2026-09-26T19:00Z,2.53,Shimla,0.9,4553
2026-09-26T16:28Z,2026-09-26T20:00Z,3.53,Shimla,2.2,4567
2026-09-26T16:28Z,2026-09-26T21:00Z,4.53,Shimla,3.4,4673
2026-09-26T16:28Z,2026-09-26T22:00Z,5.53,Shimla,2.2,4633
2026-09-26T16:28Z,2026-09-26T23:00Z,6.53,Shimla,1.0,4663
2026-09-26T16:28Z,2026-09-27T00:00Z,7.53,Shimla,0.3,4625
2026-09-26T16:28Z,2026-09-26T14:00Z,-2.47,Dehradun,2.6,4463
2026-09-26T16:28Z,2026-09-26T15:00Z,-1.47,Dehradun,3.6,4506
2026-09-26T16:28Z,2026-09-26T16:00Z,-0.47,Dehradun,2.5,4556
2026-09-26T16:28Z,2026-09-26T17:00Z,0.53,Dehradun,2.5,4568
2026-09-26T16:28Z,2026-09-26T18:00Z,1.53,Dehradun,5.9,4532
2026-09-26T16:28Z,2026-09-26T19:00Z,2.53,Dehradun,3.5,4528
2026-09-26T16:28Z,2026-09-26T20:00Z,3.53,Dehradun,2.8,4507
2026-09-26T16:28Z,2026-09-26T21:00Z,4.53,Dehradun,2.6,4512
2026-09-26T16:28Z,2026-09-26T22:00Z,5.53,Dehradun,3.1,4498
2026-09-26T16:28Z,2026-09-26T23:00Z,6.53,Dehradun,3.7,4466
2026-09-26T16:28Z,2026-09-27T00:00Z,7.53,Dehradun,2.4,4487
2026-09-26T16:28Z,2026-09-26T14:00Z,-2.47,Uttarkashi,3.6,4348
2026-09-26T16:28Z,2026-09-26T15:00Z,-1.47,Uttarkashi,2.7,4412
2026-09-26T16:28Z,2026-09-26T16:00Z,-0.47,Uttarkashi,3.0,4424
2026-09-26T16:28Z,2026-09-26T17:00Z,0.53,Uttarkashi,3.3,4499
2026-09-26T16:28Z,2026-09-26T18:00Z,1.53,Uttarkashi,4.2,4538
2026-09-26T16:28Z,2026-09-26T19:00Z,2.53,Uttarkashi,3.6,4535
2026-09-26T16:28Z,2026-09-26T20:00Z,3.53,Uttarkashi,3.7,4525
2026-09-26T16:28Z,2026-09-26T21:00Z,4.53,Uttarkashi,3.7,4528
2026-09-26T16:28Z,2026-09-26T22:00Z,5.53,Uttarkashi,3.6,4529
2026-09-26T16:28Z,2026-09-26T23:00Z,6.53,Uttarkashi,3.9,4547
2026-09-26T16:28Z,2026-09-27T00:00Z,7.53,Uttarkashi,3.5,4552
2026-09-26T16:28Z,2026-09-26T14:00Z,-2.47,Joshimath,2.5,4407
2026-09-26T16:28Z,2026-09-26T15:00Z,-1.47,Joshimath,3.1,4506
2026-09-26T16:28Z,2026-09-26T16:00Z,-0.47,Joshimath,3.0,4541
2026-09-26T16:28Z,2026-09-26T17:00Z,0.53,Joshimath,3.5,4668
2026-09-26T16:28Z,2026-09-26T18:00Z,1.53,Joshimath,5.3,4668
2026-09-26T16:28Z,2026-09-26T19:00Z,2.53,Joshimath,3.2,4500
2026-09-26T16:28Z,2026-09-26T20:00Z,3.53,Joshimath,2.8,4544
2026-09-26T16:28Z,2026-09-26T21:00Z,4.53,Joshimath,1.7,4606
2026-09-26T16:28Z,2026-09-26T22:00Z,5.53,Joshimath,3.3,4627
2026-09-26T16:28Z,2026-09-26T23:00Z,6.53,Joshimath,4.8,4626
2026-09-26T16:28Z,2026-09-27T00:00Z,7.53,Joshimath,4.2,4618
2026-09-26T16:28Z,2026-09-26T14:00Z,-2.47,Bhimtal,4.8,5022
2026-09-26T16:28Z,2026-09-26T15:00Z,-1.47,Bhimtal,4.1,5049
2026-09-26T16:28Z,2026-09-26T16:00Z,-0.47,Bhimtal,3.2,5078
2026-09-26T16:28Z,2026-09-26T17:00Z,0.53,Bhimtal,5.2,5084
2026-09-26T16:28Z,2026-09-26T18:00Z,1.53,Bhimtal,5.5,5098
2026-09-26T16:28Z,2026-09-26T19:00Z,2.53,Bhimtal,5.8,5092
2026-09-26T16:28Z,2026-09-26T20:00Z,3.53,Bhimtal,7.0,5099
2026-09-26T16:28Z,2026-09-26T21:00Z,4.53,Bhimtal,6.3,5070
2026-09-26T16:28Z,2026-09-26T22:00Z,5.53,Bhimtal,5.7,5022
2026-09-26T16:28Z,2026-09-26T23:00Z,6.53,Bhimtal,4.7,5007
2026-09-26T16:28Z,2026-09-27T00:00Z,7.53,Bhimtal,3.3,4966
2026-09-26T16:28Z,2026-09-26T14:00Z,-2.47,Pithoragarh,1.1,4981
2026-09-26T16:28Z,2026-09-26T15:00Z,-1.47,Pithoragarh,2.2,5010
2026-09-26T16:28Z,2026-09-26T16:00Z,-0.47,Pithoragarh,4.2,5065
2026-09-26T16:28Z,2026-09-26T17:00Z,0.53,Pithoragarh,2.3,5076
2026-09-26T16:28Z,2026-09-26T18:00Z,1.53,Pithoragarh,4.2,5068
2026-09-26T16:28Z,2026-09-26T19:00Z,2.53,Pithoragarh,5.1,5008
2026-09-26T16:28Z,2026-09-26T20:00Z,3.53,Pithoragarh,4.5,5001
2026-09-26T16:28Z,2026-09-26T21:00Z,4.53,Pithoragarh,3.9,4999
2026-09-26T16:28Z,2026-09-26T22:00Z,5.53,Pithoragarh,3.0,5002
2026-09-26T16:28Z,2026-09-26T23:00Z,6.53,Pithoragarh,2.9,4905
2026-09-26T16:28Z,2026-09-27T00:00Z,7.53,Pithoragarh,2.6,4828
2026-09-26T16:28Z,2026-09-26T14:00Z,-2.47,Jumla,1.3,4754
2026-09-26T16:28Z,2026-09-26T15:00Z,-1.47,Jumla,1.7,4731
2026-09-26T16:28Z,2026-09-26T16:00Z,-0.47,Jumla,2.1,4724
2026-09-26T16:28Z,2026-09-26T17:00Z,0.53,Jumla,1.8,4730
2026-09-26T16:28Z,2026-09-26T18:00Z,1.53,Jumla,2.1,4656
2026-09-26T16:28Z,2026-09-26T19:00Z,2.53,Jumla,2.2,4620
2026-09-26T16:28Z,2026-09-26T20:00Z,3.53,Jumla,1.9,4628
2026-09-26T16:28Z,2026-09-26T21:00Z,4.53,Jumla,2.5,4617
2026-09-26T16:28Z,2026-09-26T22:00Z,5.53,Jumla,2.5,4602
2026-09-26T16:28Z,2026-09-26T23:00Z,6.53,Jumla,2.1,4626
2026-09-26T16:28Z,2026-09-27T00:00Z,7.53,Jumla,2.2,4636
2026-09-26T16:28Z,2026-09-26T14:00Z,-2.47,Jomsom,2.4,4630
2026-09-26T16:28Z,2026-09-26T15:00Z,-1.47,Jomsom,2.6,4612
2026-09-26T16:28Z,2026-09-26T16:00Z,-0.47,Jomsom,3.3,4639
2026-09-26T16:28Z,2026-09-26T17:00Z,0.53,Jomsom,3.2,4638
2026-09-26T16:28Z,2026-09-26T18:00Z,1.53,Jomsom,2.7,4602
2026-09-26T16:28Z,2026-09-26T19:00Z,2.53,Jomsom,3.5,4600
2026-09-26T16:28Z,2026-09-26T20:00Z,3.53,Jomsom,4.5,4581
2026-09-26T16:28Z,2026-09-26T21:00Z,4.53,Jomsom,4.6,4624
2026-09-26T16:28Z,2026-09-26T22:00Z,5.53,Jomsom,5.7,4598
2026-09-26T16:28Z,2026-09-26T23:00Z,6.53,Jomsom,5.7,4562
2026-09-26T16:28Z,2026-09-27T00:00Z,7.53,Jomsom,5.2,4569
2026-09-26T16:28Z,2026-09-26T14:00Z,-2.47,Pokhara,3.4,4923
2026-09-26T16:28Z,2026-09-26T15:00Z,-1.47,Pokhara,4.2,4797
2026-09-26T16:28Z,2026-09-26T16:00Z,-0.47,Pokhara,5.3,4852
2026-09-26T16:28Z,2026-09-26T17:00Z,0.53,Pokhara,4.4,4806
2026-09-26T16:28Z,2026-09-26T18:00Z,1.53,Pokhara,4.1,4849
2026-09-26T16:28Z,2026-09-26T19:00Z,2.53,Pokhara,6.6,4785
2026-09-26T16:28Z,2026-09-26T20:00Z,3.53,Pokhara,6.1,4781
2026-09-26T16:28Z,2026-09-26T21:00Z,4.53,Pokhara,6.7,4872
2026-09-26T16:28Z,2026-09-26T22:00Z,5.53,Pokhara,7.8,4785
2026-09-26T16:28Z,2026-09-26T23:00Z,6.53,Pokhara,9.6,4687
2026-09-26T16:28Z,2026-09-27T00:00Z,7.53,Pokhara,7.3,4646
2026-09-26T16:28Z,2026-09-26T14:00Z,-2.47,Kathmandu,2.0,4917
2026-09-26T16:28Z,2026-09-26T15:00Z,-1.47,Kathmandu,1.7,4942
2026-09-26T16:28Z,2026-09-26T16:00Z,-0.47,Kathmandu,1.5,4943
2026-09-26T16:28Z,2026-09-26T17:00Z,0.53,Kathmandu,3.6,4911
2026-09-26T16:28Z,2026-09-26T18:00Z,1.53,Kathmandu,3.9,4851
2026-09-26T16:28Z,2026-09-26T19:00Z,2.53,Kathmandu,3.5,4806
2026-09-26T16:28Z,2026-09-26T20:00Z,3.53,Kathmandu,3.6,4840
2026-09-26T16:28Z,2026-09-26T21:00Z,4.53,Kathmandu,3.6,4844
2026-09-26T16:28Z,2026-09-26T22:00Z,5.53,Kathmandu,4.8,4859
2026-09-26T16:28Z,2026-09-26T23:00Z,6.53,Kathmandu,4.6,4850
2026-09-26T16:28Z,2026-09-27T00:00Z,7.53,Kathmandu,4.6,4835
2026-09-26T16:28Z,2026-09-26T14:00Z,-2.47,Namche Bazaar,0.6,4652
2026-09-26T16:28Z,2026-09-26T15:00Z,-1.47,Namche Bazaar,0.6,4664
2026-09-26T16:28Z,2026-09-26T16:00Z,-0.47,Namche Bazaar,0.6,4679
2026-09-26T16:28Z,2026-09-26T17:00Z,0.53,Namche Bazaar,0.5,4653
2026-09-26T16:28Z,2026-09-26T18:00Z,1.53,Namche Bazaar,0.6,4652
2026-09-26T16:28Z,2026-09-26T19:00Z,2.53,Namche Bazaar,0.6,4653
2026-09-26T16:28Z,2026-09-26T20:00Z,3.53,Namche Bazaar,0.6,4631
2026-09-26T16:28Z,2026-09-26T21:00Z,4.53,Namche Bazaar,0.6,4623
2026-09-26T16:28Z,2026-09-26T22:00Z,5.53,Namche Bazaar,0.7,4643
2026-09-26T16:28Z,2026-09-26T23:00Z,6.53,Namche Bazaar,1.1,4643
2026-09-26T16:28Z,2026-09-27T00:00Z,7.53,Namche Bazaar,0.6,4668
2026-09-26T16:28Z,2026-09-26T14:00Z,-2.47,Darjeeling,0.0,4733
2026-09-26T16:28Z,2026-09-26T15:00Z,-1.47,Darjeeling,0.0,4777
2026-09-26T16:28Z,2026-09-26T16:00Z,-0.47,Darjeeling,0.0,4774
2026-09-26T16:28Z,2026-09-26T17:00Z,0.53,Darjeeling,0.0,4718
2026-09-26T16:28Z,2026-09-26T18:00Z,1.53,Darjeeling,0.2,4675
2026-09-26T16:28Z,2026-09-26T19:00Z,2.53,Darjeeling,0.2,4631
2026-09-26T16:28Z,2026-09-26T20:00Z,3.53,Darjeeling,0.0,4620
2026-09-26T16:28Z,2026-09-26T21:00Z,4.53,Darjeeling,0.0,4637
2026-09-26T16:28Z,2026-09-26T22:00Z,5.53,Darjeeling,0.1,4631
2026-09-26T16:28Z,2026-09-26T23:00Z,6.53,Darjeeling,0.3,4641
2026-09-26T16:28Z,2026-09-27T00:00Z,7.53,Darjeeling,0.2,4665
2026-09-26T16:28Z,2026-09-26T14:00Z,-2.47,Gangtok,0.0,4678
2026-09-26T16:28Z,2026-09-26T15:00Z,-1.47,Gangtok,0.0,4748
2026-09-26T16:28Z,2026-09-26T16:00Z,-0.47,Gangtok,0.0,4748
2026-09-26T16:28Z,2026-09-26T17:00Z,0.53,Gangtok,0.0,4689
2026-09-26T16:28Z,2026-09-26T18:00Z,1.53,Gangtok,0.3,4648
2026-09-26T16:28Z,2026-09-26T19:00Z,2.53,Gangtok,0.2,4620
2026-09-26T16:28Z,2026-09-26T20:00Z,3.53,Gangtok,0.1,4618
2026-09-26T16:28Z,2026-09-26T21:00Z,4.53,Gangtok,0.0,4627
2026-09-26T16:28Z,2026-09-26T22:00Z,5.53,Gangtok,0.0,4615
2026-09-26T16:28Z,2026-09-26T23:00Z,6.53,Gangtok,0.1,4637
2026-09-26T16:28Z,2026-09-27T00:00Z,7.53,Gangtok,0.0,4651
2026-09-26T16:28Z,2026-09-26T14:00Z,-2.47,Thimphu,0.0,4710
2026-09-26T16:28Z,2026-09-26T15:00Z,-1.47,Thimphu,0.0,4741
2026-09-26T16:28Z,2026-09-26T16:00Z,-0.47,Thimphu,0.0,4728
2026-09-26T16:28Z,2026-09-26T17:00Z,0.53,Thimphu,0.0,4699
2026-09-26T16:28Z,2026-09-26T18:00Z,1.53,Thimphu,0.0,4669
2026-09-26T16:28Z,2026-09-26T19:00Z,2.53,Thimphu,0.0,4663
2026-09-26T16:28Z,2026-09-26T20:00Z,3.53,Thimphu,0.0,4662
2026-09-26T16:28Z,2026-09-26T21:00Z,4.53,Thimphu,0.0,4666
2026-09-26T16:28Z,2026-09-26T22:00Z,5.53,Thimphu,0.0,4671
2026-09-26T16:28Z,2026-09-26T23:00Z,6.53,Thimphu,0.0,4698
2026-09-26T16:28Z,2026-09-27T00:00Z,7.53,Thimphu,0.0,4743
2026-09-26T16:28Z,2026-09-26T14:00Z,-2.47,Tawang,0.0,5043
2026-09-26T16:28Z,2026-09-26T15:00Z,-1.47,Tawang,0.0,5061
2026-09-26T16:28Z,2026-09-26T16:00Z,-0.47,Tawang,0.0,5062
2026-09-26T16:28Z,2026-09-26T17:00Z,0.53,Tawang,0.0,5057
2026-09-26T16:28Z,2026-09-26T18:00Z,1.53,Tawang,0.0,5022
2026-09-26T16:28Z,2026-09-26T19:00Z,2.53,Tawang,0.0,4983
2026-09-26T16:28Z,2026-09-26T20:00Z,3.53,Tawang,0.0,4951
2026-09-26T16:28Z,2026-09-26T21:00Z,4.53,Tawang,0.0,4949
2026-09-26T16:28Z,2026-09-26T22:00Z,5.53,Tawang,0.0,4976
2026-09-26T16:28Z,2026-09-26T23:00Z,6.53,Tawang,0.0,4993
2026-09-26T16:28Z,2026-09-27T00:00Z,7.53,Tawang,0.0,4980
2026-09-26T16:28Z,2026-09-26T14:00Z,-2.47,Lhasa,0.0,5411
2026-09-26T16:28Z,2026-09-26T15:00Z,-1.47,Lhasa,0.0,5391
2026-09-26T16:28Z,2026-09-26T16:00Z,-0.47,Lhasa,0.0,5358
2026-09-26T16:28Z,2026-09-26T17:00Z,0.53,Lhasa,0.0,5326
2026-09-26T16:28Z,2026-09-26T18:00Z,1.53,Lhasa,0.0,5281
2026-09-26T16:28Z,2026-09-26T19:00Z,2.53,Lhasa,0.0,5240
2026-09-26T16:28Z,2026-09-26T20:00Z,3.53,Lhasa,0.0,5201
2026-09-26T16:28Z,2026-09-26T21:00Z,4.53,Lhasa,0.0,5171
2026-09-26T16:28Z,2026-09-26T22:00Z,5.53,Lhasa,0.0,5141
2026-09-26T16:28Z,2026-09-26T23:00Z,6.53,Lhasa,0.0,5120
2026-09-26T16:28Z,2026-09-27T00:00Z,7.53,Lhasa,0.0,5102
2026-09-26T16:28Z,2026-09-26T14:00Z,-2.47,Shigatse,0.0,5178
2026-09-26T16:28Z,2026-09-26T15:00Z,-1.47,Shigatse,0.0,5135
2026-09-26T16:28Z,2026-09-26T16:00Z,-0.47,Shigatse,0.0,5088
2026-09-26T16:28Z,2026-09-26T17:00Z,0.53,Shigatse,0.0,5040
2026-09-26T16:28Z,2026-09-26T18:00Z,1.53,Shigatse,0.0,4992
2026-09-26T16:28Z,2026-09-26T19:00Z,2.53,Shigatse,0.0,4955
2026-09-26T16:28Z,2026-09-26T20:00Z,3.53,Shigatse,0.0,4917
2026-09-26T16:28Z,2026-09-26T21:00Z,4.53,Shigatse,0.0,4889
2026-09-26T16:28Z,2026-09-26T22:00Z,5.53,Shigatse,0.0,4867
2026-09-26T16:28Z,2026-09-26T23:00Z,6.53,Shigatse,0.0,4846
2026-09-26T16:28Z,2026-09-27T00:00Z,7.53,Shigatse,0.0,4830
2026-09-26T16:28Z,2026-09-26T14:00Z,-2.47,Itanagar,0.0,5321
2026-09-26T16:28Z,2026-09-26T15:00Z,-1.47,Itanagar,0.0,5306
2026-09-26T16:28Z,2026-09-26T16:00Z,-0.47,Itanagar,0.0,5287
2026-09-26T16:28Z,2026-09-26T17:00Z,0.53,Itanagar,0.0,5263
2026-09-26T16:28Z,2026-09-26T18:00Z,1.53,Itanagar,0.0,5208
2026-09-26T16:28Z,2026-09-26T19:00Z,2.53,Itanagar,0.1,5123
2026-09-26T16:28Z,2026-09-26T20:00Z,3.53,Itanagar,0.1,5112
2026-09-26T16:28Z,2026-09-26T21:00Z,4.53,Itanagar,0.1,5148
2026-09-26T16:28Z,2026-09-26T22:00Z,5.53,Itanagar,0.2,5146
2026-09-26T16:28Z,2026-09-26T23:00Z,6.53,Itanagar,0.3,5143
2026-09-26T16:28Z,2026-09-27T00:00Z,7.53,Itanagar,0.1,5125
2026-09-26T21:14Z,2026-09-26T19:00Z,-2.23,Gilgit,0.0,4176
2026-09-26T21:14Z,2026-09-26T20:00Z,-1.23,Gilgit,0.0,4151
2026-09-26T21:14Z,2026-09-26T21:00Z,-0.23,Gilgit,0.0,4126
2026-09-26T21:14Z,2026-09-26T22:00Z,0.77,Gilgit,0.0,4090
2026-09-26T21:14Z,2026-09-26T23:00Z,1.77,Gilgit,0.0,4060
2026-09-26T21:14Z,2026-09-27T00:00Z,2.77,Gilgit,0.0,4023
2026-09-26T21:14Z,2026-09-27T01:00Z,3.77,Gilgit,0.0,3982
2026-09-26T21:14Z,2026-09-27T02:00Z,4.77,Gilgit,0.0,3965
2026-09-26T21:14Z,2026-09-27T03:00Z,5.77,Gilgit,0.0,3949
2026-09-26T21:14Z,2026-09-27T04:00Z,6.77,Gilgit,0.0,3860
2026-09-26T21:14Z,2026-09-27T05:00Z,7.77,Gilgit,0.0,3849
2026-09-26T21:14Z,2026-09-26T19:00Z,-2.23,Skardu,0.0,4195
2026-09-26T21:14Z,2026-09-26T20:00Z,-1.23,Skardu,0.0,4170
2026-09-26T21:14Z,2026-09-26T21:00Z,-0.23,Skardu,0.0,4143
2026-09-26T21:14Z,2026-09-26T22:00Z,0.77,Skardu,0.0,4111
2026-09-26T21:14Z,2026-09-26T23:00Z,1.77,Skardu,0.0,4093
2026-09-26T21:14Z,2026-09-27T00:00Z,2.77,Skardu,0.0,4071
2026-09-26T21:14Z,2026-09-27T01:00Z,3.77,Skardu,0.0,4044
2026-09-26T21:14Z,2026-09-27T02:00Z,4.77,Skardu,0.0,4079
2026-09-26T21:14Z,2026-09-27T03:00Z,5.77,Skardu,0.0,4163
2026-09-26T21:14Z,2026-09-27T04:00Z,6.77,Skardu,0.0,4192
2026-09-26T21:14Z,2026-09-27T05:00Z,7.77,Skardu,0.0,4175
2026-09-26T21:14Z,2026-09-26T19:00Z,-2.23,Srinagar,0.0,4192
2026-09-26T21:14Z,2026-09-26T20:00Z,-1.23,Srinagar,0.0,4208
2026-09-26T21:14Z,2026-09-26T21:00Z,-0.23,Srinagar,0.0,4237
2026-09-26T21:14Z,2026-09-26T22:00Z,0.77,Srinagar,0.0,4269
2026-09-26T21:14Z,2026-09-26T23:00Z,1.77,Srinagar,0.0,4278
2026-09-26T21:14Z,2026-09-27T00:00Z,2.77,Srinagar,0.0,4281
2026-09-26T21:14Z,2026-09-27T01:00Z,3.77,Srinagar,0.0,4278
2026-09-26T21:14Z,2026-09-27T02:00Z,4.77,Srinagar,0.0,4273
2026-09-26T21:14Z,2026-09-27T03:00Z,5.77,Srinagar,0.0,4276
2026-09-26T21:14Z,2026-09-27T04:00Z,6.77,Srinagar,0.0,4280
2026-09-26T21:14Z,2026-09-27T05:00Z,7.77,Srinagar,0.0,4287
2026-09-26T21:14Z,2026-09-26T19:00Z,-2.23,Leh,0.0,4480
2026-09-26T21:14Z,2026-09-26T20:00Z,-1.23,Leh,0.0,4437
2026-09-26T21:14Z,2026-09-26T21:00Z,-0.23,Leh,0.0,4403
2026-09-26T21:14Z,2026-09-26T22:00Z,0.77,Leh,0.0,4349
2026-09-26T21:14Z,2026-09-26T23:00Z,1.77,Leh,0.0,4318
2026-09-26T21:14Z,2026-09-27T00:00Z,2.77,Leh,0.0,4256
2026-09-26T21:14Z,2026-09-27T01:00Z,3.77,Leh,0.0,4227
2026-09-26T21:14Z,2026-09-27T02:00Z,4.77,Leh,0.0,4220
2026-09-26T21:14Z,2026-09-27T03:00Z,5.77,Leh,0.0,4239
2026-09-26T21:14Z,2026-09-27T04:00Z,6.77,Leh,0.0,4310
2026-09-26T21:14Z,2026-09-27T05:00Z,7.77,Leh,0.0,4473
2026-09-26T21:14Z,2026-09-26T19:00Z,-2.23,Jammu,0.0,4275
2026-09-26T21:14Z,2026-09-26T20:00Z,-1.23,Jammu,0.0,4374
2026-09-26T21:14Z,2026-09-26T21:00Z,-0.23,Jammu,0.0,4485
2026-09-26T21:14Z,2026-09-26T22:00Z,0.77,Jammu,0.0,4581
2026-09-26T21:14Z,2026-09-26T23:00Z,1.77,Jammu,0.0,4652
2026-09-26T21:14Z,2026-09-27T00:00Z,2.77,Jammu,0.0,4626
2026-09-26T21:14Z,2026-09-27T01:00Z,3.77,Jammu,0.0,4596
2026-09-26T21:14Z,2026-09-27T02:00Z,4.77,Jammu,0.0,4574
2026-09-26T21:14Z,2026-09-27T03:00Z,5.77,Jammu,0.0,4560
2026-09-26T21:14Z,2026-09-27T04:00Z,6.77,Jammu,0.0,4563
2026-09-26T21:14Z,2026-09-27T05:00Z,7.77,Jammu,0.0,4566
2026-09-26T21:14Z,2026-09-26T19:00Z,-2.23,Dharamshala,0.0,4464
2026-09-26T21:14Z,2026-09-26T20:00Z,-1.23,Dharamshala,0.0,4451
2026-09-26T21:14Z,2026-09-26T21:00Z,-0.23,Dharamshala,0.0,4483
2026-09-26T21:14Z,2026-09-26T22:00Z,0.77,Dharamshala,0.0,4551
2026-09-26T21:14Z,2026-09-26T23:00Z,1.77,Dharamshala,0.0,4571
2026-09-26T21:14Z,2026-09-27T00:00Z,2.77,Dharamshala,0.0,4485
2026-09-26T21:14Z,2026-09-27T01:00Z,3.77,Dharamshala,0.0,4488
2026-09-26T21:14Z,2026-09-27T02:00Z,4.77,Dharamshala,0.1,4482
2026-09-26T21:14Z,2026-09-27T03:00Z,5.77,Dharamshala,0.0,4487
2026-09-26T21:14Z,2026-09-27T04:00Z,6.77,Dharamshala,0.0,4516
2026-09-26T21:14Z,2026-09-27T05:00Z,7.77,Dharamshala,0.0,4484
2026-09-26T21:14Z,2026-09-26T19:00Z,-2.23,Manali,0.0,4409
2026-09-26T21:14Z,2026-09-26T20:00Z,-1.23,Manali,0.0,4479
2026-09-26T21:14Z,2026-09-26T21:00Z,-0.23,Manali,0.0,4451
2026-09-26T21:14Z,2026-09-26T22:00Z,0.77,Manali,0.0,4548
2026-09-26T21:14Z,2026-09-26T23:00Z,1.77,Manali,0.1,4412
2026-09-26T21:14Z,2026-09-27T00:00Z,2.77,Manali,0.1,4423
2026-09-26T21:14Z,2026-09-27T01:00Z,3.77,Manali,0.0,4439
2026-09-26T21:14Z,2026-09-27T02:00Z,4.77,Manali,0.0,4395
2026-09-26T21:14Z,2026-09-27T03:00Z,5.77,Manali,0.0,4449
2026-09-26T21:14Z,2026-09-27T04:00Z,6.77,Manali,0.0,4467
2026-09-26T21:14Z,2026-09-27T05:00Z,7.77,Manali,0.0,4480
2026-09-26T21:14Z,2026-09-26T19:00Z,-2.23,Kaza,0.5,4564
2026-09-26T21:14Z,2026-09-26T20:00Z,-1.23,Kaza,0.6,4540
2026-09-26T21:14Z,2026-09-26T21:00Z,-0.23,Kaza,0.8,4521
2026-09-26T21:14Z,2026-09-26T22:00Z,0.77,Kaza,1.1,4527
2026-09-26T21:14Z,2026-09-26T23:00Z,1.77,Kaza,1.5,4493
2026-09-26T21:14Z,2026-09-27T00:00Z,2.77,Kaza,2.3,4469
2026-09-26T21:14Z,2026-09-27T01:00Z,3.77,Kaza,2.1,4460
2026-09-26T21:14Z,2026-09-27T02:00Z,4.77,Kaza,1.8,4492
2026-09-26T21:14Z,2026-09-27T03:00Z,5.77,Kaza,1.5,4595
2026-09-26T21:14Z,2026-09-27T04:00Z,6.77,Kaza,1.2,4744
2026-09-26T21:14Z,2026-09-27T05:00Z,7.77,Kaza,1.7,4781
2026-09-26T21:14Z,2026-09-26T19:00Z,-2.23,Shimla,0.3,4553
2026-09-26T21:14Z,2026-09-26T20:00Z,-1.23,Shimla,0.3,4567
2026-09-26T21:14Z,2026-09-26T21:00Z,-0.23,Shimla,0.3,4673
2026-09-26T21:14Z,2026-09-26T22:00Z,0.77,Shimla,0.2,4633
2026-09-26T21:14Z,2026-09-26T23:00Z,1.77,Shimla,0.2,4663
2026-09-26T21:14Z,2026-09-27T00:00Z,2.77,Shimla,0.0,4625
2026-09-26T21:14Z,2026-09-27T01:00Z,3.77,Shimla,0.0,4554
2026-09-26T21:14Z,2026-09-27T02:00Z,4.77,Shimla,0.0,4577
2026-09-26T21:14Z,2026-09-27T03:00Z,5.77,Shimla,0.1,4681
2026-09-26T21:14Z,2026-09-27T04:00Z,6.77,Shimla,0.2,4660
2026-09-26T21:14Z,2026-09-27T05:00Z,7.77,Shimla,0.1,4487
2026-09-26T21:14Z,2026-09-26T19:00Z,-2.23,Dehradun,1.3,4528
2026-09-26T21:14Z,2026-09-26T20:00Z,-1.23,Dehradun,2.6,4507
2026-09-26T21:14Z,2026-09-26T21:00Z,-0.23,Dehradun,2.6,4512
2026-09-26T21:14Z,2026-09-26T22:00Z,0.77,Dehradun,2.2,4498
2026-09-26T21:14Z,2026-09-26T23:00Z,1.77,Dehradun,1.4,4466
2026-09-26T21:14Z,2026-09-27T00:00Z,2.77,Dehradun,1.2,4487
2026-09-26T21:14Z,2026-09-27T01:00Z,3.77,Dehradun,1.1,4493
2026-09-26T21:14Z,2026-09-27T02:00Z,4.77,Dehradun,1.7,4482
2026-09-26T21:14Z,2026-09-27T03:00Z,5.77,Dehradun,2.1,4526
2026-09-26T21:14Z,2026-09-27T04:00Z,6.77,Dehradun,3.4,4512
2026-09-26T21:14Z,2026-09-27T05:00Z,7.77,Dehradun,3.5,4652
2026-09-26T21:14Z,2026-09-26T19:00Z,-2.23,Uttarkashi,2.7,4535
2026-09-26T21:14Z,2026-09-26T20:00Z,-1.23,Uttarkashi,2.6,4525
2026-09-26T21:14Z,2026-09-26T21:00Z,-0.23,Uttarkashi,2.4,4528
2026-09-26T21:14Z,2026-09-26T22:00Z,0.77,Uttarkashi,2.0,4529
2026-09-26T21:14Z,2026-09-26T23:00Z,1.77,Uttarkashi,1.6,4547
2026-09-26T21:14Z,2026-09-27T00:00Z,2.77,Uttarkashi,1.7,4552
2026-09-26T21:14Z,2026-09-27T01:00Z,3.77,Uttarkashi,1.5,4531
2026-09-26T21:14Z,2026-09-27T02:00Z,4.77,Uttarkashi,1.6,4518
2026-09-26T21:14Z,2026-09-27T03:00Z,5.77,Uttarkashi,2.1,4601
2026-09-26T21:14Z,2026-09-27T04:00Z,6.77,Uttarkashi,2.5,4589
2026-09-26T21:14Z,2026-09-27T05:00Z,7.77,Uttarkashi,2.2,4624
2026-09-26T21:14Z,2026-09-26T19:00Z,-2.23,Joshimath,2.4,4500
2026-09-26T21:14Z,2026-09-26T20:00Z,-1.23,Joshimath,1.6,4544
2026-09-26T21:14Z,2026-09-26T21:00Z,-0.23,Joshimath,2.4,4606
2026-09-26T21:14Z,2026-09-26T22:00Z,0.77,Joshimath,2.1,4627
2026-09-26T21:14Z,2026-09-26T23:00Z,1.77,Joshimath,0.5,4626
2026-09-26T21:14Z,2026-09-27T00:00Z,2.77,Joshimath,1.6,4618
2026-09-26T21:14Z,2026-09-27T01:00Z,3.77,Joshimath,1.6,4619
2026-09-26T21:14Z,2026-09-27T02:00Z,4.77,Joshimath,1.0,4611
2026-09-26T21:14Z,2026-09-27T03:00Z,5.77,Joshimath,1.7,4597
2026-09-26T21:14Z,2026-09-27T04:00Z,6.77,Joshimath,1.9,4641
2026-09-26T21:14Z,2026-09-27T05:00Z,7.77,Joshimath,3.5,4675
2026-09-26T21:14Z,2026-09-26T19:00Z,-2.23,Bhimtal,7.8,5092
2026-09-26T21:14Z,2026-09-26T20:00Z,-1.23,Bhimtal,5.0,5099
2026-09-26T21:14Z,2026-09-26T21:00Z,-0.23,Bhimtal,5.5,5070
2026-09-26T21:14Z,2026-09-26T22:00Z,0.77,Bhimtal,5.4,5022
2026-09-26T21:14Z,2026-09-26T23:00Z,1.77,Bhimtal,5.1,5007
2026-09-26T21:14Z,2026-09-27T00:00Z,2.77,Bhimtal,4.1,4966
2026-09-26T21:14Z,2026-09-27T01:00Z,3.77,Bhimtal,4.6,4929
2026-09-26T21:14Z,2026-09-27T02:00Z,4.77,Bhimtal,7.0,4931
2026-09-26T21:14Z,2026-09-27T03:00Z,5.77,Bhimtal,3.8,4940
2026-09-26T21:14Z,2026-09-27T04:00Z,6.77,Bhimtal,4.0,4885
2026-09-26T21:14Z,2026-09-27T05:00Z,7.77,Bhimtal,2.8,4874
2026-09-26T21:14Z,2026-09-26T19:00Z,-2.23,Pithoragarh,2.0,5008
2026-09-26T21:14Z,2026-09-26T20:00Z,-1.23,Pithoragarh,2.0,5001
2026-09-26T21:14Z,2026-09-26T21:00Z,-0.23,Pithoragarh,1.8,4999
2026-09-26T21:14Z,2026-09-26T22:00Z,0.77,Pithoragarh,1.4,5002
2026-09-26T21:14Z,2026-09-26T23:00Z,1.77,Pithoragarh,1.6,4905
2026-09-26T21:14Z,2026-09-27T00:00Z,2.77,Pithoragarh,1.2,4828
2026-09-26T21:14Z,2026-09-27T01:00Z,3.77,Pithoragarh,1.7,4817
2026-09-26T21:14Z,2026-09-27T02:00Z,4.77,Pithoragarh,1.4,4811
2026-09-26T21:14Z,2026-09-27T03:00Z,5.77,Pithoragarh,1.6,4759
2026-09-26T21:14Z,2026-09-27T04:00Z,6.77,Pithoragarh,1.2,4748
2026-09-26T21:14Z,2026-09-27T05:00Z,7.77,Pithoragarh,0.4,4748
2026-09-26T21:14Z,2026-09-26T19:00Z,-2.23,Jumla,3.5,4620
2026-09-26T21:14Z,2026-09-26T20:00Z,-1.23,Jumla,4.2,4628
2026-09-26T21:14Z,2026-09-26T21:00Z,-0.23,Jumla,3.3,4617
2026-09-26T21:14Z,2026-09-26T22:00Z,0.77,Jumla,2.3,4602
2026-09-26T21:14Z,2026-09-26T23:00Z,1.77,Jumla,2.3,4626
2026-09-26T21:14Z,2026-09-27T00:00Z,2.77,Jumla,2.0,4636
2026-09-26T21:14Z,2026-09-27T01:00Z,3.77,Jumla,1.3,4673
2026-09-26T21:14Z,2026-09-27T02:00Z,4.77,Jumla,0.6,4641
2026-09-26T21:14Z,2026-09-27T03:00Z,5.77,Jumla,0.2,4690
2026-09-26T21:14Z,2026-09-27T04:00Z,6.77,Jumla,0.0,4715
2026-09-26T21:14Z,2026-09-27T05:00Z,7.77,Jumla,0.1,4655
2026-09-26T21:14Z,2026-09-26T19:00Z,-2.23,Jomsom,5.5,4600
2026-09-26T21:14Z,2026-09-26T20:00Z,-1.23,Jomsom,8.2,4581
2026-09-26T21:14Z,2026-09-26T21:00Z,-0.23,Jomsom,8.3,4624
2026-09-26T21:14Z,2026-09-26T22:00Z,0.77,Jomsom,7.7,4598
2026-09-26T21:14Z,2026-09-26T23:00Z,1.77,Jomsom,4.4,4562
2026-09-26T21:14Z,2026-09-27T00:00Z,2.77,Jomsom,3.9,4569
2026-09-26T21:14Z,2026-09-27T01:00Z,3.77,Jomsom,3.3,4546
2026-09-26T21:14Z,2026-09-27T02:00Z,4.77,Jomsom,4.2,4562
2026-09-26T21:14Z,2026-09-27T03:00Z,5.77,Jomsom,3.5,4667
2026-09-26T21:14Z,2026-09-27T04:00Z,6.77,Jomsom,1.6,4608
2026-09-26T21:14Z,2026-09-27T05:00Z,7.77,Jomsom,0.5,4533
2026-09-26T21:14Z,2026-09-26T19:00Z,-2.23,Pokhara,8.2,4785
2026-09-26T21:14Z,2026-09-26T20:00Z,-1.23,Pokhara,14.8,4781
2026-09-26T21:14Z,2026-09-26T21:00Z,-0.23,Pokhara,15.0,4872
2026-09-26T21:14Z,2026-09-26T22:00Z,0.77,Pokhara,13.1,4785
2026-09-26T21:14Z,2026-09-26T23:00Z,1.77,Pokhara,4.5,4687
2026-09-26T21:14Z,2026-09-27T00:00Z,2.77,Pokhara,7.1,4646
2026-09-26T21:14Z,2026-09-27T01:00Z,3.77,Pokhara,8.6,4584
2026-09-26T21:14Z,2026-09-27T02:00Z,4.77,Pokhara,9.8,4624
2026-09-26T21:14Z,2026-09-27T03:00Z,5.77,Pokhara,8.7,4961
2026-09-26T21:14Z,2026-09-27T04:00Z,6.77,Pokhara,5.0,4967
2026-09-26T21:14Z,2026-09-27T05:00Z,7.77,Pokhara,1.3,4523
2026-09-26T21:14Z,2026-09-26T19:00Z,-2.23,Kathmandu,4.8,4806
2026-09-26T21:14Z,2026-09-26T20:00Z,-1.23,Kathmandu,3.4,4840
2026-09-26T21:14Z,2026-09-26T21:00Z,-0.23,Kathmandu,3.3,4844
2026-09-26T21:14Z,2026-09-26T22:00Z,0.77,Kathmandu,3.8,4859
2026-09-26T21:14Z,2026-09-26T23:00Z,1.77,Kathmandu,4.2,4850
2026-09-26T21:14Z,2026-09-27T00:00Z,2.77,Kathmandu,3.1,4835
2026-09-26T21:14Z,2026-09-27T01:00Z,3.77,Kathmandu,3.7,4856
2026-09-26T21:14Z,2026-09-27T02:00Z,4.77,Kathmandu,6.6,4800
2026-09-26T21:14Z,2026-09-27T03:00Z,5.77,Kathmandu,4.6,4956
2026-09-26T21:14Z,2026-09-27T04:00Z,6.77,Kathmandu,3.5,4917
2026-09-26T21:14Z,2026-09-27T05:00Z,7.77,Kathmandu,1.7,4938
2026-09-26T21:14Z,2026-09-26T19:00Z,-2.23,Namche Bazaar,0.3,4653
2026-09-26T21:14Z,2026-09-26T20:00Z,-1.23,Namche Bazaar,0.4,4631
2026-09-26T21:14Z,2026-09-26T21:00Z,-0.23,Namche Bazaar,0.4,4623
2026-09-26T21:14Z,2026-09-26T22:00Z,0.77,Namche Bazaar,0.5,4643
2026-09-26T21:14Z,2026-09-26T23:00Z,1.77,Namche Bazaar,0.6,4643
2026-09-26T21:14Z,2026-09-27T00:00Z,2.77,Namche Bazaar,0.7,4668
2026-09-26T21:14Z,2026-09-27T01:00Z,3.77,Namche Bazaar,0.6,4667
2026-09-26T21:14Z,2026-09-27T02:00Z,4.77,Namche Bazaar,0.4,4677
2026-09-26T21:14Z,2026-09-27T03:00Z,5.77,Namche Bazaar,0.2,4690
2026-09-26T21:14Z,2026-09-27T04:00Z,6.77,Namche Bazaar,0.2,4714
2026-09-26T21:14Z,2026-09-27T05:00Z,7.77,Namche Bazaar,0.4,4746
2026-09-26T21:14Z,2026-09-26T19:00Z,-2.23,Darjeeling,0.0,4631
2026-09-26T21:14Z,2026-09-26T20:00Z,-1.23,Darjeeling,0.0,4620
2026-09-26T21:14Z,2026-09-26T21:00Z,-0.23,Darjeeling,0.0,4637
2026-09-26T21:14Z,2026-09-26T22:00Z,0.77,Darjeeling,0.0,4631
2026-09-26T21:14Z,2026-09-26T23:00Z,1.77,Darjeeling,0.0,4641
2026-09-26T21:14Z,2026-09-27T00:00Z,2.77,Darjeeling,0.1,4665
2026-09-26T21:14Z,2026-09-27T01:00Z,3.77,Darjeeling,0.0,4713
2026-09-26T21:14Z,2026-09-27T02:00Z,4.77,Darjeeling,0.0,4755
2026-09-26T21:14Z,2026-09-27T03:00Z,5.77,Darjeeling,0.0,4774
2026-09-26T21:14Z,2026-09-27T04:00Z,6.77,Darjeeling,0.0,4785
2026-09-26T21:14Z,2026-09-27T05:00Z,7.77,Darjeeling,0.1,4801
2026-09-26T21:14Z,2026-09-26T19:00Z,-2.23,Gangtok,0.0,4620
2026-09-26T21:14Z,2026-09-26T20:00Z,-1.23,Gangtok,0.0,4618
2026-09-26T21:14Z,2026-09-26T21:00Z,-0.23,Gangtok,0.0,4627
2026-09-26T21:14Z,2026-09-26T22:00Z,0.77,Gangtok,0.0,4615
2026-09-26T21:14Z,2026-09-26T23:00Z,1.77,Gangtok,0.0,4637
2026-09-26T21:14Z,2026-09-27T00:00Z,2.77,Gangtok,0.0,4651
2026-09-26T21:14Z,2026-09-27T01:00Z,3.77,Gangtok,0.0,4677
2026-09-26T21:14Z,2026-09-27T02:00Z,4.77,Gangtok,0.0,4724
2026-09-26T21:14Z,2026-09-27T03:00Z,5.77,Gangtok,0.0,4764
2026-09-26T21:14Z,2026-09-27T04:00Z,6.77,Gangtok,0.0,4783
2026-09-26T21:14Z,2026-09-27T05:00Z,7.77,Gangtok,0.1,4805
2026-09-26T21:14Z,2026-09-26T19:00Z,-2.23,Thimphu,0.0,4663
2026-09-26T21:14Z,2026-09-26T20:00Z,-1.23,Thimphu,0.0,4662
2026-09-26T21:14Z,2026-09-26T21:00Z,-0.23,Thimphu,0.0,4666
2026-09-26T21:14Z,2026-09-26T22:00Z,0.77,Thimphu,0.0,4671
2026-09-26T21:14Z,2026-09-26T23:00Z,1.77,Thimphu,0.0,4698
2026-09-26T21:14Z,2026-09-27T00:00Z,2.77,Thimphu,0.0,4743
2026-09-26T21:14Z,2026-09-27T01:00Z,3.77,Thimphu,0.0,4761
2026-09-26T21:14Z,2026-09-27T02:00Z,4.77,Thimphu,0.0,4772
2026-09-26T21:14Z,2026-09-27T03:00Z,5.77,Thimphu,0.0,4783
2026-09-26T21:14Z,2026-09-27T04:00Z,6.77,Thimphu,0.0,4765
2026-09-26T21:14Z,2026-09-27T05:00Z,7.77,Thimphu,0.0,4784
2026-09-26T21:14Z,2026-09-26T19:00Z,-2.23,Tawang,0.0,4983
2026-09-26T21:14Z,2026-09-26T20:00Z,-1.23,Tawang,0.0,4951
2026-09-26T21:14Z,2026-09-26T21:00Z,-0.23,Tawang,0.0,4949
2026-09-26T21:14Z,2026-09-26T22:00Z,0.77,Tawang,0.0,4976
2026-09-26T21:14Z,2026-09-26T23:00Z,1.77,Tawang,0.0,4993
2026-09-26T21:14Z,2026-09-27T00:00Z,2.77,Tawang,0.0,4980
2026-09-26T21:14Z,2026-09-27T01:00Z,3.77,Tawang,0.0,4978
2026-09-26T21:14Z,2026-09-27T02:00Z,4.77,Tawang,0.0,5003
2026-09-26T21:14Z,2026-09-27T03:00Z,5.77,Tawang,0.0,5044
2026-09-26T21:14Z,2026-09-27T04:00Z,6.77,Tawang,0.0,5042
2026-09-26T21:14Z,2026-09-27T05:00Z,7.77,Tawang,0.1,5075
2026-09-26T21:14Z,2026-09-26T19:00Z,-2.23,Lhasa,0.0,5240
2026-09-26T21:14Z,2026-09-26T20:00Z,-1.23,Lhasa,0.0,5201
2026-09-26T21:14Z,2026-09-26T21:00Z,-0.23,Lhasa,0.0,5171
2026-09-26T21:14Z,2026-09-26T22:00Z,0.77,Lhasa,0.0,5141
2026-09-26T21:14Z,2026-09-26T23:00Z,1.77,Lhasa,0.0,5120
2026-09-26T21:14Z,2026-09-27T00:00Z,2.77,Lhasa,0.0,5102
2026-09-26T21:14Z,2026-09-27T01:00Z,3.77,Lhasa,0.0,5102
2026-09-26T21:14Z,2026-09-27T02:00Z,4.77,Lhasa,0.0,5093
2026-09-26T21:14Z,2026-09-27T03:00Z,5.77,Lhasa,0.0,5117
2026-09-26T21:14Z,2026-09-27T04:00Z,6.77,Lhasa,0.0,5174
2026-09-26T21:14Z,2026-09-27T05:00Z,7.77,Lhasa,0.0,5266
2026-09-26T21:14Z,2026-09-26T19:00Z,-2.23,Shigatse,0.0,4955
2026-09-26T21:14Z,2026-09-26T20:00Z,-1.23,Shigatse,0.0,4917
2026-09-26T21:14Z,2026-09-26T21:00Z,-0.23,Shigatse,0.0,4889
2026-09-26T21:14Z,2026-09-26T22:00Z,0.77,Shigatse,0.0,4867
2026-09-26T21:14Z,2026-09-26T23:00Z,1.77,Shigatse,0.0,4846
2026-09-26T21:14Z,2026-09-27T00:00Z,2.77,Shigatse,0.0,4830
2026-09-26T21:14Z,2026-09-27T01:00Z,3.77,Shigatse,0.0,4830
2026-09-26T21:14Z,2026-09-27T02:00Z,4.77,Shigatse,0.0,4845
2026-09-26T21:14Z,2026-09-27T03:00Z,5.77,Shigatse,0.0,4882
2026-09-26T21:14Z,2026-09-27T04:00Z,6.77,Shigatse,0.0,4903
2026-09-26T21:14Z,2026-09-27T05:00Z,7.77,Shigatse,0.0,5030
2026-09-26T21:14Z,2026-09-26T19:00Z,-2.23,Itanagar,0.0,5123
2026-09-26T21:14Z,2026-09-26T20:00Z,-1.23,Itanagar,0.1,5112
2026-09-26T21:14Z,2026-09-26T21:00Z,-0.23,Itanagar,0.0,5148
2026-09-26T21:14Z,2026-09-26T22:00Z,0.77,Itanagar,0.2,5146
2026-09-26T21:14Z,2026-09-26T23:00Z,1.77,Itanagar,1.2,5143
2026-09-26T21:14Z,2026-09-27T00:00Z,2.77,Itanagar,0.3,5125
2026-09-26T21:14Z,2026-09-27T01:00Z,3.77,Itanagar,0.1,5137
2026-09-26T21:14Z,2026-09-27T02:00Z,4.77,Itanagar,0.0,5201
2026-09-26T21:14Z,2026-09-27T03:00Z,5.77,Itanagar,0.0,5274
2026-09-26T21:14Z,2026-09-27T04:00Z,6.77,Itanagar,0.0,5318
2026-09-26T21:14Z,2026-09-27T05:00Z,7.77,Itanagar,0.0,5335
2026-09-27T07:42Z,2026-09-27T05:00Z,-2.7,Gilgit,0.0,3858
2026-09-27T07:42Z,2026-09-27T06:00Z,-1.7,Gilgit,0.0,3779
2026-09-27T07:42Z,2026-09-27T07:00Z,-0.7,Gilgit,0.1,3792
2026-09-27T07:42Z,2026-09-27T08:00Z,0.3,Gilgit,0.1,4253
2026-09-27T07:42Z,2026-09-27T09:00Z,1.3,Gilgit,0.4,4284
2026-09-27T07:42Z,2026-09-27T10:00Z,2.3,Gilgit,0.1,4337
2026-09-27T07:42Z,2026-09-27T11:00Z,3.3,Gilgit,0.0,4389
2026-09-27T07:42Z,2026-09-27T12:00Z,4.3,Gilgit,0.0,4379
2026-09-27T07:42Z,2026-09-27T13:00Z,5.3,Gilgit,0.0,4350
2026-09-27T07:42Z,2026-09-27T14:00Z,6.3,Gilgit,0.0,4330
2026-09-27T07:42Z,2026-09-27T15:00Z,7.3,Gilgit,0.0,4320
2026-09-27T07:42Z,2026-09-27T05:00Z,-2.7,Skardu,0.0,4174
2026-09-27T07:42Z,2026-09-27T06:00Z,-1.7,Skardu,0.0,4204
2026-09-27T07:42Z,2026-09-27T07:00Z,-0.7,Skardu,0.0,4251
2026-09-27T07:42Z,2026-09-27T08:00Z,0.3,Skardu,0.1,4285
2026-09-27T07:42Z,2026-09-27T09:00Z,1.3,Skardu,0.1,4307
2026-09-27T07:42Z,2026-09-27T10:00Z,2.3,Skardu,0.0,4336
2026-09-27T07:42Z,2026-09-27T11:00Z,3.3,Skardu,0.0,4550
2026-09-27T07:42Z,2026-09-27T12:00Z,4.3,Skardu,0.0,4530
2026-09-27T07:42Z,2026-09-27T13:00Z,5.3,Skardu,0.0,4476
2026-09-27T07:42Z,2026-09-27T14:00Z,6.3,Skardu,0.0,4424
2026-09-27T07:42Z,2026-09-27T15:00Z,7.3,Skardu,0.0,4390
2026-09-27T07:42Z,2026-09-27T05:00Z,-2.7,Srinagar,0.0,4255
2026-09-27T07:42Z,2026-09-27T06:00Z,-1.7,Srinagar,0.0,4231
2026-09-27T07:42Z,2026-09-27T07:00Z,-0.7,Srinagar,0.0,4267
2026-09-27T07:42Z,2026-09-27T08:00Z,0.3,Srinagar,0.0,4264
2026-09-27T07:42Z,2026-09-27T09:00Z,1.3,Srinagar,0.0,4275
2026-09-27T07:42Z,2026-09-27T10:00Z,2.3,Srinagar,0.1,4274
2026-09-27T07:42Z,2026-09-27T11:00Z,3.3,Srinagar,0.0,4288
2026-09-27T07:42Z,2026-09-27T12:00Z,4.3,Srinagar,0.0,4304
2026-09-27T07:42Z,2026-09-27T13:00Z,5.3,Srinagar,0.0,4283
2026-09-27T07:42Z,2026-09-27T14:00Z,6.3,Srinagar,0.0,4257
2026-09-27T07:42Z,2026-09-27T15:00Z,7.3,Srinagar,0.0,4231
2026-09-27T07:42Z,2026-09-27T05:00Z,-2.7,Leh,0.0,4511
2026-09-27T07:42Z,2026-09-27T06:00Z,-1.7,Leh,0.0,4563
2026-09-27T07:42Z,2026-09-27T07:00Z,-0.7,Leh,0.0,4613
2026-09-27T07:42Z,2026-09-27T08:00Z,0.3,Leh,0.0,4656
2026-09-27T07:42Z,2026-09-27T09:00Z,1.3,Leh,0.0,4697
2026-09-27T07:42Z,2026-09-27T10:00Z,2.3,Leh,0.0,4765
2026-09-27T07:42Z,2026-09-27T11:00Z,3.3,Leh,0.0,4795
2026-09-27T07:42Z,2026-09-27T12:00Z,4.3,Leh,0.0,4812
2026-09-27T07:42Z,2026-09-27T13:00Z,5.3,Leh,0.0,4794
2026-09-27T07:42Z,2026-09-27T14:00Z,6.3,Leh,0.0,4726
2026-09-27T07:42Z,2026-09-27T15:00Z,7.3,Leh,0.0,4666
2026-09-27T07:42Z,2026-09-27T05:00Z,-2.7,Jammu,0.0,4524
2026-09-27T07:42Z,2026-09-27T06:00Z,-1.7,Jammu,0.0,4543
2026-09-27T07:42Z,2026-09-27T07:00Z,-0.7,Jammu,0.0,4510
2026-09-27T07:42Z,2026-09-27T08:00Z,0.3,Jammu,0.1,4492
2026-09-27T07:42Z,2026-09-27T09:00Z,1.3,Jammu,0.1,4492
2026-09-27T07:42Z,2026-09-27T10:00Z,2.3,Jammu,0.0,4491
2026-09-27T07:42Z,2026-09-27T11:00Z,3.3,Jammu,0.0,4493
2026-09-27T07:42Z,2026-09-27T12:00Z,4.3,Jammu,0.0,4484
2026-09-27T07:42Z,2026-09-27T13:00Z,5.3,Jammu,0.0,4472
2026-09-27T07:42Z,2026-09-27T14:00Z,6.3,Jammu,0.0,4442
2026-09-27T07:42Z,2026-09-27T15:00Z,7.3,Jammu,0.0,4436
2026-09-27T07:42Z,2026-09-27T05:00Z,-2.7,Dharamshala,0.0,4418
2026-09-27T07:42Z,2026-09-27T06:00Z,-1.7,Dharamshala,0.1,4385
2026-09-27T07:42Z,2026-09-27T07:00Z,-0.7,Dharamshala,0.2,4366
2026-09-27T07:42Z,2026-09-27T08:00Z,0.3,Dharamshala,0.2,4363
2026-09-27T07:42Z,2026-09-27T09:00Z,1.3,Dharamshala,0.1,4344
2026-09-27T07:42Z,2026-09-27T10:00Z,2.3,Dharamshala,0.1,4424
2026-09-27T07:42Z,2026-09-27T11:00Z,3.3,Dharamshala,0.1,4424
2026-09-27T07:42Z,2026-09-27T12:00Z,4.3,Dharamshala,0.0,4395
2026-09-27T07:42Z,2026-09-27T13:00Z,5.3,Dharamshala,0.0,4390
2026-09-27T07:42Z,2026-09-27T14:00Z,6.3,Dharamshala,0.0,4386
2026-09-27T07:42Z,2026-09-27T15:00Z,7.3,Dharamshala,0.0,4394
2026-09-27T07:42Z,2026-09-27T05:00Z,-2.7,Manali,0.0,4471
2026-09-27T07:42Z,2026-09-27T06:00Z,-1.7,Manali,0.0,4315
2026-09-27T07:42Z,2026-09-27T07:00Z,-0.7,Manali,0.1,4394
2026-09-27T07:42Z,2026-09-27T08:00Z,0.3,Manali,0.2,4369
2026-09-27T07:42Z,2026-09-27T09:00Z,1.3,Manali,0.1,4373
2026-09-27T07:42Z,2026-09-27T10:00Z,2.3,Manali,0.3,4401
2026-09-27T07:42Z,2026-09-27T11:00Z,3.3,Manali,1.3,4424
2026-09-27T07:42Z,2026-09-27T12:00Z,4.3,Manali,1.5,4437
2026-09-27T07:42Z,2026-09-27T13:00Z,5.3,Manali,0.1,4439
2026-09-27T07:42Z,2026-09-27T14:00Z,6.3,Manali,0.0,4434
2026-09-27T07:42Z,2026-09-27T15:00Z,7.3,Manali,0.0,4414
2026-09-27T07:42Z,2026-09-27T05:00Z,-2.7,Kaza,1.4,4766
2026-09-27T07:42Z,2026-09-27T06:00Z,-1.7,Kaza,1.1,4778
2026-09-27T07:42Z,2026-09-27T07:00Z,-0.7,Kaza,0.7,4790
2026-09-27T07:42Z,2026-09-27T08:00Z,0.3,Kaza,1.5,4801
2026-09-27T07:42Z,2026-09-27T09:00Z,1.3,Kaza,1.2,4808
2026-09-27T07:42Z,2026-09-27T10:00Z,2.3,Kaza,0.5,4809
2026-09-27T07:42Z,2026-09-27T11:00Z,3.3,Kaza,0.2,4811
2026-09-27T07:42Z,2026-09-27T12:00Z,4.3,Kaza,0.1,4809
2026-09-27T07:42Z,2026-09-27T13:00Z,5.3,Kaza,0.1,4780
2026-09-27T07:42Z,2026-09-27T14:00Z,6.3,Kaza,0.1,4734
2026-09-27T07:42Z,2026-09-27T15:00Z,7.3,Kaza,0.1,4703
2026-09-27T07:42Z,2026-09-27T05:00Z,-2.7,Shimla,0.3,4603
2026-09-27T07:42Z,2026-09-27T06:00Z,-1.7,Shimla,0.2,4591
2026-09-27T07:42Z,2026-09-27T07:00Z,-0.7,Shimla,0.0,4472
2026-09-27T07:42Z,2026-09-27T08:00Z,0.3,Shimla,0.0,4543
2026-09-27T07:42Z,2026-09-27T09:00Z,1.3,Shimla,0.1,4490
2026-09-27T07:42Z,2026-09-27T10:00Z,2.3,Shimla,0.0,4497
2026-09-27T07:42Z,2026-09-27T11:00Z,3.3,Shimla,0.2,4492
2026-09-27T07:42Z,2026-09-27T12:00Z,4.3,Shimla,0.1,4447
2026-09-27T07:42Z,2026-09-27T13:00Z,5.3,Shimla,0.0,4484
2026-09-27T07:42Z,2026-09-27T14:00Z,6.3,Shimla,0.0,4479
2026-09-27T07:42Z,2026-09-27T15:00Z,7.3,Shimla,0.0,4427
2026-09-27T07:42Z,2026-09-27T05:00Z,-2.7,Dehradun,2.2,4578
2026-09-27T07:42Z,2026-09-27T06:00Z,-1.7,Dehradun,2.4,4575
2026-09-27T07:42Z,2026-09-27T07:00Z,-0.7,Dehradun,3.0,4636
2026-09-27T07:42Z,2026-09-27T08:00Z,0.3,Dehradun,4.0,4631
2026-09-27T07:42Z,2026-09-27T09:00Z,1.3,Dehradun,3.7,4622
2026-09-27T07:42Z,2026-09-27T10:00Z,2.3,Dehradun,3.1,4547
2026-09-27T07:42Z,2026-09-27T11:00Z,3.3,Dehradun,2.6,4396
2026-09-27T07:42Z,2026-09-27T12:00Z,4.3,Dehradun,2.5,4370
2026-09-27T07:42Z,2026-09-27T13:00Z,5.3,Dehradun,3.5,4289
2026-09-27T07:42Z,2026-09-27T14:00Z,6.3,Dehradun,1.7,4311
2026-09-27T07:42Z,2026-09-27T15:00Z,7.3,Dehradun,1.5,4553
2026-09-27T07:42Z,2026-09-27T05:00Z,-2.7,Uttarkashi,2.2,4521
2026-09-27T07:42Z,2026-09-27T06:00Z,-1.7,Uttarkashi,1.8,4527
2026-09-27T07:42Z,2026-09-27T07:00Z,-0.7,Uttarkashi,2.2,4564
2026-09-27T07:42Z,2026-09-27T08:00Z,0.3,Uttarkashi,3.4,4529
2026-09-27T07:42Z,2026-09-27T09:00Z,1.3,Uttarkashi,3.2,4510
2026-09-27T07:42Z,2026-09-27T10:00Z,2.3,Uttarkashi,2.4,4439
2026-09-27T07:42Z,2026-09-27T11:00Z,3.3,Uttarkashi,1.9,4344
2026-09-27T07:42Z,2026-09-27T12:00Z,4.3,Uttarkashi,2.0,4348
2026-09-27T07:42Z,2026-09-27T13:00Z,5.3,Uttarkashi,2.0,4310
2026-09-27T07:42Z,2026-09-27T14:00Z,6.3,Uttarkashi,1.2,4317
2026-09-27T07:42Z,2026-09-27T15:00Z,7.3,Uttarkashi,0.9,4425
2026-09-27T07:42Z,2026-09-27T05:00Z,-2.7,Joshimath,2.5,4522
2026-09-27T07:42Z,2026-09-27T06:00Z,-1.7,Joshimath,2.5,4531
2026-09-27T07:42Z,2026-09-27T07:00Z,-0.7,Joshimath,1.5,4521
2026-09-27T07:42Z,2026-09-27T08:00Z,0.3,Joshimath,2.9,4495
2026-09-27T07:42Z,2026-09-27T09:00Z,1.3,Joshimath,0.3,4411
2026-09-27T07:42Z,2026-09-27T10:00Z,2.3,Joshimath,0.3,4401
2026-09-27T07:42Z,2026-09-27T11:00Z,3.3,Joshimath,0.3,4416
2026-09-27T07:42Z,2026-09-27T12:00Z,4.3,Joshimath,0.1,4414
2026-09-27T07:42Z,2026-09-27T13:00Z,5.3,Joshimath,0.1,4403
2026-09-27T07:42Z,2026-09-27T14:00Z,6.3,Joshimath,0.2,4368
2026-09-27T07:42Z,2026-09-27T15:00Z,7.3,Joshimath,0.2,4359
2026-09-27T07:42Z,2026-09-27T05:00Z,-2.7,Bhimtal,1.1,4831
2026-09-27T07:42Z,2026-09-27T06:00Z,-1.7,Bhimtal,0.5,4853
2026-09-27T07:42Z,2026-09-27T07:00Z,-0.7,Bhimtal,0.1,4811
2026-09-27T07:42Z,2026-09-27T08:00Z,0.3,Bhimtal,0.1,4860
2026-09-27T07:42Z,2026-09-27T09:00Z,1.3,Bhimtal,0.3,4777
2026-09-27T07:42Z,2026-09-27T10:00Z,2.3,Bhimtal,0.6,4661
2026-09-27T07:42Z,2026-09-27T11:00Z,3.3,Bhimtal,0.2,4619
2026-09-27T07:42Z,2026-09-27T12:00Z,4.3,Bhimtal,0.0,4667
2026-09-27T07:42Z,2026-09-27T13:00Z,5.3,Bhimtal,0.0,4610
2026-09-27T07:42Z,2026-09-27T14:00Z,6.3,Bhimtal,0.1,4532
2026-09-27T07:42Z,2026-09-27T15:00Z,7.3,Bhimtal,0.1,4533
2026-09-27T07:42Z,2026-09-27T05:00Z,-2.7,Pithoragarh,0.2,4740
2026-09-27T07:42Z,2026-09-27T06:00Z,-1.7,Pithoragarh,0.1,4712
2026-09-27T07:42Z,2026-09-27T07:00Z,-0.7,Pithoragarh,0.1,4645
2026-09-27T07:42Z,2026-09-27T08:00Z,0.3,Pithoragarh,0.7,4607
2026-09-27T07:42Z,2026-09-27T09:00Z,1.3,Pithoragarh,0.4,4429
2026-09-27T07:42Z,2026-09-27T10:00Z,2.3,Pithoragarh,0.3,4547
2026-09-27T07:42Z,2026-09-27T11:00Z,3.3,Pithoragarh,0.4,4511
2026-09-27T07:42Z,2026-09-27T12:00Z,4.3,Pithoragarh,0.2,4472
2026-09-27T07:42Z,2026-09-27T13:00Z,5.3,Pithoragarh,0.6,4529
2026-09-27T07:42Z,2026-09-27T14:00Z,6.3,Pithoragarh,1.0,4409
2026-09-27T07:42Z,2026-09-27T15:00Z,7.3,Pithoragarh,1.3,4484
2026-09-27T07:42Z,2026-09-27T05:00Z,-2.7,Jumla,0.1,4629
2026-09-27T07:42Z,2026-09-27T06:00Z,-1.7,Jumla,0.3,4675
2026-09-27T07:42Z,2026-09-27T07:00Z,-0.7,Jumla,0.4,4628
2026-09-27T07:42Z,2026-09-27T08:00Z,0.3,Jumla,0.3,4623
2026-09-27T07:42Z,2026-09-27T09:00Z,1.3,Jumla,0.5,4629
2026-09-27T07:42Z,2026-09-27T10:00Z,2.3,Jumla,0.3,4656
2026-09-27T07:42Z,2026-09-27T11:00Z,3.3,Jumla,0.5,4628
2026-09-27T07:42Z,2026-09-27T12:00Z,4.3,Jumla,0.3,4603
2026-09-27T07:42Z,2026-09-27T13:00Z,5.3,Jumla,0.1,4568
2026-09-27T07:42Z,2026-09-27T14:00Z,6.3,Jumla,0.1,4540
2026-09-27T07:42Z,2026-09-27T15:00Z,7.3,Jumla,0.0,4519
2026-09-27T07:42Z,2026-09-27T05:00Z,-2.7,Jomsom,0.6,4573
2026-09-27T07:42Z,2026-09-27T06:00Z,-1.7,Jomsom,0.4,4761
2026-09-27T07:42Z,2026-09-27T07:00Z,-0.7,Jomsom,0.0,4730
2026-09-27T07:42Z,2026-09-27T08:00Z,0.3,Jomsom,0.1,4731
2026-09-27T07:42Z,2026-09-27T09:00Z,1.3,Jomsom,0.0,4733
2026-09-27T07:42Z,2026-09-27T10:00Z,2.3,Jomsom,0.1,4718
2026-09-27T07:42Z,2026-09-27T11:00Z,3.3,Jomsom,0.0,4692
2026-09-27T07:42Z,2026-09-27T12:00Z,4.3,Jomsom,0.0,4685
2026-09-27T07:42Z,2026-09-27T13:00Z,5.3,Jomsom,0.0,4618
2026-09-27T07:42Z,2026-09-27T14:00Z,6.3,Jomsom,0.0,4570
2026-09-27T07:42Z,2026-09-27T15:00Z,7.3,Jomsom,0.0,4553
2026-09-27T07:42Z,2026-09-27T05:00Z,-2.7,Pokhara,1.8,4696
2026-09-27T07:42Z,2026-09-27T06:00Z,-1.7,Pokhara,1.5,4970
2026-09-27T07:42Z,2026-09-27T07:00Z,-0.7,Pokhara,0.1,4659
2026-09-27T07:42Z,2026-09-27T08:00Z,0.3,Pokhara,0.0,4599
2026-09-27T07:42Z,2026-09-27T09:00Z,1.3,Pokhara,0.0,4720
2026-09-27T07:42Z,2026-09-27T10:00Z,2.3,Pokhara,0.0,4686
2026-09-27T07:42Z,2026-09-27T11:00Z,3.3,Pokhara,0.0,4639
2026-09-27T07:42Z,2026-09-27T12:00Z,4.3,Pokhara,0.0,4637
2026-09-27T07:42Z,2026-09-27T13:00Z,5.3,Pokhara,0.0,4596
2026-09-27T07:42Z,2026-09-27T14:00Z,6.3,Pokhara,0.0,4577
2026-09-27T07:42Z,2026-09-27T15:00Z,7.3,Pokhara,0.0,4625
2026-09-27T07:42Z,2026-09-27T05:00Z,-2.7,Kathmandu,1.4,4791
2026-09-27T07:42Z,2026-09-27T06:00Z,-1.7,Kathmandu,1.5,4833
2026-09-27T07:42Z,2026-09-27T07:00Z,-0.7,Kathmandu,1.4,4771
2026-09-27T07:42Z,2026-09-27T08:00Z,0.3,Kathmandu,0.4,4761
2026-09-27T07:42Z,2026-09-27T09:00Z,1.3,Kathmandu,0.1,4779
2026-09-27T07:42Z,2026-09-27T10:00Z,2.3,Kathmandu,0.0,4872
2026-09-27T07:42Z,2026-09-27T11:00Z,3.3,Kathmandu,0.0,4895
2026-09-27T07:42Z,2026-09-27T12:00Z,4.3,Kathmandu,0.0,4910
2026-09-27T07:42Z,2026-09-27T13:00Z,5.3,Kathmandu,0.0,4932
2026-09-27T07:42Z,2026-09-27T14:00Z,6.3,Kathmandu,0.0,4949
2026-09-27T07:42Z,2026-09-27T15:00Z,7.3,Kathmandu,0.0,4986
2026-09-27T07:42Z,2026-09-27T05:00Z,-2.7,Namche Bazaar,0.7,4758
2026-09-27T07:42Z,2026-09-27T06:00Z,-1.7,Namche Bazaar,0.6,4729
2026-09-27T07:42Z,2026-09-27T07:00Z,-0.7,Namche Bazaar,0.7,4739
2026-09-27T07:42Z,2026-09-27T08:00Z,0.3,Namche Bazaar,0.5,4806
2026-09-27T07:42Z,2026-09-27T09:00Z,1.3,Namche Bazaar,0.3,4907
2026-09-27T07:42Z,2026-09-27T10:00Z,2.3,Namche Bazaar,0.1,4890
2026-09-27T07:42Z,2026-09-27T11:00Z,3.3,Namche Bazaar,0.0,4927
2026-09-27T07:42Z,2026-09-27T12:00Z,4.3,Namche Bazaar,0.0,4972
2026-09-27T07:42Z,2026-09-27T13:00Z,5.3,Namche Bazaar,0.0,4969
2026-09-27T07:42Z,2026-09-27T14:00Z,6.3,Namche Bazaar,0.0,4981
2026-09-27T07:42Z,2026-09-27T15:00Z,7.3,Namche Bazaar,0.0,4992
2026-09-27T07:42Z,2026-09-27T05:00Z,-2.7,Darjeeling,0.0,4851
2026-09-27T07:42Z,2026-09-27T06:00Z,-1.7,Darjeeling,0.1,4844
2026-09-27T07:42Z,2026-09-27T07:00Z,-0.7,Darjeeling,0.1,4856
2026-09-27T07:42Z,2026-09-27T08:00Z,0.3,Darjeeling,0.0,4917
2026-09-27T07:42Z,2026-09-27T09:00Z,1.3,Darjeeling,0.0,4967
2026-09-27T07:42Z,2026-09-27T10:00Z,2.3,Darjeeling,0.0,5011
2026-09-27T07:42Z,2026-09-27T11:00Z,3.3,Darjeeling,0.0,5015
2026-09-27T07:42Z,2026-09-27T12:00Z,4.3,Darjeeling,0.0,5000
2026-09-27T07:42Z,2026-09-27T13:00Z,5.3,Darjeeling,0.0,5019
2026-09-27T07:42Z,2026-09-27T14:00Z,6.3,Darjeeling,0.0,5063
2026-09-27T07:42Z,2026-09-27T15:00Z,7.3,Darjeeling,0.0,5047
2026-09-27T07:42Z,2026-09-27T05:00Z,-2.7,Gangtok,0.0,4830
2026-09-27T07:42Z,2026-09-27T06:00Z,-1.7,Gangtok,0.1,4851
2026-09-27T07:42Z,2026-09-27T07:00Z,-0.7,Gangtok,0.0,4836
2026-09-27T07:42Z,2026-09-27T08:00Z,0.3,Gangtok,0.1,4901
2026-09-27T07:42Z,2026-09-27T09:00Z,1.3,Gangtok,0.0,4955
2026-09-27T07:42Z,2026-09-27T10:00Z,2.3,Gangtok,0.0,5002
2026-09-27T07:42Z,2026-09-27T11:00Z,3.3,Gangtok,0.0,5023
2026-09-27T07:42Z,2026-09-27T12:00Z,4.3,Gangtok,0.0,5037
2026-09-27T07:42Z,2026-09-27T13:00Z,5.3,Gangtok,0.0,5100
2026-09-27T07:42Z,2026-09-27T14:00Z,6.3,Gangtok,0.0,5148
2026-09-27T07:42Z,2026-09-27T15:00Z,7.3,Gangtok,0.0,5162
2026-09-27T07:42Z,2026-09-27T05:00Z,-2.7,Thimphu,0.0,4731
2026-09-27T07:42Z,2026-09-27T06:00Z,-1.7,Thimphu,0.0,4766
2026-09-27T07:42Z,2026-09-27T07:00Z,-0.7,Thimphu,0.0,4824
2026-09-27T07:42Z,2026-09-27T08:00Z,0.3,Thimphu,0.1,4882
2026-09-27T07:42Z,2026-09-27T09:00Z,1.3,Thimphu,0.1,4919
2026-09-27T07:42Z,2026-09-27T10:00Z,2.3,Thimphu,0.1,4964
2026-09-27T07:42Z,2026-09-27T11:00Z,3.3,Thimphu,0.0,5004
2026-09-27T07:42Z,2026-09-27T12:00Z,4.3,Thimphu,0.0,5028
2026-09-27T07:42Z,2026-09-27T13:00Z,5.3,Thimphu,0.0,5068
2026-09-27T07:42Z,2026-09-27T14:00Z,6.3,Thimphu,0.0,5096
2026-09-27T07:42Z,2026-09-27T15:00Z,7.3,Thimphu,0.0,5098
2026-09-27T07:42Z,2026-09-27T05:00Z,-2.7,Tawang,0.1,5043
2026-09-27T07:42Z,2026-09-27T06:00Z,-1.7,Tawang,0.2,5084
2026-09-27T07:42Z,2026-09-27T07:00Z,-0.7,Tawang,0.3,5114
2026-09-27T07:42Z,2026-09-27T08:00Z,0.3,Tawang,0.2,5121
2026-09-27T07:42Z,2026-09-27T09:00Z,1.3,Tawang,0.1,5254
2026-09-27T07:42Z,2026-09-27T10:00Z,2.3,Tawang,0.1,5333
2026-09-27T07:42Z,2026-09-27T11:00Z,3.3,Tawang,0.0,5391
2026-09-27T07:42Z,2026-09-27T12:00Z,4.3,Tawang,0.0,5449
2026-09-27T07:42Z,2026-09-27T13:00Z,5.3,Tawang,0.0,5535
2026-09-27T07:42Z,2026-09-27T14:00Z,6.3,Tawang,0.0,5582
2026-09-27T07:42Z,2026-09-27T15:00Z,7.3,Tawang,0.0,5585
2026-09-27T07:42Z,2026-09-27T05:00Z,-2.7,Lhasa,0.0,5314
2026-09-27T07:42Z,2026-09-27T06:00Z,-1.7,Lhasa,0.0,5378
2026-09-27T07:42Z,2026-09-27T07:00Z,-0.7,Lhasa,0.0,5486
2026-09-27T07:42Z,2026-09-27T08:00Z,0.3,Lhasa,0.1,5568
2026-09-27T07:42Z,2026-09-27T09:00Z,1.3,Lhasa,0.1,5678
2026-09-27T07:42Z,2026-09-27T10:00Z,2.3,Lhasa,0.0,5695
2026-09-27T07:42Z,2026-09-27T11:00Z,3.3,Lhasa,0.0,5679
2026-09-27T07:42Z,2026-09-27T12:00Z,4.3,Lhasa,0.0,5647
2026-09-27T07:42Z,2026-09-27T13:00Z,5.3,Lhasa,0.0,5620
2026-09-27T07:42Z,2026-09-27T14:00Z,6.3,Lhasa,0.0,5591
2026-09-27T07:42Z,2026-09-27T15:00Z,7.3,Lhasa,0.0,5568
2026-09-27T07:42Z,2026-09-27T05:00Z,-2.7,Shigatse,0.0,5037
2026-09-27T07:42Z,2026-09-27T06:00Z,-1.7,Shigatse,0.0,5241
2026-09-27T07:42Z,2026-09-27T07:00Z,-0.7,Shigatse,0.0,5350
2026-09-27T07:42Z,2026-09-27T08:00Z,0.3,Shigatse,0.0,5430
2026-09-27T07:42Z,2026-09-27T09:00Z,1.3,Shigatse,0.0,5493
2026-09-27T07:42Z,2026-09-27T10:00Z,2.3,Shigatse,0.0,5531
2026-09-27T07:42Z,2026-09-27T11:00Z,3.3,Shigatse,0.0,5527
2026-09-27T07:42Z,2026-09-27T12:00Z,4.3,Shigatse,0.0,5492
2026-09-27T07:42Z,2026-09-27T13:00Z,5.3,Shigatse,0.0,5440
2026-09-27T07:42Z,2026-09-27T14:00Z,6.3,Shigatse,0.0,5430
2026-09-27T07:42Z,2026-09-27T15:00Z,7.3,Shigatse,0.0,5434
2026-09-27T07:42Z,2026-09-27T05:00Z,-2.7,Itanagar,0.1,5313
2026-09-27T07:42Z,2026-09-27T06:00Z,-1.7,Itanagar,0.1,5344
2026-09-27T07:42Z,2026-09-27T07:00Z,-0.7,Itanagar,0.1,5376
2026-09-27T07:42Z,2026-09-27T08:00Z,0.3,Itanagar,0.3,5398
2026-09-27T07:42Z,2026-09-27T09:00Z,1.3,Itanagar,0.2,5456
2026-09-27T07:42Z,2026-09-27T10:00Z,2.3,Itanagar,0.2,5526
2026-09-27T07:42Z,2026-09-27T11:00Z,3.3,Itanagar,0.2,5575
2026-09-27T07:42Z,2026-09-27T12:00Z,4.3,Itanagar,0.1,5635
2026-09-27T07:42Z,2026-09-27T13:00Z,5.3,Itanagar,0.0,5689
2026-09-27T07:42Z,2026-09-27T14:00Z,6.3,Itanagar,0.0,5686
2026-09-27T07:42Z,2026-09-27T15:00Z,7.3,Itanagar,0.0,5659
2026-09-27T07:58Z,2026-09-27T05:00Z,-2.97,Gilgit,0.0,3858
2026-09-27T07:58Z,2026-09-27T06:00Z,-1.97,Gilgit,0.0,3779
2026-09-27T07:58Z,2026-09-27T07:00Z,-0.97,Gilgit,0.1,3792
2026-09-27T07:58Z,2026-09-27T08:00Z,0.03,Gilgit,0.1,4253
2026-09-27T07:58Z,2026-09-27T09:00Z,1.03,Gilgit,0.4,4284
2026-09-27T07:58Z,2026-09-27T10:00Z,2.03,Gilgit,0.1,4337
2026-09-27T07:58Z,2026-09-27T11:00Z,3.03,Gilgit,0.0,4389
2026-09-27T07:58Z,2026-09-27T12:00Z,4.03,Gilgit,0.0,4379
2026-09-27T07:58Z,2026-09-27T13:00Z,5.03,Gilgit,0.0,4350
2026-09-27T07:58Z,2026-09-27T14:00Z,6.03,Gilgit,0.0,4330
2026-09-27T07:58Z,2026-09-27T15:00Z,7.03,Gilgit,0.0,4320
2026-09-27T07:58Z,2026-09-27T05:00Z,-2.97,Skardu,0.0,4174
2026-09-27T07:58Z,2026-09-27T06:00Z,-1.97,Skardu,0.0,4204
2026-09-27T07:58Z,2026-09-27T07:00Z,-0.97,Skardu,0.0,4251
2026-09-27T07:58Z,2026-09-27T08:00Z,0.03,Skardu,0.1,4285
2026-09-27T07:58Z,2026-09-27T09:00Z,1.03,Skardu,0.1,4307
2026-09-27T07:58Z,2026-09-27T10:00Z,2.03,Skardu,0.0,4336
2026-09-27T07:58Z,2026-09-27T11:00Z,3.03,Skardu,0.0,4550
2026-09-27T07:58Z,2026-09-27T12:00Z,4.03,Skardu,0.0,4530
2026-09-27T07:58Z,2026-09-27T13:00Z,5.03,Skardu,0.0,4476
2026-09-27T07:58Z,2026-09-27T14:00Z,6.03,Skardu,0.0,4424
2026-09-27T07:58Z,2026-09-27T15:00Z,7.03,Skardu,0.0,4390
2026-09-27T07:58Z,2026-09-27T05:00Z,-2.97,Srinagar,0.0,4255
2026-09-27T07:58Z,2026-09-27T06:00Z,-1.97,Srinagar,0.0,4231
2026-09-27T07:58Z,2026-09-27T07:00Z,-0.97,Srinagar,0.0,4267
2026-09-27T07:58Z,2026-09-27T08:00Z,0.03,Srinagar,0.0,4264
2026-09-27T07:58Z,2026-09-27T09:00Z,1.03,Srinagar,0.0,4275
2026-09-27T07:58Z,2026-09-27T10:00Z,2.03,Srinagar,0.1,4274
2026-09-27T07:58Z,2026-09-27T11:00Z,3.03,Srinagar,0.0,4288
2026-09-27T07:58Z,2026-09-27T12:00Z,4.03,Srinagar,0.0,4304
2026-09-27T07:58Z,2026-09-27T13:00Z,5.03,Srinagar,0.0,4283
2026-09-27T07:58Z,2026-09-27T14:00Z,6.03,Srinagar,0.0,4257
2026-09-27T07:58Z,2026-09-27T15:00Z,7.03,Srinagar,0.0,4231
2026-09-27T07:58Z,2026-09-27T05:00Z,-2.97,Leh,0.0,4511
2026-09-27T07:58Z,2026-09-27T06:00Z,-1.97,Leh,0.0,4563
2026-09-27T07:58Z,2026-09-27T07:00Z,-0.97,Leh,0.0,4613
2026-09-27T07:58Z,2026-09-27T08:00Z,0.03,Leh,0.0,4656
2026-09-27T07:58Z,2026-09-27T09:00Z,1.03,Leh,0.0,4697
2026-09-27T07:58Z,2026-09-27T10:00Z,2.03,Leh,0.0,4765
2026-09-27T07:58Z,2026-09-27T11:00Z,3.03,Leh,0.0,4795
2026-09-27T07:58Z,2026-09-27T12:00Z,4.03,Leh,0.0,4812
2026-09-27T07:58Z,2026-09-27T13:00Z,5.03,Leh,0.0,4794
2026-09-27T07:58Z,2026-09-27T14:00Z,6.03,Leh,0.0,4726
2026-09-27T07:58Z,2026-09-27T15:00Z,7.03,Leh,0.0,4666
2026-09-27T07:58Z,2026-09-27T05:00Z,-2.97,Jammu,0.0,4524
2026-09-27T07:58Z,2026-09-27T06:00Z,-1.97,Jammu,0.0,4543
2026-09-27T07:58Z,2026-09-27T07:00Z,-0.97,Jammu,0.0,4510
2026-09-27T07:58Z,2026-09-27T08:00Z,0.03,Jammu,0.1,4492
2026-09-27T07:58Z,2026-09-27T09:00Z,1.03,Jammu,0.1,4492
2026-09-27T07:58Z,2026-09-27T10:00Z,2.03,Jammu,0.0,4491
2026-09-27T07:58Z,2026-09-27T11:00Z,3.03,Jammu,0.0,4493
2026-09-27T07:58Z,2026-09-27T12:00Z,4.03,Jammu,0.0,4484
2026-09-27T07:58Z,2026-09-27T13:00Z,5.03,Jammu,0.0,4472
2026-09-27T07:58Z,2026-09-27T14:00Z,6.03,Jammu,0.0,4442
2026-09-27T07:58Z,2026-09-27T15:00Z,7.03,Jammu,0.0,4436
2026-09-27T07:58Z,2026-09-27T05:00Z,-2.97,Dharamshala,0.0,4418
2026-09-27T07:58Z,2026-09-27T06:00Z,-1.97,Dharamshala,0.1,4385
2026-09-27T07:58Z,2026-09-27T07:00Z,-0.97,Dharamshala,0.2,4366
2026-09-27T07:58Z,2026-09-27T08:00Z,0.03,Dharamshala,0.2,4363
2026-09-27T07:58Z,2026-09-27T09:00Z,1.03,Dharamshala,0.1,4344
2026-09-27T07:58Z,2026-09-27T10:00Z,2.03,Dharamshala,0.1,4424
2026-09-27T07:58Z,2026-09-27T11:00Z,3.03,Dharamshala,0.1,4424
2026-09-27T07:58Z,2026-09-27T12:00Z,4.03,Dharamshala,0.0,4395
2026-09-27T07:58Z,2026-09-27T13:00Z,5.03,Dharamshala,0.0,4390
2026-09-27T07:58Z,2026-09-27T14:00Z,6.03,Dharamshala,0.0,4386
2026-09-27T07:58Z,2026-09-27T15:00Z,7.03,Dharamshala,0.0,4394
2026-09-27T07:58Z,2026-09-27T05:00Z,-2.97,Manali,0.0,4471
2026-09-27T07:58Z,2026-09-27T06:00Z,-1.97,Manali,0.0,4315
2026-09-27T07:58Z,2026-09-27T07:00Z,-0.97,Manali,0.1,4394
2026-09-27T07:58Z,2026-09-27T08:00Z,0.03,Manali,0.2,4369
2026-09-27T07:58Z,2026-09-27T09:00Z,1.03,Manali,0.1,4373
2026-09-27T07:58Z,2026-09-27T10:00Z,2.03,Manali,0.3,4401
2026-09-27T07:58Z,2026-09-27T11:00Z,3.03,Manali,1.3,4424
2026-09-27T07:58Z,2026-09-27T12:00Z,4.03,Manali,1.5,4437
2026-09-27T07:58Z,2026-09-27T13:00Z,5.03,Manali,0.1,4439
2026-09-27T07:58Z,2026-09-27T14:00Z,6.03,Manali,0.0,4434
2026-09-27T07:58Z,2026-09-27T15:00Z,7.03,Manali,0.0,4414
2026-09-27T07:58Z,2026-09-27T05:00Z,-2.97,Kaza,1.4,4766
2026-09-27T07:58Z,2026-09-27T06:00Z,-1.97,Kaza,1.1,4778
2026-09-27T07:58Z,2026-09-27T07:00Z,-0.97,Kaza,0.7,4790
2026-09-27T07:58Z,2026-09-27T08:00Z,0.03,Kaza,1.5,4801
2026-09-27T07:58Z,2026-09-27T09:00Z,1.03,Kaza,1.2,4808
2026-09-27T07:58Z,2026-09-27T10:00Z,2.03,Kaza,0.5,4809
2026-09-27T07:58Z,2026-09-27T11:00Z,3.03,Kaza,0.2,4811
2026-09-27T07:58Z,2026-09-27T12:00Z,4.03,Kaza,0.1,4809
2026-09-27T07:58Z,2026-09-27T13:00Z,5.03,Kaza,0.1,4780
2026-09-27T07:58Z,2026-09-27T14:00Z,6.03,Kaza,0.1,4734
2026-09-27T07:58Z,2026-09-27T15:00Z,7.03,Kaza,0.1,4703
2026-09-27T07:58Z,2026-09-27T05:00Z,-2.97,Shimla,0.3,4603
2026-09-27T07:58Z,2026-09-27T06:00Z,-1.97,Shimla,0.2,4591
2026-09-27T07:58Z,2026-09-27T07:00Z,-0.97,Shimla,0.0,4472
2026-09-27T07:58Z,2026-09-27T08:00Z,0.03,Shimla,0.0,4543
2026-09-27T07:58Z,2026-09-27T09:00Z,1.03,Shimla,0.1,4490
2026-09-27T07:58Z,2026-09-27T10:00Z,2.03,Shimla,0.0,4497
2026-09-27T07:58Z,2026-09-27T11:00Z,3.03,Shimla,0.2,4492
2026-09-27T07:58Z,2026-09-27T12:00Z,4.03,Shimla,0.1,4447
2026-09-27T07:58Z,2026-09-27T13:00Z,5.03,Shimla,0.0,4484
2026-09-27T07:58Z,2026-09-27T14:00Z,6.03,Shimla,0.0,4479
2026-09-27T07:58Z,2026-09-27T15:00Z,7.03,Shimla,0.0,4427
2026-09-27T07:58Z,2026-09-27T05:00Z,-2.97,Dehradun,2.2,4578
2026-09-27T07:58Z,2026-09-27T06:00Z,-1.97,Dehradun,2.4,4575
2026-09-27T07:58Z,2026-09-27T07:00Z,-0.97,Dehradun,3.0,4636
2026-09-27T07:58Z,2026-09-27T08:00Z,0.03,Dehradun,4.0,4631
2026-09-27T07:58Z,2026-09-27T09:00Z,1.03,Dehradun,3.7,4622
2026-09-27T07:58Z,2026-09-27T10:00Z,2.03,Dehradun,3.1,4547
2026-09-27T07:58Z,2026-09-27T11:00Z,3.03,Dehradun,2.6,4396
2026-09-27T07:58Z,2026-09-27T12:00Z,4.03,Dehradun,2.5,4370
2026-09-27T07:58Z,2026-09-27T13:00Z,5.03,Dehradun,3.5,4289
2026-09-27T07:58Z,2026-09-27T14:00Z,6.03,Dehradun,1.7,4311
2026-09-27T07:58Z,2026-09-27T15:00Z,7.03,Dehradun,1.5,4553
2026-09-27T07:58Z,2026-09-27T05:00Z,-2.97,Uttarkashi,2.2,4521
2026-09-27T07:58Z,2026-09-27T06:00Z,-1.97,Uttarkashi,1.8,4527
2026-09-27T07:58Z,2026-09-27T07:00Z,-0.97,Uttarkashi,2.2,4564
2026-09-27T07:58Z,2026-09-27T08:00Z,0.03,Uttarkashi,3.4,4529
2026-09-27T07:58Z,2026-09-27T09:00Z,1.03,Uttarkashi,3.2,4510
2026-09-27T07:58Z,2026-09-27T10:00Z,2.03,Uttarkashi,2.4,4439
2026-09-27T07:58Z,2026-09-27T11:00Z,3.03,Uttarkashi,1.9,4344
2026-09-27T07:58Z,2026-09-27T12:00Z,4.03,Uttarkashi,2.0,4348
2026-09-27T07:58Z,2026-09-27T13:00Z,5.03,Uttarkashi,2.0,4310
2026-09-27T07:58Z,2026-09-27T14:00Z,6.03,Uttarkashi,1.2,4317
2026-09-27T07:58Z,2026-09-27T15:00Z,7.03,Uttarkashi,0.9,4425
2026-09-27T07:58Z,2026-09-27T05:00Z,-2.97,Joshimath,2.5,4522
2026-09-27T07:58Z,2026-09-27T06:00Z,-1.97,Joshimath,2.5,4531
2026-09-27T07:58Z,2026-09-27T07:00Z,-0.97,Joshimath,1.5,4521
2026-09-27T07:58Z,2026-09-27T08:00Z,0.03,Joshimath,2.9,4495
2026-09-27T07:58Z,2026-09-27T09:00Z,1.03,Joshimath,0.3,4411
2026-09-27T07:58Z,2026-09-27T10:00Z,2.03,Joshimath,0.3,4401
2026-09-27T07:58Z,2026-09-27T11:00Z,3.03,Joshimath,0.3,4416
2026-09-27T07:58Z,2026-09-27T12:00Z,4.03,Joshimath,0.1,4414
2026-09-27T07:58Z,2026-09-27T13:00Z,5.03,Joshimath,0.1,4403
2026-09-27T07:58Z,2026-09-27T14:00Z,6.03,Joshimath,0.2,4368
2026-09-27T07:58Z,2026-09-27T15:00Z,7.03,Joshimath,0.2,4359
2026-09-27T07:58Z,2026-09-27T05:00Z,-2.97,Bhimtal,1.1,4831
2026-09-27T07:58Z,2026-09-27T06:00Z,-1.97,Bhimtal,0.5,4853
2026-09-27T07:58Z,2026-09-27T07:00Z,-0.97,Bhimtal,0.1,4811
2026-09-27T07:58Z,2026-09-27T08:00Z,0.03,Bhimtal,0.1,4860
2026-09-27T07:58Z,2026-09-27T09:00Z,1.03,Bhimtal,0.3,4777
2026-09-27T07:58Z,2026-09-27T10:00Z,2.03,Bhimtal,0.6,4661
2026-09-27T07:58Z,2026-09-27T11:00Z,3.03,Bhimtal,0.2,4619
2026-09-27T07:58Z,2026-09-27T12:00Z,4.03,Bhimtal,0.0,4667
2026-09-27T07:58Z,2026-09-27T13:00Z,5.03,Bhimtal,0.0,4610
2026-09-27T07:58Z,2026-09-27T14:00Z,6.03,Bhimtal,0.1,4532
2026-09-27T07:58Z,2026-09-27T15:00Z,7.03,Bhimtal,0.1,4533
2026-09-27T07:58Z,2026-09-27T05:00Z,-2.97,Pithoragarh,0.2,4740
2026-09-27T07:58Z,2026-09-27T06:00Z,-1.97,Pithoragarh,0.1,4712
2026-09-27T07:58Z,2026-09-27T07:00Z,-0.97,Pithoragarh,0.1,4645
2026-09-27T07:58Z,2026-09-27T08:00Z,0.03,Pithoragarh,0.7,4607
2026-09-27T07:58Z,2026-09-27T09:00Z,1.03,Pithoragarh,0.4,4429
2026-09-27T07:58Z,2026-09-27T10:00Z,2.03,Pithoragarh,0.3,4547
2026-09-27T07:58Z,2026-09-27T11:00Z,3.03,Pithoragarh,0.4,4511
2026-09-27T07:58Z,2026-09-27T12:00Z,4.03,Pithoragarh,0.2,4472
2026-09-27T07:58Z,2026-09-27T13:00Z,5.03,Pithoragarh,0.6,4529
2026-09-27T07:58Z,2026-09-27T14:00Z,6.03,Pithoragarh,1.0,4409
2026-09-27T07:58Z,2026-09-27T15:00Z,7.03,Pithoragarh,1.3,4484
2026-09-27T07:58Z,2026-09-27T05:00Z,-2.97,Jumla,0.1,4629
2026-09-27T07:58Z,2026-09-27T06:00Z,-1.97,Jumla,0.3,4675
2026-09-27T07:58Z,2026-09-27T07:00Z,-0.97,Jumla,0.4,4628
2026-09-27T07:58Z,2026-09-27T08:00Z,0.03,Jumla,0.3,4623
2026-09-27T07:58Z,2026-09-27T09:00Z,1.03,Jumla,0.5,4629
2026-09-27T07:58Z,2026-09-27T10:00Z,2.03,Jumla,0.3,4656
2026-09-27T07:58Z,2026-09-27T11:00Z,3.03,Jumla,0.5,4628
2026-09-27T07:58Z,2026-09-27T12:00Z,4.03,Jumla,0.3,4603
2026-09-27T07:58Z,2026-09-27T13:00Z,5.03,Jumla,0.1,4568
2026-09-27T07:58Z,2026-09-27T14:00Z,6.03,Jumla,0.1,4540
2026-09-27T07:58Z,2026-09-27T15:00Z,7.03,Jumla,0.0,4519
2026-09-27T07:58Z,2026-09-27T05:00Z,-2.97,Jomsom,0.6,4573
2026-09-27T07:58Z,2026-09-27T06:00Z,-1.97,Jomsom,0.4,4761
2026-09-27T07:58Z,2026-09-27T07:00Z,-0.97,Jomsom,0.0,4730
2026-09-27T07:58Z,2026-09-27T08:00Z,0.03,Jomsom,0.1,4731
2026-09-27T07:58Z,2026-09-27T09:00Z,1.03,Jomsom,0.0,4733
2026-09-27T07:58Z,2026-09-27T10:00Z,2.03,Jomsom,0.1,4718
2026-09-27T07:58Z,2026-09-27T11:00Z,3.03,Jomsom,0.0,4692
2026-09-27T07:58Z,2026-09-27T12:00Z,4.03,Jomsom,0.0,4685
2026-09-27T07:58Z,2026-09-27T13:00Z,5.03,Jomsom,0.0,4618
2026-09-27T07:58Z,2026-09-27T14:00Z,6.03,Jomsom,0.0,4570
2026-09-27T07:58Z,2026-09-27T15:00Z,7.03,Jomsom,0.0,4553
2026-09-27T07:58Z,2026-09-27T05:00Z,-2.97,Pokhara,1.8,4696
2026-09-27T07:58Z,2026-09-27T06:00Z,-1.97,Pokhara,1.5,4970
2026-09-27T07:58Z,2026-09-27T07:00Z,-0.97,Pokhara,0.1,4659
2026-09-27T07:58Z,2026-09-27T08:00Z,0.03,Pokhara,0.0,4599
2026-09-27T07:58Z,2026-09-27T09:00Z,1.03,Pokhara,0.0,4720
2026-09-27T07:58Z,2026-09-27T10:00Z,2.03,Pokhara,0.0,4686
2026-09-27T07:58Z,2026-09-27T11:00Z,3.03,Pokhara,0.0,4639
2026-09-27T07:58Z,2026-09-27T12:00Z,4.03,Pokhara,0.0,4637
2026-09-27T07:58Z,2026-09-27T13:00Z,5.03,Pokhara,0.0,4596
2026-09-27T07:58Z,2026-09-27T14:00Z,6.03,Pokhara,0.0,4577
2026-09-27T07:58Z,2026-09-27T15:00Z,7.03,Pokhara,0.0,4625
2026-09-27T07:58Z,2026-09-27T05:00Z,-2.97,Kathmandu,1.4,4791
2026-09-27T07:58Z,2026-09-27T06:00Z,-1.97,Kathmandu,1.5,4833
2026-09-27T07:58Z,2026-09-27T07:00Z,-0.97,Kathmandu,1.4,4771
2026-09-27T07:58Z,2026-09-27T08:00Z,0.03,Kathmandu,0.4,4761
2026-09-27T07:58Z,2026-09-27T09:00Z,1.03,Kathmandu,0.1,4779
2026-09-27T07:58Z,2026-09-27T10:00Z,2.03,Kathmandu,0.0,4872
2026-09-27T07:58Z,2026-09-27T11:00Z,3.03,Kathmandu,0.0,4895
2026-09-27T07:58Z,2026-09-27T12:00Z,4.03,Kathmandu,0.0,4910
2026-09-27T07:58Z,2026-09-27T13:00Z,5.03,Kathmandu,0.0,4932
2026-09-27T07:58Z,2026-09-27T14:00Z,6.03,Kathmandu,0.0,4949
2026-09-27T07:58Z,2026-09-27T15:00Z,7.03,Kathmandu,0.0,4986
2026-09-27T07:58Z,2026-09-27T05:00Z,-2.97,Namche Bazaar,0.7,4758
2026-09-27T07:58Z,2026-09-27T06:00Z,-1.97,Namche Bazaar,0.6,4729
2026-09-27T07:58Z,2026-09-27T07:00Z,-0.97,Namche Bazaar,0.7,4739
2026-09-27T07:58Z,2026-09-27T08:00Z,0.03,Namche Bazaar,0.5,4806
2026-09-27T07:58Z,2026-09-27T09:00Z,1.03,Namche Bazaar,0.3,4907
2026-09-27T07:58Z,2026-09-27T10:00Z,2.03,Namche Bazaar,0.1,4890
2026-09-27T07:58Z,2026-09-27T11:00Z,3.03,Namche Bazaar,0.0,4927
2026-09-27T07:58Z,2026-09-27T12:00Z,4.03,Namche Bazaar,0.0,4972
2026-09-27T07:58Z,2026-09-27T13:00Z,5.03,Namche Bazaar,0.0,4969
2026-09-27T07:58Z,2026-09-27T14:00Z,6.03,Namche Bazaar,0.0,4981
2026-09-27T07:58Z,2026-09-27T15:00Z,7.03,Namche Bazaar,0.0,4992
2026-09-27T07:58Z,2026-09-27T05:00Z,-2.97,Darjeeling,0.0,4851
2026-09-27T07:58Z,2026-09-27T06:00Z,-1.97,Darjeeling,0.1,4844
2026-09-27T07:58Z,2026-09-27T07:00Z,-0.97,Darjeeling,0.1,4856
2026-09-27T07:58Z,2026-09-27T08:00Z,0.03,Darjeeling,0.0,4917
2026-09-27T07:58Z,2026-09-27T09:00Z,1.03,Darjeeling,0.0,4967
2026-09-27T07:58Z,2026-09-27T10:00Z,2.03,Darjeeling,0.0,5011
2026-09-27T07:58Z,2026-09-27T11:00Z,3.03,Darjeeling,0.0,5015
2026-09-27T07:58Z,2026-09-27T12:00Z,4.03,Darjeeling,0.0,5000
2026-09-27T07:58Z,2026-09-27T13:00Z,5.03,Darjeeling,0.0,5019
2026-09-27T07:58Z,2026-09-27T14:00Z,6.03,Darjeeling,0.0,5063
2026-09-27T07:58Z,2026-09-27T15:00Z,7.03,Darjeeling,0.0,5047
2026-09-27T07:58Z,2026-09-27T05:00Z,-2.97,Gangtok,0.0,4830
2026-09-27T07:58Z,2026-09-27T06:00Z,-1.97,Gangtok,0.1,4851
2026-09-27T07:58Z,2026-09-27T07:00Z,-0.97,Gangtok,0.0,4836
2026-09-27T07:58Z,2026-09-27T08:00Z,0.03,Gangtok,0.1,4901
2026-09-27T07:58Z,2026-09-27T09:00Z,1.03,Gangtok,0.0,4955
2026-09-27T07:58Z,2026-09-27T10:00Z,2.03,Gangtok,0.0,5002
2026-09-27T07:58Z,2026-09-27T11:00Z,3.03,Gangtok,0.0,5023
2026-09-27T07:58Z,2026-09-27T12:00Z,4.03,Gangtok,0.0,5037
2026-09-27T07:58Z,2026-09-27T13:00Z,5.03,Gangtok,0.0,5100
2026-09-27T07:58Z,2026-09-27T14:00Z,6.03,Gangtok,0.0,5148
2026-09-27T07:58Z,2026-09-27T15:00Z,7.03,Gangtok,0.0,5162
2026-09-27T07:58Z,2026-09-27T05:00Z,-2.97,Thimphu,0.0,4731
2026-09-27T07:58Z,2026-09-27T06:00Z,-1.97,Thimphu,0.0,4766
2026-09-27T07:58Z,2026-09-27T07:00Z,-0.97,Thimphu,0.0,4824
2026-09-27T07:58Z,2026-09-27T08:00Z,0.03,Thimphu,0.1,4882
2026-09-27T07:58Z,2026-09-27T09:00Z,1.03,Thimphu,0.1,4919
2026-09-27T07:58Z,2026-09-27T10:00Z,2.03,Thimphu,0.1,4964
2026-09-27T07:58Z,2026-09-27T11:00Z,3.03,Thimphu,0.0,5004
2026-09-27T07:58Z,2026-09-27T12:00Z,4.03,Thimphu,0.0,5028
2026-09-27T07:58Z,2026-09-27T13:00Z,5.03,Thimphu,0.0,5068
2026-09-27T07:58Z,2026-09-27T14:00Z,6.03,Thimphu,0.0,5096
2026-09-27T07:58Z,2026-09-27T15:00Z,7.03,Thimphu,0.0,5098
2026-09-27T07:58Z,2026-09-27T05:00Z,-2.97,Tawang,0.1,5043
2026-09-27T07:58Z,2026-09-27T06:00Z,-1.97,Tawang,0.2,5084
2026-09-27T07:58Z,2026-09-27T07:00Z,-0.97,Tawang,0.3,5114
2026-09-27T07:58Z,2026-09-27T08:00Z,0.03,Tawang,0.2,5121
2026-09-27T07:58Z,2026-09-27T09:00Z,1.03,Tawang,0.1,5254
2026-09-27T07:58Z,2026-09-27T10:00Z,2.03,Tawang,0.1,5333
2026-09-27T07:58Z,2026-09-27T11:00Z,3.03,Tawang,0.0,5391
2026-09-27T07:58Z,2026-09-27T12:00Z,4.03,Tawang,0.0,5449
2026-09-27T07:58Z,2026-09-27T13:00Z,5.03,Tawang,0.0,5535
2026-09-27T07:58Z,2026-09-27T14:00Z,6.03,Tawang,0.0,5582
2026-09-27T07:58Z,2026-09-27T15:00Z,7.03,Tawang,0.0,5585
2026-09-27T07:58Z,2026-09-27T05:00Z,-2.97,Lhasa,0.0,5314
2026-09-27T07:58Z,2026-09-27T06:00Z,-1.97,Lhasa,0.0,5378
2026-09-27T07:58Z,2026-09-27T07:00Z,-0.97,Lhasa,0.0,5486
2026-09-27T07:58Z,2026-09-27T08:00Z,0.03,Lhasa,0.1,5568
2026-09-27T07:58Z,2026-09-27T09:00Z,1.03,Lhasa,0.1,5678
2026-09-27T07:58Z,2026-09-27T10:00Z,2.03,Lhasa,0.0,5695
2026-09-27T07:58Z,2026-09-27T11:00Z,3.03,Lhasa,0.0,5679
2026-09-27T07:58Z,2026-09-27T12:00Z,4.03,Lhasa,0.0,5647
2026-09-27T07:58Z,2026-09-27T13:00Z,5.03,Lhasa,0.0,5620
2026-09-27T07:58Z,2026-09-27T14:00Z,6.03,Lhasa,0.0,5591
2026-09-27T07:58Z,2026-09-27T15:00Z,7.03,Lhasa,0.0,5568
2026-09-27T07:58Z,2026-09-27T05:00Z,-2.97,Shigatse,0.0,5037
2026-09-27T07:58Z,2026-09-27T06:00Z,-1.97,Shigatse,0.0,5241
2026-09-27T07:58Z,2026-09-27T07:00Z,-0.97,Shigatse,0.0,5350
2026-09-27T07:58Z,2026-09-27T08:00Z,0.03,Shigatse,0.0,5430
2026-09-27T07:58Z,2026-09-27T09:00Z,1.03,Shigatse,0.0,5493
2026-09-27T07:58Z,2026-09-27T10:00Z,2.03,Shigatse,0.0,5531
2026-09-27T07:58Z,2026-09-27T11:00Z,3.03,Shigatse,0.0,5527
2026-09-27T07:58Z,2026-09-27T12:00Z,4.03,Shigatse,0.0,5492
2026-09-27T07:58Z,2026-09-27T13:00Z,5.03,Shigatse,0.0,5440
2026-09-27T07:58Z,2026-09-27T14:00Z,6.03,Shigatse,0.0,5430
2026-09-27T07:58Z,2026-09-27T15:00Z,7.03,Shigatse,0.0,5434
2026-09-27T07:58Z,2026-09-27T05:00Z,-2.97,Itanagar,0.1,5313
2026-09-27T07:58Z,2026-09-27T06:00Z,-1.97,Itanagar,0.1,5344
2026-09-27T07:58Z,2026-09-27T07:00Z,-0.97,Itanagar,0.1,5376
2026-09-27T07:58Z,2026-09-27T08:00Z,0.03,Itanagar,0.3,5398
2026-09-27T07:58Z,2026-09-27T09:00Z,1.03,Itanagar,0.2,5456
2026-09-27T07:58Z,2026-09-27T10:00Z,2.03,Itanagar,0.2,5526
2026-09-27T07:58Z,2026-09-27T11:00Z,3.03,Itanagar,0.2,5575
2026-09-27T07:58Z,2026-09-27T12:00Z,4.03,Itanagar,0.1,5635
2026-09-27T07:58Z,2026-09-27T13:00Z,5.03,Itanagar,0.0,5689
2026-09-27T07:58Z,2026-09-27T14:00Z,6.03,Itanagar,0.0,5686
2026-09-27T07:58Z,2026-09-27T15:00Z,7.03,Itanagar,0.0,5659
2026-09-27T08:04Z,2026-09-27T06:00Z,-2.07,Gilgit,0.0,3779
2026-09-27T08:04Z,2026-09-27T07:00Z,-1.07,Gilgit,0.1,3792
2026-09-27T08:04Z,2026-09-27T08:00Z,-0.07,Gilgit,0.1,4253
2026-09-27T08:04Z,2026-09-27T09:00Z,0.93,Gilgit,0.4,4284
2026-09-27T08:04Z,2026-09-27T10:00Z,1.93,Gilgit,0.1,4337
2026-09-27T08:04Z,2026-09-27T11:00Z,2.93,Gilgit,0.0,4389
2026-09-27T08:04Z,2026-09-27T12:00Z,3.93,Gilgit,0.0,4379
2026-09-27T08:04Z,2026-09-27T13:00Z,4.93,Gilgit,0.0,4350
2026-09-27T08:04Z,2026-09-27T14:00Z,5.93,Gilgit,0.0,4330
2026-09-27T08:04Z,2026-09-27T15:00Z,6.93,Gilgit,0.0,4320
2026-09-27T08:04Z,2026-09-27T16:00Z,7.93,Gilgit,0.0,4308
2026-09-27T08:04Z,2026-09-27T06:00Z,-2.07,Skardu,0.0,4204
2026-09-27T08:04Z,2026-09-27T07:00Z,-1.07,Skardu,0.0,4251
2026-09-27T08:04Z,2026-09-27T08:00Z,-0.07,Skardu,0.1,4285
2026-09-27T08:04Z,2026-09-27T09:00Z,0.93,Skardu,0.1,4307
2026-09-27T08:04Z,2026-09-27T10:00Z,1.93,Skardu,0.0,4336
2026-09-27T08:04Z,2026-09-27T11:00Z,2.93,Skardu,0.0,4550
2026-09-27T08:04Z,2026-09-27T12:00Z,3.93,Skardu,0.0,4530
2026-09-27T08:04Z,2026-09-27T13:00Z,4.93,Skardu,0.0,4476
2026-09-27T08:04Z,2026-09-27T14:00Z,5.93,Skardu,0.0,4424
2026-09-27T08:04Z,2026-09-27T15:00Z,6.93,Skardu,0.0,4390
2026-09-27T08:04Z,2026-09-27T16:00Z,7.93,Skardu,0.0,4357
2026-09-27T08:04Z,2026-09-27T06:00Z,-2.07,Srinagar,0.0,4231
2026-09-27T08:04Z,2026-09-27T07:00Z,-1.07,Srinagar,0.0,4267
2026-09-27T08:04Z,2026-09-27T08:00Z,-0.07,Srinagar,0.0,4264
2026-09-27T08:04Z,2026-09-27T09:00Z,0.93,Srinagar,0.0,4275
2026-09-27T08:04Z,2026-09-27T10:00Z,1.93,Srinagar,0.1,4274
2026-09-27T08:04Z,2026-09-27T11:00Z,2.93,Srinagar,0.0,4288
2026-09-27T08:04Z,2026-09-27T12:00Z,3.93,Srinagar,0.0,4304
2026-09-27T08:04Z,2026-09-27T13:00Z,4.93,Srinagar,0.0,4283
2026-09-27T08:04Z,2026-09-27T14:00Z,5.93,Srinagar,0.0,4257
2026-09-27T08:04Z,2026-09-27T15:00Z,6.93,Srinagar,0.0,4231
2026-09-27T08:04Z,2026-09-27T16:00Z,7.93,Srinagar,0.0,4202
2026-09-27T08:04Z,2026-09-27T06:00Z,-2.07,Leh,0.0,4563
2026-09-27T08:04Z,2026-09-27T07:00Z,-1.07,Leh,0.0,4613
2026-09-27T08:04Z,2026-09-27T08:00Z,-0.07,Leh,0.0,4656
2026-09-27T08:04Z,2026-09-27T09:00Z,0.93,Leh,0.0,4697
2026-09-27T08:04Z,2026-09-27T10:00Z,1.93,Leh,0.0,4765
2026-09-27T08:04Z,2026-09-27T11:00Z,2.93,Leh,0.0,4795
2026-09-27T08:04Z,2026-09-27T12:00Z,3.93,Leh,0.0,4812
2026-09-27T08:04Z,2026-09-27T13:00Z,4.93,Leh,0.0,4794
2026-09-27T08:04Z,2026-09-27T14:00Z,5.93,Leh,0.0,4726
2026-09-27T08:04Z,2026-09-27T15:00Z,6.93,Leh,0.0,4666
2026-09-27T08:04Z,2026-09-27T16:00Z,7.93,Leh,0.0,4617
2026-09-27T08:04Z,2026-09-27T06:00Z,-2.07,Jammu,0.0,4543
2026-09-27T08:04Z,2026-09-27T07:00Z,-1.07,Jammu,0.0,4510
2026-09-27T08:04Z,2026-09-27T08:00Z,-0.07,Jammu,0.1,4492
2026-09-27T08:04Z,2026-09-27T09:00Z,0.93,Jammu,0.1,4492
2026-09-27T08:04Z,2026-09-27T10:00Z,1.93,Jammu,0.0,4491
2026-09-27T08:04Z,2026-09-27T11:00Z,2.93,Jammu,0.0,4493
2026-09-27T08:04Z,2026-09-27T12:00Z,3.93,Jammu,0.0,4484
2026-09-27T08:04Z,2026-09-27T13:00Z,4.93,Jammu,0.0,4472
2026-09-27T08:04Z,2026-09-27T14:00Z,5.93,Jammu,0.0,4442
2026-09-27T08:04Z,2026-09-27T15:00Z,6.93,Jammu,0.0,4436
2026-09-27T08:04Z,2026-09-27T16:00Z,7.93,Jammu,0.1,4389
2026-09-27T08:04Z,2026-09-27T06:00Z,-2.07,Dharamshala,0.1,4385
2026-09-27T08:04Z,2026-09-27T07:00Z,-1.07,Dharamshala,0.2,4366
2026-09-27T08:04Z,2026-09-27T08:00Z,-0.07,Dharamshala,0.2,4363
2026-09-27T08:04Z,2026-09-27T09:00Z,0.93,Dharamshala,0.1,4344
2026-09-27T08:04Z,2026-09-27T10:00Z,1.93,Dharamshala,0.1,4424
2026-09-27T08:04Z,2026-09-27T11:00Z,2.93,Dharamshala,0.1,4424
2026-09-27T08:04Z,2026-09-27T12:00Z,3.93,Dharamshala,0.0,4395
2026-09-27T08:04Z,2026-09-27T13:00Z,4.93,Dharamshala,0.0,4390
2026-09-27T08:04Z,2026-09-27T14:00Z,5.93,Dharamshala,0.0,4386
2026-09-27T08:04Z,2026-09-27T15:00Z,6.93,Dharamshala,0.0,4394
2026-09-27T08:04Z,2026-09-27T16:00Z,7.93,Dharamshala,0.0,4357
2026-09-27T08:04Z,2026-09-27T06:00Z,-2.07,Manali,0.0,4315
2026-09-27T08:04Z,2026-09-27T07:00Z,-1.07,Manali,0.1,4394
2026-09-27T08:04Z,2026-09-27T08:00Z,-0.07,Manali,0.2,4369
2026-09-27T08:04Z,2026-09-27T09:00Z,0.93,Manali,0.1,4373
2026-09-27T08:04Z,2026-09-27T10:00Z,1.93,Manali,0.3,4401
2026-09-27T08:04Z,2026-09-27T11:00Z,2.93,Manali,1.3,4424
2026-09-27T08:04Z,2026-09-27T12:00Z,3.93,Manali,1.5,4437
2026-09-27T08:04Z,2026-09-27T13:00Z,4.93,Manali,0.1,4439
2026-09-27T08:04Z,2026-09-27T14:00Z,5.93,Manali,0.0,4434
2026-09-27T08:04Z,2026-09-27T15:00Z,6.93,Manali,0.0,4414
2026-09-27T08:04Z,2026-09-27T16:00Z,7.93,Manali,0.0,4385
2026-09-27T08:04Z,2026-09-27T06:00Z,-2.07,Kaza,1.1,4778
2026-09-27T08:04Z,2026-09-27T07:00Z,-1.07,Kaza,0.7,4790
2026-09-27T08:04Z,2026-09-27T08:00Z,-0.07,Kaza,1.5,4801
2026-09-27T08:04Z,2026-09-27T09:00Z,0.93,Kaza,1.2,4808
2026-09-27T08:04Z,2026-09-27T10:00Z,1.93,Kaza,0.5,4809
2026-09-27T08:04Z,2026-09-27T11:00Z,2.93,Kaza,0.2,4811
2026-09-27T08:04Z,2026-09-27T12:00Z,3.93,Kaza,0.1,4809
2026-09-27T08:04Z,2026-09-27T13:00Z,4.93,Kaza,0.1,4780
2026-09-27T08:04Z,2026-09-27T14:00Z,5.93,Kaza,0.1,4734
2026-09-27T08:04Z,2026-09-27T15:00Z,6.93,Kaza,0.1,4703
2026-09-27T08:04Z,2026-09-27T16:00Z,7.93,Kaza,0.0,4679
2026-09-27T08:04Z,2026-09-27T06:00Z,-2.07,Shimla,0.2,4591
2026-09-27T08:04Z,2026-09-27T07:00Z,-1.07,Shimla,0.0,4472
2026-09-27T08:04Z,2026-09-27T08:00Z,-0.07,Shimla,0.0,4543
2026-09-27T08:04Z,2026-09-27T09:00Z,0.93,Shimla,0.1,4490
2026-09-27T08:04Z,2026-09-27T10:00Z,1.93,Shimla,0.0,4497
2026-09-27T08:04Z,2026-09-27T11:00Z,2.93,Shimla,0.2,4492
2026-09-27T08:04Z,2026-09-27T12:00Z,3.93,Shimla,0.1,4447
2026-09-27T08:04Z,2026-09-27T13:00Z,4.93,Shimla,0.0,4484
2026-09-27T08:04Z,2026-09-27T14:00Z,5.93,Shimla,0.0,4479
2026-09-27T08:04Z,2026-09-27T15:00Z,6.93,Shimla,0.0,4427
2026-09-27T08:04Z,2026-09-27T16:00Z,7.93,Shimla,0.0,4368
2026-09-27T08:04Z,2026-09-27T06:00Z,-2.07,Dehradun,2.4,4575
2026-09-27T08:04Z,2026-09-27T07:00Z,-1.07,Dehradun,3.0,4636
2026-09-27T08:04Z,2026-09-27T08:00Z,-0.07,Dehradun,4.0,4631
2026-09-27T08:04Z,2026-09-27T09:00Z,0.93,Dehradun,3.7,4622
2026-09-27T08:04Z,2026-09-27T10:00Z,1.93,Dehradun,3.1,4547
2026-09-27T08:04Z,2026-09-27T11:00Z,2.93,Dehradun,2.6,4396
2026-09-27T08:04Z,2026-09-27T12:00Z,3.93,Dehradun,2.5,4370
2026-09-27T08:04Z,2026-09-27T13:00Z,4.93,Dehradun,3.5,4289
2026-09-27T08:04Z,2026-09-27T14:00Z,5.93,Dehradun,1.7,4311
2026-09-27T08:04Z,2026-09-27T15:00Z,6.93,Dehradun,1.5,4553
2026-09-27T08:04Z,2026-09-27T16:00Z,7.93,Dehradun,0.3,4436
2026-09-27T08:04Z,2026-09-27T06:00Z,-2.07,Uttarkashi,1.8,4527
2026-09-27T08:04Z,2026-09-27T07:00Z,-1.07,Uttarkashi,2.2,4564
2026-09-27T08:04Z,2026-09-27T08:00Z,-0.07,Uttarkashi,3.4,4529
2026-09-27T08:04Z,2026-09-27T09:00Z,0.93,Uttarkashi,3.2,4510
2026-09-27T08:04Z,2026-09-27T10:00Z,1.93,Uttarkashi,2.4,4439
2026-09-27T08:04Z,2026-09-27T11:00Z,2.93,Uttarkashi,1.9,4344
2026-09-27T08:04Z,2026-09-27T12:00Z,3.93,Uttarkashi,2.0,4348
2026-09-27T08:04Z,2026-09-27T13:00Z,4.93,Uttarkashi,2.0,4310
2026-09-27T08:04Z,2026-09-27T14:00Z,5.93,Uttarkashi,1.2,4317
2026-09-27T08:04Z,2026-09-27T15:00Z,6.93,Uttarkashi,0.9,4425
2026-09-27T08:04Z,2026-09-27T16:00Z,7.93,Uttarkashi,0.4,4383
2026-09-27T08:04Z,2026-09-27T06:00Z,-2.07,Joshimath,2.5,4531
2026-09-27T08:04Z,2026-09-27T07:00Z,-1.07,Joshimath,1.5,4521
2026-09-27T08:04Z,2026-09-27T08:00Z,-0.07,Joshimath,2.9,4495
2026-09-27T08:04Z,2026-09-27T09:00Z,0.93,Joshimath,0.3,4411
2026-09-27T08:04Z,2026-09-27T10:00Z,1.93,Joshimath,0.3,4401
2026-09-27T08:04Z,2026-09-27T11:00Z,2.93,Joshimath,0.3,4416
2026-09-27T08:04Z,2026-09-27T12:00Z,3.93,Joshimath,0.1,4414
2026-09-27T08:04Z,2026-09-27T13:00Z,4.93,Joshimath,0.1,4403
2026-09-27T08:04Z,2026-09-27T14:00Z,5.93,Joshimath,0.2,4368
2026-09-27T08:04Z,2026-09-27T15:00Z,6.93,Joshimath,0.2,4359
2026-09-27T08:04Z,2026-09-27T16:00Z,7.93,Joshimath,0.0,4359
2026-09-27T08:04Z,2026-09-27T06:00Z,-2.07,Bhimtal,0.5,4853
2026-09-27T08:04Z,2026-09-27T07:00Z,-1.07,Bhimtal,0.1,4811
2026-09-27T08:04Z,2026-09-27T08:00Z,-0.07,Bhimtal,0.1,4860
2026-09-27T08:04Z,2026-09-27T09:00Z,0.93,Bhimtal,0.3,4777
2026-09-27T08:04Z,2026-09-27T10:00Z,1.93,Bhimtal,0.6,4661
2026-09-27T08:04Z,2026-09-27T11:00Z,2.93,Bhimtal,0.2,4619
2026-09-27T08:04Z,2026-09-27T12:00Z,3.93,Bhimtal,0.0,4667
2026-09-27T08:04Z,2026-09-27T13:00Z,4.93,Bhimtal,0.0,4610
2026-09-27T08:04Z,2026-09-27T14:00Z,5.93,Bhimtal,0.1,4532
2026-09-27T08:04Z,2026-09-27T15:00Z,6.93,Bhimtal,0.1,4533
2026-09-27T08:04Z,2026-09-27T16:00Z,7.93,Bhimtal,0.1,4581
2026-09-27T08:04Z,2026-09-27T06:00Z,-2.07,Pithoragarh,0.1,4712
2026-09-27T08:04Z,2026-09-27T07:00Z,-1.07,Pithoragarh,0.1,4645
2026-09-27T08:04Z,2026-09-27T08:00Z,-0.07,Pithoragarh,0.7,4607
2026-09-27T08:04Z,2026-09-27T09:00Z,0.93,Pithoragarh,0.4,4429
2026-09-27T08:04Z,2026-09-27T10:00Z,1.93,Pithoragarh,0.3,4547
2026-09-27T08:04Z,2026-09-27T11:00Z,2.93,Pithoragarh,0.4,4511
2026-09-27T08:04Z,2026-09-27T12:00Z,3.93,Pithoragarh,0.2,4472
2026-09-27T08:04Z,2026-09-27T13:00Z,4.93,Pithoragarh,0.6,4529
2026-09-27T08:04Z,2026-09-27T14:00Z,5.93,Pithoragarh,1.0,4409
2026-09-27T08:04Z,2026-09-27T15:00Z,6.93,Pithoragarh,1.3,4484
2026-09-27T08:04Z,2026-09-27T16:00Z,7.93,Pithoragarh,1.3,4518
2026-09-27T08:04Z,2026-09-27T06:00Z,-2.07,Jumla,0.3,4675
2026-09-27T08:04Z,2026-09-27T07:00Z,-1.07,Jumla,0.4,4628
2026-09-27T08:04Z,2026-09-27T08:00Z,-0.07,Jumla,0.3,4623
2026-09-27T08:04Z,2026-09-27T09:00Z,0.93,Jumla,0.5,4629
2026-09-27T08:04Z,2026-09-27T10:00Z,1.93,Jumla,0.3,4656
2026-09-27T08:04Z,2026-09-27T11:00Z,2.93,Jumla,0.5,4628
2026-09-27T08:04Z,2026-09-27T12:00Z,3.93,Jumla,0.3,4603
2026-09-27T08:04Z,2026-09-27T13:00Z,4.93,Jumla,0.1,4568
2026-09-27T08:04Z,2026-09-27T14:00Z,5.93,Jumla,0.1,4540
2026-09-27T08:04Z,2026-09-27T15:00Z,6.93,Jumla,0.0,4519
2026-09-27T08:04Z,2026-09-27T16:00Z,7.93,Jumla,0.0,4505
2026-09-27T08:04Z,2026-09-27T06:00Z,-2.07,Jomsom,0.4,4761
2026-09-27T08:04Z,2026-09-27T07:00Z,-1.07,Jomsom,0.0,4730
2026-09-27T08:04Z,2026-09-27T08:00Z,-0.07,Jomsom,0.1,4731
2026-09-27T08:04Z,2026-09-27T09:00Z,0.93,Jomsom,0.0,4733
2026-09-27T08:04Z,2026-09-27T10:00Z,1.93,Jomsom,0.1,4718
2026-09-27T08:04Z,2026-09-27T11:00Z,2.93,Jomsom,0.0,4692
2026-09-27T08:04Z,2026-09-27T12:00Z,3.93,Jomsom,0.0,4685
2026-09-27T08:04Z,2026-09-27T13:00Z,4.93,Jomsom,0.0,4618
2026-09-27T08:04Z,2026-09-27T14:00Z,5.93,Jomsom,0.0,4570
2026-09-27T08:04Z,2026-09-27T15:00Z,6.93,Jomsom,0.0,4553
2026-09-27T08:04Z,2026-09-27T16:00Z,7.93,Jomsom,0.0,4551
2026-09-27T08:04Z,2026-09-27T06:00Z,-2.07,Pokhara,1.5,4970
2026-09-27T08:04Z,2026-09-27T07:00Z,-1.07,Pokhara,0.1,4659
2026-09-27T08:04Z,2026-09-27T08:00Z,-0.07,Pokhara,0.0,4599
2026-09-27T08:04Z,2026-09-27T09:00Z,0.93,Pokhara,0.0,4720
2026-09-27T08:04Z,2026-09-27T10:00Z,1.93,Pokhara,0.0,4686
2026-09-27T08:04Z,2026-09-27T11:00Z,2.93,Pokhara,0.0,4639
2026-09-27T08:04Z,2026-09-27T12:00Z,3.93,Pokhara,0.0,4637
2026-09-27T08:04Z,2026-09-27T13:00Z,4.93,Pokhara,0.0,4596
2026-09-27T08:04Z,2026-09-27T14:00Z,5.93,Pokhara,0.0,4577
2026-09-27T08:04Z,2026-09-27T15:00Z,6.93,Pokhara,0.0,4625
2026-09-27T08:04Z,2026-09-27T16:00Z,7.93,Pokhara,0.0,4701
2026-09-27T08:04Z,2026-09-27T06:00Z,-2.07,Kathmandu,1.5,4833
2026-09-27T08:04Z,2026-09-27T07:00Z,-1.07,Kathmandu,1.4,4771
2026-09-27T08:04Z,2026-09-27T08:00Z,-0.07,Kathmandu,0.4,4761
2026-09-27T08:04Z,2026-09-27T09:00Z,0.93,Kathmandu,0.1,4779
2026-09-27T08:04Z,2026-09-27T10:00Z,1.93,Kathmandu,0.0,4872
2026-09-27T08:04Z,2026-09-27T11:00Z,2.93,Kathmandu,0.0,4895
2026-09-27T08:04Z,2026-09-27T12:00Z,3.93,Kathmandu,0.0,4910
2026-09-27T08:04Z,2026-09-27T13:00Z,4.93,Kathmandu,0.0,4932
2026-09-27T08:04Z,2026-09-27T14:00Z,5.93,Kathmandu,0.0,4949
2026-09-27T08:04Z,2026-09-27T15:00Z,6.93,Kathmandu,0.0,4986
2026-09-27T08:04Z,2026-09-27T16:00Z,7.93,Kathmandu,0.0,5014
2026-09-27T08:04Z,2026-09-27T06:00Z,-2.07,Namche Bazaar,0.6,4729
2026-09-27T08:04Z,2026-09-27T07:00Z,-1.07,Namche Bazaar,0.7,4739
2026-09-27T08:04Z,2026-09-27T08:00Z,-0.07,Namche Bazaar,0.5,4806
2026-09-27T08:04Z,2026-09-27T09:00Z,0.93,Namche Bazaar,0.3,4907
2026-09-27T08:04Z,2026-09-27T10:00Z,1.93,Namche Bazaar,0.1,4890
2026-09-27T08:04Z,2026-09-27T11:00Z,2.93,Namche Bazaar,0.0,4927
2026-09-27T08:04Z,2026-09-27T12:00Z,3.93,Namche Bazaar,0.0,4972
2026-09-27T08:04Z,2026-09-27T13:00Z,4.93,Namche Bazaar,0.0,4969
2026-09-27T08:04Z,2026-09-27T14:00Z,5.93,Namche Bazaar,0.0,4981
2026-09-27T08:04Z,2026-09-27T15:00Z,6.93,Namche Bazaar,0.0,4992
2026-09-27T08:04Z,2026-09-27T16:00Z,7.93,Namche Bazaar,0.0,4989
2026-09-27T08:04Z,2026-09-27T06:00Z,-2.07,Darjeeling,0.1,4844
2026-09-27T08:04Z,2026-09-27T07:00Z,-1.07,Darjeeling,0.1,4856
2026-09-27T08:04Z,2026-09-27T08:00Z,-0.07,Darjeeling,0.0,4917
2026-09-27T08:04Z,2026-09-27T09:00Z,0.93,Darjeeling,0.0,4967
2026-09-27T08:04Z,2026-09-27T10:00Z,1.93,Darjeeling,0.0,5011
2026-09-27T08:04Z,2026-09-27T11:00Z,2.93,Darjeeling,0.0,5015
2026-09-27T08:04Z,2026-09-27T12:00Z,3.93,Darjeeling,0.0,5000
2026-09-27T08:04Z,2026-09-27T13:00Z,4.93,Darjeeling,0.0,5019
2026-09-27T08:04Z,2026-09-27T14:00Z,5.93,Darjeeling,0.0,5063
2026-09-27T08:04Z,2026-09-27T15:00Z,6.93,Darjeeling,0.0,5047
2026-09-27T08:04Z,2026-09-27T16:00Z,7.93,Darjeeling,0.0,5019
2026-09-27T08:04Z,2026-09-27T06:00Z,-2.07,Gangtok,0.1,4851
2026-09-27T08:04Z,2026-09-27T07:00Z,-1.07,Gangtok,0.0,4836
2026-09-27T08:04Z,2026-09-27T08:00Z,-0.07,Gangtok,0.1,4901
2026-09-27T08:04Z,2026-09-27T09:00Z,0.93,Gangtok,0.0,4955
2026-09-27T08:04Z,2026-09-27T10:00Z,1.93,Gangtok,0.0,5002
2026-09-27T08:04Z,2026-09-27T11:00Z,2.93,Gangtok,0.0,5023
2026-09-27T08:04Z,2026-09-27T12:00Z,3.93,Gangtok,0.0,5037
2026-09-27T08:04Z,2026-09-27T13:00Z,4.93,Gangtok,0.0,5100
2026-09-27T08:04Z,2026-09-27T14:00Z,5.93,Gangtok,0.0,5148
2026-09-27T08:04Z,2026-09-27T15:00Z,6.93,Gangtok,0.0,5162
2026-09-27T08:04Z,2026-09-27T16:00Z,7.93,Gangtok,0.0,5135
2026-09-27T08:04Z,2026-09-27T06:00Z,-2.07,Thimphu,0.0,4766
2026-09-27T08:04Z,2026-09-27T07:00Z,-1.07,Thimphu,0.0,4824
2026-09-27T08:04Z,2026-09-27T08:00Z,-0.07,Thimphu,0.1,4882
2026-09-27T08:04Z,2026-09-27T09:00Z,0.93,Thimphu,0.1,4919
2026-09-27T08:04Z,2026-09-27T10:00Z,1.93,Thimphu,0.1,4964
2026-09-27T08:04Z,2026-09-27T11:00Z,2.93,Thimphu,0.0,5004
2026-09-27T08:04Z,2026-09-27T12:00Z,3.93,Thimphu,0.0,5028
2026-09-27T08:04Z,2026-09-27T13:00Z,4.93,Thimphu,0.0,5068
2026-09-27T08:04Z,2026-09-27T14:00Z,5.93,Thimphu,0.0,5096
2026-09-27T08:04Z,2026-09-27T15:00Z,6.93,Thimphu,0.0,5098
2026-09-27T08:04Z,2026-09-27T16:00Z,7.93,Thimphu,0.0,5103
2026-09-27T08:04Z,2026-09-27T06:00Z,-2.07,Tawang,0.2,5084
2026-09-27T08:04Z,2026-09-27T07:00Z,-1.07,Tawang,0.3,5114
2026-09-27T08:04Z,2026-09-27T08:00Z,-0.07,Tawang,0.2,5121
2026-09-27T08:04Z,2026-09-27T09:00Z,0.93,Tawang,0.1,5254
2026-09-27T08:04Z,2026-09-27T10:00Z,1.93,Tawang,0.1,5333
2026-09-27T08:04Z,2026-09-27T11:00Z,2.93,Tawang,0.0,5391
2026-09-27T08:04Z,2026-09-27T12:00Z,3.93,Tawang,0.0,5449
2026-09-27T08:04Z,2026-09-27T13:00Z,4.93,Tawang,0.0,5535
2026-09-27T08:04Z,2026-09-27T14:00Z,5.93,Tawang,0.0,5582
2026-09-27T08:04Z,2026-09-27T15:00Z,6.93,Tawang,0.0,5585
2026-09-27T08:04Z,2026-09-27T16:00Z,7.93,Tawang,0.0,5513
2026-09-27T08:04Z,2026-09-27T06:00Z,-2.07,Lhasa,0.0,5378
2026-09-27T08:04Z,2026-09-27T07:00Z,-1.07,Lhasa,0.0,5486
2026-09-27T08:04Z,2026-09-27T08:00Z,-0.07,Lhasa,0.1,5568
2026-09-27T08:04Z,2026-09-27T09:00Z,0.93,Lhasa,0.1,5678
2026-09-27T08:04Z,2026-09-27T10:00Z,1.93,Lhasa,0.0,5695
2026-09-27T08:04Z,2026-09-27T11:00Z,2.93,Lhasa,0.0,5679
2026-09-27T08:04Z,2026-09-27T12:00Z,3.93,Lhasa,0.0,5647
2026-09-27T08:04Z,2026-09-27T13:00Z,4.93,Lhasa,0.0,5620
2026-09-27T08:04Z,2026-09-27T14:00Z,5.93,Lhasa,0.0,5591
2026-09-27T08:04Z,2026-09-27T15:00Z,6.93,Lhasa,0.0,5568
2026-09-27T08:04Z,2026-09-27T16:00Z,7.93,Lhasa,0.0,5539
2026-09-27T08:04Z,2026-09-27T06:00Z,-2.07,Shigatse,0.0,5241
2026-09-27T08:04Z,2026-09-27T07:00Z,-1.07,Shigatse,0.0,5350
2026-09-27T08:04Z,2026-09-27T08:00Z,-0.07,Shigatse,0.0,5430
2026-09-27T08:04Z,2026-09-27T09:00Z,0.93,Shigatse,0.0,5493
2026-09-27T08:04Z,2026-09-27T10:00Z,1.93,Shigatse,0.0,5531
2026-09-27T08:04Z,2026-09-27T11:00Z,2.93,Shigatse,0.0,5527
2026-09-27T08:04Z,2026-09-27T12:00Z,3.93,Shigatse,0.0,5492
2026-09-27T08:04Z,2026-09-27T13:00Z,4.93,Shigatse,0.0,5440
2026-09-27T08:04Z,2026-09-27T14:00Z,5.93,Shigatse,0.0,5430
2026-09-27T08:04Z,2026-09-27T15:00Z,6.93,Shigatse,0.0,5434
2026-09-27T08:04Z,2026-09-27T16:00Z,7.93,Shigatse,0.0,5397
2026-09-27T08:04Z,2026-09-27T06:00Z,-2.07,Itanagar,0.1,5344
2026-09-27T08:04Z,2026-09-27T07:00Z,-1.07,Itanagar,0.1,5376
2026-09-27T08:04Z,2026-09-27T08:00Z,-0.07,Itanagar,0.3,5398
2026-09-27T08:04Z,2026-09-27T09:00Z,0.93,Itanagar,0.2,5456
2026-09-27T08:04Z,2026-09-27T10:00Z,1.93,Itanagar,0.2,5526
2026-09-27T08:04Z,2026-09-27T11:00Z,2.93,Itanagar,0.2,5575
2026-09-27T08:04Z,2026-09-27T12:00Z,3.93,Itanagar,0.1,5635
2026-09-27T08:04Z,2026-09-27T13:00Z,4.93,Itanagar,0.0,5689
2026-09-27T08:04Z,2026-09-27T14:00Z,5.93,Itanagar,0.0,5686
2026-09-27T08:04Z,2026-09-27T15:00Z,6.93,Itanagar,0.0,5659
2026-09-27T08:04Z,2026-09-27T16:00Z,7.93,Itanagar,0.0,5610
2026-09-27T08:08Z,2026-09-27T06:00Z,-2.13,Gilgit,0.0,3779
2026-09-27T08:08Z,2026-09-27T07:00Z,-1.13,Gilgit,0.1,3792
2026-09-27T08:08Z,2026-09-27T08:00Z,-0.13,Gilgit,0.1,4253
2026-09-27T08:08Z,2026-09-27T09:00Z,0.87,Gilgit,0.4,4284
2026-09-27T08:08Z,2026-09-27T10:00Z,1.87,Gilgit,0.1,4337
2026-09-27T08:08Z,2026-09-27T11:00Z,2.87,Gilgit,0.0,4389
2026-09-27T08:08Z,2026-09-27T12:00Z,3.87,Gilgit,0.0,4379
2026-09-27T08:08Z,2026-09-27T13:00Z,4.87,Gilgit,0.0,4350
2026-09-27T08:08Z,2026-09-27T14:00Z,5.87,Gilgit,0.0,4330
2026-09-27T08:08Z,2026-09-27T15:00Z,6.87,Gilgit,0.0,4320
2026-09-27T08:08Z,2026-09-27T16:00Z,7.87,Gilgit,0.0,4308
2026-09-27T08:08Z,2026-09-27T06:00Z,-2.13,Skardu,0.0,4204
2026-09-27T08:08Z,2026-09-27T07:00Z,-1.13,Skardu,0.0,4251
2026-09-27T08:08Z,2026-09-27T08:00Z,-0.13,Skardu,0.1,4285
2026-09-27T08:08Z,2026-09-27T09:00Z,0.87,Skardu,0.1,4307
2026-09-27T08:08Z,2026-09-27T10:00Z,1.87,Skardu,0.0,4336
2026-09-27T08:08Z,2026-09-27T11:00Z,2.87,Skardu,0.0,4550
2026-09-27T08:08Z,2026-09-27T12:00Z,3.87,Skardu,0.0,4530
2026-09-27T08:08Z,2026-09-27T13:00Z,4.87,Skardu,0.0,4476
2026-09-27T08:08Z,2026-09-27T14:00Z,5.87,Skardu,0.0,4424
2026-09-27T08:08Z,2026-09-27T15:00Z,6.87,Skardu,0.0,4390
2026-09-27T08:08Z,2026-09-27T16:00Z,7.87,Skardu,0.0,4357
2026-09-27T08:08Z,2026-09-27T06:00Z,-2.13,Srinagar,0.0,4231
2026-09-27T08:08Z,2026-09-27T07:00Z,-1.13,Srinagar,0.0,4267
2026-09-27T08:08Z,2026-09-27T08:00Z,-0.13,Srinagar,0.0,4264
2026-09-27T08:08Z,2026-09-27T09:00Z,0.87,Srinagar,0.0,4275
2026-09-27T08:08Z,2026-09-27T10:00Z,1.87,Srinagar,0.1,4274
2026-09-27T08:08Z,2026-09-27T11:00Z,2.87,Srinagar,0.0,4288
2026-09-27T08:08Z,2026-09-27T12:00Z,3.87,Srinagar,0.0,4304
2026-09-27T08:08Z,2026-09-27T13:00Z,4.87,Srinagar,0.0,4283
2026-09-27T08:08Z,2026-09-27T14:00Z,5.87,Srinagar,0.0,4257
2026-09-27T08:08Z,2026-09-27T15:00Z,6.87,Srinagar,0.0,4231
2026-09-27T08:08Z,2026-09-27T16:00Z,7.87,Srinagar,0.0,4202
2026-09-27T08:08Z,2026-09-27T06:00Z,-2.13,Leh,0.0,4563
2026-09-27T08:08Z,2026-09-27T07:00Z,-1.13,Leh,0.0,4613
2026-09-27T08:08Z,2026-09-27T08:00Z,-0.13,Leh,0.0,4656
2026-09-27T08:08Z,2026-09-27T09:00Z,0.87,Leh,0.0,4697
2026-09-27T08:08Z,2026-09-27T10:00Z,1.87,Leh,0.0,4765
2026-09-27T08:08Z,2026-09-27T11:00Z,2.87,Leh,0.0,4795
2026-09-27T08:08Z,2026-09-27T12:00Z,3.87,Leh,0.0,4812
2026-09-27T08:08Z,2026-09-27T13:00Z,4.87,Leh,0.0,4794
2026-09-27T08:08Z,2026-09-27T14:00Z,5.87,Leh,0.0,4726
2026-09-27T08:08Z,2026-09-27T15:00Z,6.87,Leh,0.0,4666
2026-09-27T08:08Z,2026-09-27T16:00Z,7.87,Leh,0.0,4617
2026-09-27T08:08Z,2026-09-27T06:00Z,-2.13,Jammu,0.0,4543
2026-09-27T08:08Z,2026-09-27T07:00Z,-1.13,Jammu,0.0,4510
2026-09-27T08:08Z,2026-09-27T08:00Z,-0.13,Jammu,0.1,4492
2026-09-27T08:08Z,2026-09-27T09:00Z,0.87,Jammu,0.1,4492
2026-09-27T08:08Z,2026-09-27T10:00Z,1.87,Jammu,0.0,4491
2026-09-27T08:08Z,2026-09-27T11:00Z,2.87,Jammu,0.0,4493
2026-09-27T08:08Z,2026-09-27T12:00Z,3.87,Jammu,0.0,4484
2026-09-27T08:08Z,2026-09-27T13:00Z,4.87,Jammu,0.0,4472
2026-09-27T08:08Z,2026-09-27T14:00Z,5.87,Jammu,0.0,4442
2026-09-27T08:08Z,2026-09-27T15:00Z,6.87,Jammu,0.0,4436
2026-09-27T08:08Z,2026-09-27T16:00Z,7.87,Jammu,0.1,4389
2026-09-27T08:08Z,2026-09-27T06:00Z,-2.13,Dharamshala,0.1,4385
2026-09-27T08:08Z,2026-09-27T07:00Z,-1.13,Dharamshala,0.2,4366
2026-09-27T08:08Z,2026-09-27T08:00Z,-0.13,Dharamshala,0.2,4363
2026-09-27T08:08Z,2026-09-27T09:00Z,0.87,Dharamshala,0.1,4344
2026-09-27T08:08Z,2026-09-27T10:00Z,1.87,Dharamshala,0.1,4424
2026-09-27T08:08Z,2026-09-27T11:00Z,2.87,Dharamshala,0.1,4424
2026-09-27T08:08Z,2026-09-27T12:00Z,3.87,Dharamshala,0.0,4395
2026-09-27T08:08Z,2026-09-27T13:00Z,4.87,Dharamshala,0.0,4390
2026-09-27T08:08Z,2026-09-27T14:00Z,5.87,Dharamshala,0.0,4386
2026-09-27T08:08Z,2026-09-27T15:00Z,6.87,Dharamshala,0.0,4394
2026-09-27T08:08Z,2026-09-27T16:00Z,7.87,Dharamshala,0.0,4357
2026-09-27T08:08Z,2026-09-27T06:00Z,-2.13,Manali,0.0,4315
2026-09-27T08:08Z,2026-09-27T07:00Z,-1.13,Manali,0.1,4394
2026-09-27T08:08Z,2026-09-27T08:00Z,-0.13,Manali,0.2,4369
2026-09-27T08:08Z,2026-09-27T09:00Z,0.87,Manali,0.1,4373
2026-09-27T08:08Z,2026-09-27T10:00Z,1.87,Manali,0.3,4401
2026-09-27T08:08Z,2026-09-27T11:00Z,2.87,Manali,1.3,4424
2026-09-27T08:08Z,2026-09-27T12:00Z,3.87,Manali,1.5,4437
2026-09-27T08:08Z,2026-09-27T13:00Z,4.87,Manali,0.1,4439
2026-09-27T08:08Z,2026-09-27T14:00Z,5.87,Manali,0.0,4434
2026-09-27T08:08Z,2026-09-27T15:00Z,6.87,Manali,0.0,4414
2026-09-27T08:08Z,2026-09-27T16:00Z,7.87,Manali,0.0,4385
2026-09-27T08:08Z,2026-09-27T06:00Z,-2.13,Kaza,1.1,4778
2026-09-27T08:08Z,2026-09-27T07:00Z,-1.13,Kaza,0.7,4790
2026-09-27T08:08Z,2026-09-27T08:00Z,-0.13,Kaza,1.5,4801
2026-09-27T08:08Z,2026-09-27T09:00Z,0.87,Kaza,1.2,4808
2026-09-27T08:08Z,2026-09-27T10:00Z,1.87,Kaza,0.5,4809
2026-09-27T08:08Z,2026-09-27T11:00Z,2.87,Kaza,0.2,4811
2026-09-27T08:08Z,2026-09-27T12:00Z,3.87,Kaza,0.1,4809
2026-09-27T08:08Z,2026-09-27T13:00Z,4.87,Kaza,0.1,4780
2026-09-27T08:08Z,2026-09-27T14:00Z,5.87,Kaza,0.1,4734
2026-09-27T08:08Z,2026-09-27T15:00Z,6.87,Kaza,0.1,4703
2026-09-27T08:08Z,2026-09-27T16:00Z,7.87,Kaza,0.0,4679
2026-09-27T08:08Z,2026-09-27T06:00Z,-2.13,Shimla,0.2,4591
2026-09-27T08:08Z,2026-09-27T07:00Z,-1.13,Shimla,0.0,4472
2026-09-27T08:08Z,2026-09-27T08:00Z,-0.13,Shimla,0.0,4543
2026-09-27T08:08Z,2026-09-27T09:00Z,0.87,Shimla,0.1,4490
2026-09-27T08:08Z,2026-09-27T10:00Z,1.87,Shimla,0.0,4497
2026-09-27T08:08Z,2026-09-27T11:00Z,2.87,Shimla,0.2,4492
2026-09-27T08:08Z,2026-09-27T12:00Z,3.87,Shimla,0.1,4447
2026-09-27T08:08Z,2026-09-27T13:00Z,4.87,Shimla,0.0,4484
2026-09-27T08:08Z,2026-09-27T14:00Z,5.87,Shimla,0.0,4479
2026-09-27T08:08Z,2026-09-27T15:00Z,6.87,Shimla,0.0,4427
2026-09-27T08:08Z,2026-09-27T16:00Z,7.87,Shimla,0.0,4368
2026-09-27T08:08Z,2026-09-27T06:00Z,-2.13,Dehradun,2.4,4575
2026-09-27T08:08Z,2026-09-27T07:00Z,-1.13,Dehradun,3.0,4636
2026-09-27T08:08Z,2026-09-27T08:00Z,-0.13,Dehradun,4.0,4631
2026-09-27T08:08Z,2026-09-27T09:00Z,0.87,Dehradun,3.7,4622
2026-09-27T08:08Z,2026-09-27T10:00Z,1.87,Dehradun,3.1,4547
2026-09-27T08:08Z,2026-09-27T11:00Z,2.87,Dehradun,2.6,4396
2026-09-27T08:08Z,2026-09-27T12:00Z,3.87,Dehradun,2.5,4370
2026-09-27T08:08Z,2026-09-27T13:00Z,4.87,Dehradun,3.5,4289
2026-09-27T08:08Z,2026-09-27T14:00Z,5.87,Dehradun,1.7,4311
2026-09-27T08:08Z,2026-09-27T15:00Z,6.87,Dehradun,1.5,4553
2026-09-27T08:08Z,2026-09-27T16:00Z,7.87,Dehradun,0.3,4436
2026-09-27T08:08Z,2026-09-27T06:00Z,-2.13,Uttarkashi,1.8,4527
2026-09-27T08:08Z,2026-09-27T07:00Z,-1.13,Uttarkashi,2.2,4564
2026-09-27T08:08Z,2026-09-27T08:00Z,-0.13,Uttarkashi,3.4,4529
2026-09-27T08:08Z,2026-09-27T09:00Z,0.87,Uttarkashi,3.2,4510
2026-09-27T08:08Z,2026-09-27T10:00Z,1.87,Uttarkashi,2.4,4439
2026-09-27T08:08Z,2026-09-27T11:00Z,2.87,Uttarkashi,1.9,4344
2026-09-27T08:08Z,2026-09-27T12:00Z,3.87,Uttarkashi,2.0,4348
2026-09-27T08:08Z,2026-09-27T13:00Z,4.87,Uttarkashi,2.0,4310
2026-09-27T08:08Z,2026-09-27T14:00Z,5.87,Uttarkashi,1.2,4317
2026-09-27T08:08Z,2026-09-27T15:00Z,6.87,Uttarkashi,0.9,4425
2026-09-27T08:08Z,2026-09-27T16:00Z,7.87,Uttarkashi,0.4,4383
2026-09-27T08:08Z,2026-09-27T06:00Z,-2.13,Joshimath,2.5,4531
2026-09-27T08:08Z,2026-09-27T07:00Z,-1.13,Joshimath,1.5,4521
2026-09-27T08:08Z,2026-09-27T08:00Z,-0.13,Joshimath,2.9,4495
2026-09-27T08:08Z,2026-09-27T09:00Z,0.87,Joshimath,0.3,4411
2026-09-27T08:08Z,2026-09-27T10:00Z,1.87,Joshimath,0.3,4401
2026-09-27T08:08Z,2026-09-27T11:00Z,2.87,Joshimath,0.3,4416
2026-09-27T08:08Z,2026-09-27T12:00Z,3.87,Joshimath,0.1,4414
2026-09-27T08:08Z,2026-09-27T13:00Z,4.87,Joshimath,0.1,4403
2026-09-27T08:08Z,2026-09-27T14:00Z,5.87,Joshimath,0.2,4368
2026-09-27T08:08Z,2026-09-27T15:00Z,6.87,Joshimath,0.2,4359
2026-09-27T08:08Z,2026-09-27T16:00Z,7.87,Joshimath,0.0,4359
2026-09-27T08:08Z,2026-09-27T06:00Z,-2.13,Bhimtal,0.5,4853
2026-09-27T08:08Z,2026-09-27T07:00Z,-1.13,Bhimtal,0.1,4811
2026-09-27T08:08Z,2026-09-27T08:00Z,-0.13,Bhimtal,0.1,4860
2026-09-27T08:08Z,2026-09-27T09:00Z,0.87,Bhimtal,0.3,4777
2026-09-27T08:08Z,2026-09-27T10:00Z,1.87,Bhimtal,0.6,4661
2026-09-27T08:08Z,2026-09-27T11:00Z,2.87,Bhimtal,0.2,4619
2026-09-27T08:08Z,2026-09-27T12:00Z,3.87,Bhimtal,0.0,4667
2026-09-27T08:08Z,2026-09-27T13:00Z,4.87,Bhimtal,0.0,4610
2026-09-27T08:08Z,2026-09-27T14:00Z,5.87,Bhimtal,0.1,4532
2026-09-27T08:08Z,2026-09-27T15:00Z,6.87,Bhimtal,0.1,4533
2026-09-27T08:08Z,2026-09-27T16:00Z,7.87,Bhimtal,0.1,4581
2026-09-27T08:08Z,2026-09-27T06:00Z,-2.13,Pithoragarh,0.1,4712
2026-09-27T08:08Z,2026-09-27T07:00Z,-1.13,Pithoragarh,0.1,4645
2026-09-27T08:08Z,2026-09-27T08:00Z,-0.13,Pithoragarh,0.7,4607
2026-09-27T08:08Z,2026-09-27T09:00Z,0.87,Pithoragarh,0.4,4429
2026-09-27T08:08Z,2026-09-27T10:00Z,1.87,Pithoragarh,0.3,4547
2026-09-27T08:08Z,2026-09-27T11:00Z,2.87,Pithoragarh,0.4,4511
2026-09-27T08:08Z,2026-09-27T12:00Z,3.87,Pithoragarh,0.2,4472
2026-09-27T08:08Z,2026-09-27T13:00Z,4.87,Pithoragarh,0.6,4529
2026-09-27T08:08Z,2026-09-27T14:00Z,5.87,Pithoragarh,1.0,4409
2026-09-27T08:08Z,2026-09-27T15:00Z,6.87,Pithoragarh,1.3,4484
2026-09-27T08:08Z,2026-09-27T16:00Z,7.87,Pithoragarh,1.3,4518
2026-09-27T08:08Z,2026-09-27T06:00Z,-2.13,Jumla,0.3,4675
2026-09-27T08:08Z,2026-09-27T07:00Z,-1.13,Jumla,0.4,4628
2026-09-27T08:08Z,2026-09-27T08:00Z,-0.13,Jumla,0.3,4623
2026-09-27T08:08Z,2026-09-27T09:00Z,0.87,Jumla,0.5,4629
2026-09-27T08:08Z,2026-09-27T10:00Z,1.87,Jumla,0.3,4656
2026-09-27T08:08Z,2026-09-27T11:00Z,2.87,Jumla,0.5,4628
2026-09-27T08:08Z,2026-09-27T12:00Z,3.87,Jumla,0.3,4603
2026-09-27T08:08Z,2026-09-27T13:00Z,4.87,Jumla,0.1,4568
2026-09-27T08:08Z,2026-09-27T14:00Z,5.87,Jumla,0.1,4540
2026-09-27T08:08Z,2026-09-27T15:00Z,6.87,Jumla,0.0,4519
2026-09-27T08:08Z,2026-09-27T16:00Z,7.87,Jumla,0.0,4505
2026-09-27T08:08Z,2026-09-27T06:00Z,-2.13,Jomsom,0.4,4761
2026-09-27T08:08Z,2026-09-27T07:00Z,-1.13,Jomsom,0.0,4730
2026-09-27T08:08Z,2026-09-27T08:00Z,-0.13,Jomsom,0.1,4731
2026-09-27T08:08Z,2026-09-27T09:00Z,0.87,Jomsom,0.0,4733
2026-09-27T08:08Z,2026-09-27T10:00Z,1.87,Jomsom,0.1,4718
2026-09-27T08:08Z,2026-09-27T11:00Z,2.87,Jomsom,0.0,4692
2026-09-27T08:08Z,2026-09-27T12:00Z,3.87,Jomsom,0.0,4685
2026-09-27T08:08Z,2026-09-27T13:00Z,4.87,Jomsom,0.0,4618
2026-09-27T08:08Z,2026-09-27T14:00Z,5.87,Jomsom,0.0,4570
2026-09-27T08:08Z,2026-09-27T15:00Z,6.87,Jomsom,0.0,4553
2026-09-27T08:08Z,2026-09-27T16:00Z,7.87,Jomsom,0.0,4551
2026-09-27T08:08Z,2026-09-27T06:00Z,-2.13,Pokhara,1.5,4970
2026-09-27T08:08Z,2026-09-27T07:00Z,-1.13,Pokhara,0.1,4659
2026-09-27T08:08Z,2026-09-27T08:00Z,-0.13,Pokhara,0.0,4599
2026-09-27T08:08Z,2026-09-27T09:00Z,0.87,Pokhara,0.0,4720
2026-09-27T08:08Z,2026-09-27T10:00Z,1.87,Pokhara,0.0,4686
2026-09-27T08:08Z,2026-09-27T11:00Z,2.87,Pokhara,0.0,4639
2026-09-27T08:08Z,2026-09-27T12:00Z,3.87,Pokhara,0.0,4637
2026-09-27T08:08Z,2026-09-27T13:00Z,4.87,Pokhara,0.0,4596
2026-09-27T08:08Z,2026-09-27T14:00Z,5.87,Pokhara,0.0,4577
2026-09-27T08:08Z,2026-09-27T15:00Z,6.87,Pokhara,0.0,4625
2026-09-27T08:08Z,2026-09-27T16:00Z,7.87,Pokhara,0.0,4701
2026-09-27T08:08Z,2026-09-27T06:00Z,-2.13,Kathmandu,1.5,4833
2026-09-27T08:08Z,2026-09-27T07:00Z,-1.13,Kathmandu,1.4,4771
2026-09-27T08:08Z,2026-09-27T08:00Z,-0.13,Kathmandu,0.4,4761
2026-09-27T08:08Z,2026-09-27T09:00Z,0.87,Kathmandu,0.1,4779
2026-09-27T08:08Z,2026-09-27T10:00Z,1.87,Kathmandu,0.0,4872
2026-09-27T08:08Z,2026-09-27T11:00Z,2.87,Kathmandu,0.0,4895
2026-09-27T08:08Z,2026-09-27T12:00Z,3.87,Kathmandu,0.0,4910
2026-09-27T08:08Z,2026-09-27T13:00Z,4.87,Kathmandu,0.0,4932
2026-09-27T08:08Z,2026-09-27T14:00Z,5.87,Kathmandu,0.0,4949
2026-09-27T08:08Z,2026-09-27T15:00Z,6.87,Kathmandu,0.0,4986
2026-09-27T08:08Z,2026-09-27T16:00Z,7.87,Kathmandu,0.0,5014
2026-09-27T08:08Z,2026-09-27T06:00Z,-2.13,Namche Bazaar,0.6,4729
2026-09-27T08:08Z,2026-09-27T07:00Z,-1.13,Namche Bazaar,0.7,4739
2026-09-27T08:08Z,2026-09-27T08:00Z,-0.13,Namche Bazaar,0.5,4806
2026-09-27T08:08Z,2026-09-27T09:00Z,0.87,Namche Bazaar,0.3,4907
2026-09-27T08:08Z,2026-09-27T10:00Z,1.87,Namche Bazaar,0.1,4890
2026-09-27T08:08Z,2026-09-27T11:00Z,2.87,Namche Bazaar,0.0,4927
2026-09-27T08:08Z,2026-09-27T12:00Z,3.87,Namche Bazaar,0.0,4972
2026-09-27T08:08Z,2026-09-27T13:00Z,4.87,Namche Bazaar,0.0,4969
2026-09-27T08:08Z,2026-09-27T14:00Z,5.87,Namche Bazaar,0.0,4981
2026-09-27T08:08Z,2026-09-27T15:00Z,6.87,Namche Bazaar,0.0,4992
2026-09-27T08:08Z,2026-09-27T16:00Z,7.87,Namche Bazaar,0.0,4989
2026-09-27T08:08Z,2026-09-27T06:00Z,-2.13,Darjeeling,0.1,4844
2026-09-27T08:08Z,2026-09-27T07:00Z,-1.13,Darjeeling,0.1,4856
2026-09-27T08:08Z,2026-09-27T08:00Z,-0.13,Darjeeling,0.0,4917
2026-09-27T08:08Z,2026-09-27T09:00Z,0.87,Darjeeling,0.0,4967
2026-09-27T08:08Z,2026-09-27T10:00Z,1.87,Darjeeling,0.0,5011
2026-09-27T08:08Z,2026-09-27T11:00Z,2.87,Darjeeling,0.0,5015
2026-09-27T08:08Z,2026-09-27T12:00Z,3.87,Darjeeling,0.0,5000
2026-09-27T08:08Z,2026-09-27T13:00Z,4.87,Darjeeling,0.0,5019
2026-09-27T08:08Z,2026-09-27T14:00Z,5.87,Darjeeling,0.0,5063
2026-09-27T08:08Z,2026-09-27T15:00Z,6.87,Darjeeling,0.0,5047
2026-09-27T08:08Z,2026-09-27T16:00Z,7.87,Darjeeling,0.0,5019
2026-09-27T08:08Z,2026-09-27T06:00Z,-2.13,Gangtok,0.1,4851
2026-09-27T08:08Z,2026-09-27T07:00Z,-1.13,Gangtok,0.0,4836
2026-09-27T08:08Z,2026-09-27T08:00Z,-0.13,Gangtok,0.1,4901
2026-09-27T08:08Z,2026-09-27T09:00Z,0.87,Gangtok,0.0,4955
2026-09-27T08:08Z,2026-09-27T10:00Z,1.87,Gangtok,0.0,5002
2026-09-27T08:08Z,2026-09-27T11:00Z,2.87,Gangtok,0.0,5023
2026-09-27T08:08Z,2026-09-27T12:00Z,3.87,Gangtok,0.0,5037
2026-09-27T08:08Z,2026-09-27T13:00Z,4.87,Gangtok,0.0,5100
2026-09-27T08:08Z,2026-09-27T14:00Z,5.87,Gangtok,0.0,5148
2026-09-27T08:08Z,2026-09-27T15:00Z,6.87,Gangtok,0.0,5162
2026-09-27T08:08Z,2026-09-27T16:00Z,7.87,Gangtok,0.0,5135
2026-09-27T08:08Z,2026-09-27T06:00Z,-2.13,Thimphu,0.0,4766
2026-09-27T08:08Z,2026-09-27T07:00Z,-1.13,Thimphu,0.0,4824
2026-09-27T08:08Z,2026-09-27T08:00Z,-0.13,Thimphu,0.1,4882
2026-09-27T08:08Z,2026-09-27T09:00Z,0.87,Thimphu,0.1,4919
2026-09-27T08:08Z,2026-09-27T10:00Z,1.87,Thimphu,0.1,4964
2026-09-27T08:08Z,2026-09-27T11:00Z,2.87,Thimphu,0.0,5004
2026-09-27T08:08Z,2026-09-27T12:00Z,3.87,Thimphu,0.0,5028
2026-09-27T08:08Z,2026-09-27T13:00Z,4.87,Thimphu,0.0,5068
2026-09-27T08:08Z,2026-09-27T14:00Z,5.87,Thimphu,0.0,5096
2026-09-27T08:08Z,2026-09-27T15:00Z,6.87,Thimphu,0.0,5098
2026-09-27T08:08Z,2026-09-27T16:00Z,7.87,Thimphu,0.0,5103
2026-09-27T08:08Z,2026-09-27T06:00Z,-2.13,Tawang,0.2,5084
2026-09-27T08:08Z,2026-09-27T07:00Z,-1.13,Tawang,0.3,5114
2026-09-27T08:08Z,2026-09-27T08:00Z,-0.13,Tawang,0.2,5121
2026-09-27T08:08Z,2026-09-27T09:00Z,0.87,Tawang,0.1,5254
2026-09-27T08:08Z,2026-09-27T10:00Z,1.87,Tawang,0.1,5333
2026-09-27T08:08Z,2026-09-27T11:00Z,2.87,Tawang,0.0,5391
2026-09-27T08:08Z,2026-09-27T12:00Z,3.87,Tawang,0.0,5449
2026-09-27T08:08Z,2026-09-27T13:00Z,4.87,Tawang,0.0,5535
2026-09-27T08:08Z,2026-09-27T14:00Z,5.87,Tawang,0.0,5582
2026-09-27T08:08Z,2026-09-27T15:00Z,6.87,Tawang,0.0,5585
2026-09-27T08:08Z,2026-09-27T16:00Z,7.87,Tawang,0.0,5513
2026-09-27T08:08Z,2026-09-27T06:00Z,-2.13,Lhasa,0.0,5378
2026-09-27T08:08Z,2026-09-27T07:00Z,-1.13,Lhasa,0.0,5486
2026-09-27T08:08Z,2026-09-27T08:00Z,-0.13,Lhasa,0.1,5568
2026-09-27T08:08Z,2026-09-27T09:00Z,0.87,Lhasa,0.1,5678
2026-09-27T08:08Z,2026-09-27T10:00Z,1.87,Lhasa,0.0,5695
2026-09-27T08:08Z,2026-09-27T11:00Z,2.87,Lhasa,0.0,5679
2026-09-27T08:08Z,2026-09-27T12:00Z,3.87,Lhasa,0.0,5647
2026-09-27T08:08Z,2026-09-27T13:00Z,4.87,Lhasa,0.0,5620
2026-09-27T08:08Z,2026-09-27T14:00Z,5.87,Lhasa,0.0,5591
2026-09-27T08:08Z,2026-09-27T15:00Z,6.87,Lhasa,0.0,5568
2026-09-27T08:08Z,2026-09-27T16:00Z,7.87,Lhasa,0.0,5539
2026-09-27T08:08Z,2026-09-27T06:00Z,-2.13,Shigatse,0.0,5241
2026-09-27T08:08Z,2026-09-27T07:00Z,-1.13,Shigatse,0.0,5350
2026-09-27T08:08Z,2026-09-27T08:00Z,-0.13,Shigatse,0.0,5430
2026-09-27T08:08Z,2026-09-27T09:00Z,0.87,Shigatse,0.0,5493
2026-09-27T08:08Z,2026-09-27T10:00Z,1.87,Shigatse,0.0,5531
2026-09-27T08:08Z,2026-09-27T11:00Z,2.87,Shigatse,0.0,5527
2026-09-27T08:08Z,2026-09-27T12:00Z,3.87,Shigatse,0.0,5492
2026-09-27T08:08Z,2026-09-27T13:00Z,4.87,Shigatse,0.0,5440
2026-09-27T08:08Z,2026-09-27T14:00Z,5.87,Shigatse,0.0,5430
2026-09-27T08:08Z,2026-09-27T15:00Z,6.87,Shigatse,0.0,5434
2026-09-27T08:08Z,2026-09-27T16:00Z,7.87,Shigatse,0.0,5397
2026-09-27T08:08Z,2026-09-27T06:00Z,-2.13,Itanagar,0.1,5344
2026-09-27T08:08Z,2026-09-27T07:00Z,-1.13,Itanagar,0.1,5376
2026-09-27T08:08Z,2026-09-27T08:00Z,-0.13,Itanagar,0.3,5398
2026-09-27T08:08Z,2026-09-27T09:00Z,0.87,Itanagar,0.2,5456
2026-09-27T08:08Z,2026-09-27T10:00Z,1.87,Itanagar,0.2,5526
2026-09-27T08:08Z,2026-09-27T11:00Z,2.87,Itanagar,0.2,5575
2026-09-27T08:08Z,2026-09-27T12:00Z,3.87,Itanagar,0.1,5635
2026-09-27T08:08Z,2026-09-27T13:00Z,4.87,Itanagar,0.0,5689
2026-09-27T08:08Z,2026-09-27T14:00Z,5.87,Itanagar,0.0,5686
2026-09-27T08:08Z,2026-09-27T15:00Z,6.87,Itanagar,0.0,5659
2026-09-27T08:08Z,2026-09-27T16:00Z,7.87,Itanagar,0.0,5610
2026-09-27T08:16Z,2026-09-27T06:00Z,-2.27,Gilgit,0.0,3779
2026-09-27T08:16Z,2026-09-27T07:00Z,-1.27,Gilgit,0.1,3792
2026-09-27T08:16Z,2026-09-27T08:00Z,-0.27,Gilgit,0.1,4253
2026-09-27T08:16Z,2026-09-27T09:00Z,0.73,Gilgit,0.4,4284
2026-09-27T08:16Z,2026-09-27T10:00Z,1.73,Gilgit,0.1,4337
2026-09-27T08:16Z,2026-09-27T11:00Z,2.73,Gilgit,0.0,4389
2026-09-27T08:16Z,2026-09-27T12:00Z,3.73,Gilgit,0.0,4379
2026-09-27T08:16Z,2026-09-27T13:00Z,4.73,Gilgit,0.0,4350
2026-09-27T08:16Z,2026-09-27T14:00Z,5.73,Gilgit,0.0,4330
2026-09-27T08:16Z,2026-09-27T15:00Z,6.73,Gilgit,0.0,4320
2026-09-27T08:16Z,2026-09-27T16:00Z,7.73,Gilgit,0.0,4308
2026-09-27T08:16Z,2026-09-27T06:00Z,-2.27,Skardu,0.0,4204
2026-09-27T08:16Z,2026-09-27T07:00Z,-1.27,Skardu,0.0,4251
2026-09-27T08:16Z,2026-09-27T08:00Z,-0.27,Skardu,0.1,4285
2026-09-27T08:16Z,2026-09-27T09:00Z,0.73,Skardu,0.1,4307
2026-09-27T08:16Z,2026-09-27T10:00Z,1.73,Skardu,0.0,4336
2026-09-27T08:16Z,2026-09-27T11:00Z,2.73,Skardu,0.0,4550
2026-09-27T08:16Z,2026-09-27T12:00Z,3.73,Skardu,0.0,4530
2026-09-27T08:16Z,2026-09-27T13:00Z,4.73,Skardu,0.0,4476
2026-09-27T08:16Z,2026-09-27T14:00Z,5.73,Skardu,0.0,4424
2026-09-27T08:16Z,2026-09-27T15:00Z,6.73,Skardu,0.0,4390
2026-09-27T08:16Z,2026-09-27T16:00Z,7.73,Skardu,0.0,4357
2026-09-27T08:16Z,2026-09-27T06:00Z,-2.27,Srinagar,0.0,4231
2026-09-27T08:16Z,2026-09-27T07:00Z,-1.27,Srinagar,0.0,4267
2026-09-27T08:16Z,2026-09-27T08:00Z,-0.27,Srinagar,0.0,4264
2026-09-27T08:16Z,2026-09-27T09:00Z,0.73,Srinagar,0.0,4275
2026-09-27T08:16Z,2026-09-27T10:00Z,1.73,Srinagar,0.1,4274
2026-09-27T08:16Z,2026-09-27T11:00Z,2.73,Srinagar,0.0,4288
2026-09-27T08:16Z,2026-09-27T12:00Z,3.73,Srinagar,0.0,4304
2026-09-27T08:16Z,2026-09-27T13:00Z,4.73,Srinagar,0.0,4283
2026-09-27T08:16Z,2026-09-27T14:00Z,5.73,Srinagar,0.0,4257
2026-09-27T08:16Z,2026-09-27T15:00Z,6.73,Srinagar,0.0,4231
2026-09-27T08:16Z,2026-09-27T16:00Z,7.73,Srinagar,0.0,4202
2026-09-27T08:16Z,2026-09-27T06:00Z,-2.27,Leh,0.0,4563
2026-09-27T08:16Z,2026-09-27T07:00Z,-1.27,Leh,0.0,4613
2026-09-27T08:16Z,2026-09-27T08:00Z,-0.27,Leh,0.0,4656
2026-09-27T08:16Z,2026-09-27T09:00Z,0.73,Leh,0.0,4697
2026-09-27T08:16Z,2026-09-27T10:00Z,1.73,Leh,0.0,4765
2026-09-27T08:16Z,2026-09-27T11:00Z,2.73,Leh,0.0,4795
2026-09-27T08:16Z,2026-09-27T12:00Z,3.73,Leh,0.0,4812
2026-09-27T08:16Z,2026-09-27T13:00Z,4.73,Leh,0.0,4794
2026-09-27T08:16Z,2026-09-27T14:00Z,5.73,Leh,0.0,4726
2026-09-27T08:16Z,2026-09-27T15:00Z,6.73,Leh,0.0,4666
2026-09-27T08:16Z,2026-09-27T16:00Z,7.73,Leh,0.0,4617
2026-09-27T08:16Z,2026-09-27T06:00Z,-2.27,Jammu,0.0,4543
2026-09-27T08:16Z,2026-09-27T07:00Z,-1.27,Jammu,0.0,4510
2026-09-27T08:16Z,2026-09-27T08:00Z,-0.27,Jammu,0.1,4492
2026-09-27T08:16Z,2026-09-27T09:00Z,0.73,Jammu,0.1,4492
2026-09-27T08:16Z,2026-09-27T10:00Z,1.73,Jammu,0.0,4491
2026-09-27T08:16Z,2026-09-27T11:00Z,2.73,Jammu,0.0,4493
2026-09-27T08:16Z,2026-09-27T12:00Z,3.73,Jammu,0.0,4484
2026-09-27T08:16Z,2026-09-27T13:00Z,4.73,Jammu,0.0,4472
2026-09-27T08:16Z,2026-09-27T14:00Z,5.73,Jammu,0.0,4442
2026-09-27T08:16Z,2026-09-27T15:00Z,6.73,Jammu,0.0,4436
2026-09-27T08:16Z,2026-09-27T16:00Z,7.73,Jammu,0.1,4389
2026-09-27T08:16Z,2026-09-27T06:00Z,-2.27,Dharamshala,0.1,4385
2026-09-27T08:16Z,2026-09-27T07:00Z,-1.27,Dharamshala,0.2,4366
2026-09-27T08:16Z,2026-09-27T08:00Z,-0.27,Dharamshala,0.2,4363
2026-09-27T08:16Z,2026-09-27T09:00Z,0.73,Dharamshala,0.1,4344
2026-09-27T08:16Z,2026-09-27T10:00Z,1.73,Dharamshala,0.1,4424
2026-09-27T08:16Z,2026-09-27T11:00Z,2.73,Dharamshala,0.1,4424
2026-09-27T08:16Z,2026-09-27T12:00Z,3.73,Dharamshala,0.0,4395
2026-09-27T08:16Z,2026-09-27T13:00Z,4.73,Dharamshala,0.0,4390
2026-09-27T08:16Z,2026-09-27T14:00Z,5.73,Dharamshala,0.0,4386
2026-09-27T08:16Z,2026-09-27T15:00Z,6.73,Dharamshala,0.0,4394
2026-09-27T08:16Z,2026-09-27T16:00Z,7.73,Dharamshala,0.0,4357
2026-09-27T08:16Z,2026-09-27T06:00Z,-2.27,Manali,0.0,4315
2026-09-27T08:16Z,2026-09-27T07:00Z,-1.27,Manali,0.1,4394
2026-09-27T08:16Z,2026-09-27T08:00Z,-0.27,Manali,0.2,4369
2026-09-27T08:16Z,2026-09-27T09:00Z,0.73,Manali,0.1,4373
2026-09-27T08:16Z,2026-09-27T10:00Z,1.73,Manali,0.3,4401
2026-09-27T08:16Z,2026-09-27T11:00Z,2.73,Manali,1.3,4424
2026-09-27T08:16Z,2026-09-27T12:00Z,3.73,Manali,1.5,4437
2026-09-27T08:16Z,2026-09-27T13:00Z,4.73,Manali,0.1,4439
2026-09-27T08:16Z,2026-09-27T14:00Z,5.73,Manali,0.0,4434
2026-09-27T08:16Z,2026-09-27T15:00Z,6.73,Manali,0.0,4414
2026-09-27T08:16Z,2026-09-27T16:00Z,7.73,Manali,0.0,4385
2026-09-27T08:16Z,2026-09-27T06:00Z,-2.27,Kaza,1.1,4778
2026-09-27T08:16Z,2026-09-27T07:00Z,-1.27,Kaza,0.7,4790
2026-09-27T08:16Z,2026-09-27T08:00Z,-0.27,Kaza,1.5,4801
2026-09-27T08:16Z,2026-09-27T09:00Z,0.73,Kaza,1.2,4808
2026-09-27T08:16Z,2026-09-27T10:00Z,1.73,Kaza,0.5,4809
2026-09-27T08:16Z,2026-09-27T11:00Z,2.73,Kaza,0.2,4811
2026-09-27T08:16Z,2026-09-27T12:00Z,3.73,Kaza,0.1,4809
2026-09-27T08:16Z,2026-09-27T13:00Z,4.73,Kaza,0.1,4780
2026-09-27T08:16Z,2026-09-27T14:00Z,5.73,Kaza,0.1,4734
2026-09-27T08:16Z,2026-09-27T15:00Z,6.73,Kaza,0.1,4703
2026-09-27T08:16Z,2026-09-27T16:00Z,7.73,Kaza,0.0,4679
2026-09-27T08:16Z,2026-09-27T06:00Z,-2.27,Shimla,0.2,4591
2026-09-27T08:16Z,2026-09-27T07:00Z,-1.27,Shimla,0.0,4472
2026-09-27T08:16Z,2026-09-27T08:00Z,-0.27,Shimla,0.0,4543
2026-09-27T08:16Z,2026-09-27T09:00Z,0.73,Shimla,0.1,4490
2026-09-27T08:16Z,2026-09-27T10:00Z,1.73,Shimla,0.0,4497
2026-09-27T08:16Z,2026-09-27T11:00Z,2.73,Shimla,0.2,4492
2026-09-27T08:16Z,2026-09-27T12:00Z,3.73,Shimla,0.1,4447
2026-09-27T08:16Z,2026-09-27T13:00Z,4.73,Shimla,0.0,4484
2026-09-27T08:16Z,2026-09-27T14:00Z,5.73,Shimla,0.0,4479
2026-09-27T08:16Z,2026-09-27T15:00Z,6.73,Shimla,0.0,4427
2026-09-27T08:16Z,2026-09-27T16:00Z,7.73,Shimla,0.0,4368
2026-09-27T08:16Z,2026-09-27T06:00Z,-2.27,Dehradun,2.4,4575
2026-09-27T08:16Z,2026-09-27T07:00Z,-1.27,Dehradun,3.0,4636
2026-09-27T08:16Z,2026-09-27T08:00Z,-0.27,Dehradun,4.0,4631
2026-09-27T08:16Z,2026-09-27T09:00Z,0.73,Dehradun,3.7,4622
2026-09-27T08:16Z,2026-09-27T10:00Z,1.73,Dehradun,3.1,4547
2026-09-27T08:16Z,2026-09-27T11:00Z,2.73,Dehradun,2.6,4396
2026-09-27T08:16Z,2026-09-27T12:00Z,3.73,Dehradun,2.5,4370
2026-09-27T08:16Z,2026-09-27T13:00Z,4.73,Dehradun,3.5,4289
2026-09-27T08:16Z,2026-09-27T14:00Z,5.73,Dehradun,1.7,4311
2026-09-27T08:16Z,2026-09-27T15:00Z,6.73,Dehradun,1.5,4553
2026-09-27T08:16Z,2026-09-27T16:00Z,7.73,Dehradun,0.3,4436
2026-09-27T08:16Z,2026-09-27T06:00Z,-2.27,Uttarkashi,1.8,4527
2026-09-27T08:16Z,2026-09-27T07:00Z,-1.27,Uttarkashi,2.2,4564
2026-09-27T08:16Z,2026-09-27T08:00Z,-0.27,Uttarkashi,3.4,4529
2026-09-27T08:16Z,2026-09-27T09:00Z,0.73,Uttarkashi,3.2,4510
2026-09-27T08:16Z,2026-09-27T10:00Z,1.73,Uttarkashi,2.4,4439
2026-09-27T08:16Z,2026-09-27T11:00Z,2.73,Uttarkashi,1.9,4344
2026-09-27T08:16Z,2026-09-27T12:00Z,3.73,Uttarkashi,2.0,4348
2026-09-27T08:16Z,2026-09-27T13:00Z,4.73,Uttarkashi,2.0,4310
2026-09-27T08:16Z,2026-09-27T14:00Z,5.73,Uttarkashi,1.2,4317
2026-09-27T08:16Z,2026-09-27T15:00Z,6.73,Uttarkashi,0.9,4425
2026-09-27T08:16Z,2026-09-27T16:00Z,7.73,Uttarkashi,0.4,4383
2026-09-27T08:16Z,2026-09-27T06:00Z,-2.27,Joshimath,2.5,4531
2026-09-27T08:16Z,2026-09-27T07:00Z,-1.27,Joshimath,1.5,4521
2026-09-27T08:16Z,2026-09-27T08:00Z,-0.27,Joshimath,2.9,4495
2026-09-27T08:16Z,2026-09-27T09:00Z,0.73,Joshimath,0.3,4411
2026-09-27T08:16Z,2026-09-27T10:00Z,1.73,Joshimath,0.3,4401
2026-09-27T08:16Z,2026-09-27T11:00Z,2.73,Joshimath,0.3,4416
2026-09-27T08:16Z,2026-09-27T12:00Z,3.73,Joshimath,0.1,4414
2026-09-27T08:16Z,2026-09-27T13:00Z,4.73,Joshimath,0.1,4403
2026-09-27T08:16Z,2026-09-27T14:00Z,5.73,Joshimath,0.2,4368
2026-09-27T08:16Z,2026-09-27T15:00Z,6.73,Joshimath,0.2,4359
2026-09-27T08:16Z,2026-09-27T16:00Z,7.73,Joshimath,0.0,4359
2026-09-27T08:16Z,2026-09-27T06:00Z,-2.27,Bhimtal,0.5,4853
2026-09-27T08:16Z,2026-09-27T07:00Z,-1.27,Bhimtal,0.1,4811
2026-09-27T08:16Z,2026-09-27T08:00Z,-0.27,Bhimtal,0.1,4860
2026-09-27T08:16Z,2026-09-27T09:00Z,0.73,Bhimtal,0.3,4777
2026-09-27T08:16Z,2026-09-27T10:00Z,1.73,Bhimtal,0.6,4661
2026-09-27T08:16Z,2026-09-27T11:00Z,2.73,Bhimtal,0.2,4619
2026-09-27T08:16Z,2026-09-27T12:00Z,3.73,Bhimtal,0.0,4667
2026-09-27T08:16Z,2026-09-27T13:00Z,4.73,Bhimtal,0.0,4610
2026-09-27T08:16Z,2026-09-27T14:00Z,5.73,Bhimtal,0.1,4532
2026-09-27T08:16Z,2026-09-27T15:00Z,6.73,Bhimtal,0.1,4533
2026-09-27T08:16Z,2026-09-27T16:00Z,7.73,Bhimtal,0.1,4581
2026-09-27T08:16Z,2026-09-27T06:00Z,-2.27,Pithoragarh,0.1,4712
2026-09-27T08:16Z,2026-09-27T07:00Z,-1.27,Pithoragarh,0.1,4645
2026-09-27T08:16Z,2026-09-27T08:00Z,-0.27,Pithoragarh,0.7,4607
2026-09-27T08:16Z,2026-09-27T09:00Z,0.73,Pithoragarh,0.4,4429
2026-09-27T08:16Z,2026-09-27T10:00Z,1.73,Pithoragarh,0.3,4547
2026-09-27T08:16Z,2026-09-27T11:00Z,2.73,Pithoragarh,0.4,4511
2026-09-27T08:16Z,2026-09-27T12:00Z,3.73,Pithoragarh,0.2,4472
2026-09-27T08:16Z,2026-09-27T13:00Z,4.73,Pithoragarh,0.6,4529
2026-09-27T08:16Z,2026-09-27T14:00Z,5.73,Pithoragarh,1.0,4409
2026-09-27T08:16Z,2026-09-27T15:00Z,6.73,Pithoragarh,1.3,4484
2026-09-27T08:16Z,2026-09-27T16:00Z,7.73,Pithoragarh,1.3,4518
2026-09-27T08:16Z,2026-09-27T06:00Z,-2.27,Jumla,0.3,4675
2026-09-27T08:16Z,2026-09-27T07:00Z,-1.27,Jumla,0.4,4628
2026-09-27T08:16Z,2026-09-27T08:00Z,-0.27,Jumla,0.3,4623
2026-09-27T08:16Z,2026-09-27T09:00Z,0.73,Jumla,0.5,4629
2026-09-27T08:16Z,2026-09-27T10:00Z,1.73,Jumla,0.3,4656
2026-09-27T08:16Z,2026-09-27T11:00Z,2.73,Jumla,0.5,4628
2026-09-27T08:16Z,2026-09-27T12:00Z,3.73,Jumla,0.3,4603
2026-09-27T08:16Z,2026-09-27T13:00Z,4.73,Jumla,0.1,4568
2026-09-27T08:16Z,2026-09-27T14:00Z,5.73,Jumla,0.1,4540
2026-09-27T08:16Z,2026-09-27T15:00Z,6.73,Jumla,0.0,4519
2026-09-27T08:16Z,2026-09-27T16:00Z,7.73,Jumla,0.0,4505
2026-09-27T08:16Z,2026-09-27T06:00Z,-2.27,Jomsom,0.4,4761
2026-09-27T08:16Z,2026-09-27T07:00Z,-1.27,Jomsom,0.0,4730
2026-09-27T08:16Z,2026-09-27T08:00Z,-0.27,Jomsom,0.1,4731
2026-09-27T08:16Z,2026-09-27T09:00Z,0.73,Jomsom,0.0,4733
2026-09-27T08:16Z,2026-09-27T10:00Z,1.73,Jomsom,0.1,4718
2026-09-27T08:16Z,2026-09-27T11:00Z,2.73,Jomsom,0.0,4692
2026-09-27T08:16Z,2026-09-27T12:00Z,3.73,Jomsom,0.0,4685
2026-09-27T08:16Z,2026-09-27T13:00Z,4.73,Jomsom,0.0,4618
2026-09-27T08:16Z,2026-09-27T14:00Z,5.73,Jomsom,0.0,4570
2026-09-27T08:16Z,2026-09-27T15:00Z,6.73,Jomsom,0.0,4553
2026-09-27T08:16Z,2026-09-27T16:00Z,7.73,Jomsom,0.0,4551
2026-09-27T08:16Z,2026-09-27T06:00Z,-2.27,Pokhara,1.5,4970
2026-09-27T08:16Z,2026-09-27T07:00Z,-1.27,Pokhara,0.1,4659
2026-09-27T08:16Z,2026-09-27T08:00Z,-0.27,Pokhara,0.0,4599
2026-09-27T08:16Z,2026-09-27T09:00Z,0.73,Pokhara,0.0,4720
2026-09-27T08:16Z,2026-09-27T10:00Z,1.73,Pokhara,0.0,4686
2026-09-27T08:16Z,2026-09-27T11:00Z,2.73,Pokhara,0.0,4639
2026-09-27T08:16Z,2026-09-27T12:00Z,3.73,Pokhara,0.0,4637
2026-09-27T08:16Z,2026-09-27T13:00Z,4.73,Pokhara,0.0,4596
2026-09-27T08:16Z,2026-09-27T14:00Z,5.73,Pokhara,0.0,4577
2026-09-27T08:16Z,2026-09-27T15:00Z,6.73,Pokhara,0.0,4625
2026-09-27T08:16Z,2026-09-27T16:00Z,7.73,Pokhara,0.0,4701
2026-09-27T08:16Z,2026-09-27T06:00Z,-2.27,Kathmandu,1.5,4833
2026-09-27T08:16Z,2026-09-27T07:00Z,-1.27,Kathmandu,1.4,4771
2026-09-27T08:16Z,2026-09-27T08:00Z,-0.27,Kathmandu,0.4,4761
2026-09-27T08:16Z,2026-09-27T09:00Z,0.73,Kathmandu,0.1,4779
2026-09-27T08:16Z,2026-09-27T10:00Z,1.73,Kathmandu,0.0,4872
2026-09-27T08:16Z,2026-09-27T11:00Z,2.73,Kathmandu,0.0,4895
2026-09-27T08:16Z,2026-09-27T12:00Z,3.73,Kathmandu,0.0,4910
2026-09-27T08:16Z,2026-09-27T13:00Z,4.73,Kathmandu,0.0,4932
2026-09-27T08:16Z,2026-09-27T14:00Z,5.73,Kathmandu,0.0,4949
2026-09-27T08:16Z,2026-09-27T15:00Z,6.73,Kathmandu,0.0,4986
2026-09-27T08:16Z,2026-09-27T16:00Z,7.73,Kathmandu,0.0,5014
2026-09-27T08:16Z,2026-09-27T06:00Z,-2.27,Namche Bazaar,0.6,4729
2026-09-27T08:16Z,2026-09-27T07:00Z,-1.27,Namche Bazaar,0.7,4739
2026-09-27T08:16Z,2026-09-27T08:00Z,-0.27,Namche Bazaar,0.5,4806
2026-09-27T08:16Z,2026-09-27T09:00Z,0.73,Namche Bazaar,0.3,4907
2026-09-27T08:16Z,2026-09-27T10:00Z,1.73,Namche Bazaar,0.1,4890
2026-09-27T08:16Z,2026-09-27T11:00Z,2.73,Namche Bazaar,0.0,4927
2026-09-27T08:16Z,2026-09-27T12:00Z,3.73,Namche Bazaar,0.0,4972
2026-09-27T08:16Z,2026-09-27T13:00Z,4.73,Namche Bazaar,0.0,4969
2026-09-27T08:16Z,2026-09-27T14:00Z,5.73,Namche Bazaar,0.0,4981
2026-09-27T08:16Z,2026-09-27T15:00Z,6.73,Namche Bazaar,0.0,4992
2026-09-27T08:16Z,2026-09-27T16:00Z,7.73,Namche Bazaar,0.0,4989
2026-09-27T08:16Z,2026-09-27T06:00Z,-2.27,Darjeeling,0.1,4844
2026-09-27T08:16Z,2026-09-27T07:00Z,-1.27,Darjeeling,0.1,4856
2026-09-27T08:16Z,2026-09-27T08:00Z,-0.27,Darjeeling,0.0,4917
2026-09-27T08:16Z,2026-09-27T09:00Z,0.73,Darjeeling,0.0,4967
2026-09-27T08:16Z,2026-09-27T10:00Z,1.73,Darjeeling,0.0,5011
2026-09-27T08:16Z,2026-09-27T11:00Z,2.73,Darjeeling,0.0,5015
2026-09-27T08:16Z,2026-09-27T12:00Z,3.73,Darjeeling,0.0,5000
2026-09-27T08:16Z,2026-09-27T13:00Z,4.73,Darjeeling,0.0,5019
2026-09-27T08:16Z,2026-09-27T14:00Z,5.73,Darjeeling,0.0,5063
2026-09-27T08:16Z,2026-09-27T15:00Z,6.73,Darjeeling,0.0,5047
2026-09-27T08:16Z,2026-09-27T16:00Z,7.73,Darjeeling,0.0,5019
2026-09-27T08:16Z,2026-09-27T06:00Z,-2.27,Gangtok,0.1,4851
2026-09-27T08:16Z,2026-09-27T07:00Z,-1.27,Gangtok,0.0,4836
2026-09-27T08:16Z,2026-09-27T08:00Z,-0.27,Gangtok,0.1,4901
2026-09-27T08:16Z,2026-09-27T09:00Z,0.73,Gangtok,0.0,4955
2026-09-27T08:16Z,2026-09-27T10:00Z,1.73,Gangtok,0.0,5002
2026-09-27T08:16Z,2026-09-27T11:00Z,2.73,Gangtok,0.0,5023
2026-09-27T08:16Z,2026-09-27T12:00Z,3.73,Gangtok,0.0,5037
2026-09-27T08:16Z,2026-09-27T13:00Z,4.73,Gangtok,0.0,5100
2026-09-27T08:16Z,2026-09-27T14:00Z,5.73,Gangtok,0.0,5148
2026-09-27T08:16Z,2026-09-27T15:00Z,6.73,Gangtok,0.0,5162
2026-09-27T08:16Z,2026-09-27T16:00Z,7.73,Gangtok,0.0,5135
2026-09-27T08:16Z,2026-09-27T06:00Z,-2.27,Thimphu,0.0,4766
2026-09-27T08:16Z,2026-09-27T07:00Z,-1.27,Thimphu,0.0,4824
2026-09-27T08:16Z,2026-09-27T08:00Z,-0.27,Thimphu,0.1,4882
2026-09-27T08:16Z,2026-09-27T09:00Z,0.73,Thimphu,0.1,4919
2026-09-27T08:16Z,2026-09-27T10:00Z,1.73,Thimphu,0.1,4964
2026-09-27T08:16Z,2026-09-27T11:00Z,2.73,Thimphu,0.0,5004
2026-09-27T08:16Z,2026-09-27T12:00Z,3.73,Thimphu,0.0,5028
2026-09-27T08:16Z,2026-09-27T13:00Z,4.73,Thimphu,0.0,5068
2026-09-27T08:16Z,2026-09-27T14:00Z,5.73,Thimphu,0.0,5096
2026-09-27T08:16Z,2026-09-27T15:00Z,6.73,Thimphu,0.0,5098
2026-09-27T08:16Z,2026-09-27T16:00Z,7.73,Thimphu,0.0,5103
2026-09-27T08:16Z,2026-09-27T06:00Z,-2.27,Tawang,0.2,5084
2026-09-27T08:16Z,2026-09-27T07:00Z,-1.27,Tawang,0.3,5114
2026-09-27T08:16Z,2026-09-27T08:00Z,-0.27,Tawang,0.2,5121
2026-09-27T08:16Z,2026-09-27T09:00Z,0.73,Tawang,0.1,5254
2026-09-27T08:16Z,2026-09-27T10:00Z,1.73,Tawang,0.1,5333
2026-09-27T08:16Z,2026-09-27T11:00Z,2.73,Tawang,0.0,5391
2026-09-27T08:16Z,2026-09-27T12:00Z,3.73,Tawang,0.0,5449
2026-09-27T08:16Z,2026-09-27T13:00Z,4.73,Tawang,0.0,5535
2026-09-27T08:16Z,2026-09-27T14:00Z,5.73,Tawang,0.0,5582
2026-09-27T08:16Z,2026-09-27T15:00Z,6.73,Tawang,0.0,5585
2026-09-27T08:16Z,2026-09-27T16:00Z,7.73,Tawang,0.0,5513
2026-09-27T08:16Z,2026-09-27T06:00Z,-2.27,Lhasa,0.0,5378
2026-09-27T08:16Z,2026-09-27T07:00Z,-1.27,Lhasa,0.0,5486
2026-09-27T08:16Z,2026-09-27T08:00Z,-0.27,Lhasa,0.1,5568
2026-09-27T08:16Z,2026-09-27T09:00Z,0.73,Lhasa,0.1,5678
2026-09-27T08:16Z,2026-09-27T10:00Z,1.73,Lhasa,0.0,5695
2026-09-27T08:16Z,2026-09-27T11:00Z,2.73,Lhasa,0.0,5679
2026-09-27T08:16Z,2026-09-27T12:00Z,3.73,Lhasa,0.0,5647
2026-09-27T08:16Z,2026-09-27T13:00Z,4.73,Lhasa,0.0,5620
2026-09-27T08:16Z,2026-09-27T14:00Z,5.73,Lhasa,0.0,5591
2026-09-27T08:16Z,2026-09-27T15:00Z,6.73,Lhasa,0.0,5568
2026-09-27T08:16Z,2026-09-27T16:00Z,7.73,Lhasa,0.0,5539
2026-09-27T08:16Z,2026-09-27T06:00Z,-2.27,Shigatse,0.0,5241
2026-09-27T08:16Z,2026-09-27T07:00Z,-1.27,Shigatse,0.0,5350
2026-09-27T08:16Z,2026-09-27T08:00Z,-0.27,Shigatse,0.0,5430
2026-09-27T08:16Z,2026-09-27T09:00Z,0.73,Shigatse,0.0,5493
2026-09-27T08:16Z,2026-09-27T10:00Z,1.73,Shigatse,0.0,5531
2026-09-27T08:16Z,2026-09-27T11:00Z,2.73,Shigatse,0.0,5527
2026-09-27T08:16Z,2026-09-27T12:00Z,3.73,Shigatse,0.0,5492
2026-09-27T08:16Z,2026-09-27T13:00Z,4.73,Shigatse,0.0,5440
2026-09-27T08:16Z,2026-09-27T14:00Z,5.73,Shigatse,0.0,5430
2026-09-27T08:16Z,2026-09-27T15:00Z,6.73,Shigatse,0.0,5434
2026-09-27T08:16Z,2026-09-27T16:00Z,7.73,Shigatse,0.0,5397
2026-09-27T08:16Z,2026-09-27T06:00Z,-2.27,Itanagar,0.1,5344
2026-09-27T08:16Z,2026-09-27T07:00Z,-1.27,Itanagar,0.1,5376
2026-09-27T08:16Z,2026-09-27T08:00Z,-0.27,Itanagar,0.3,5398
2026-09-27T08:16Z,2026-09-27T09:00Z,0.73,Itanagar,0.2,5456
2026-09-27T08:16Z,2026-09-27T10:00Z,1.73,Itanagar,0.2,5526
2026-09-27T08:16Z,2026-09-27T11:00Z,2.73,Itanagar,0.2,5575
2026-09-27T08:16Z,2026-09-27T12:00Z,3.73,Itanagar,0.1,5635
2026-09-27T08:16Z,2026-09-27T13:00Z,4.73,Itanagar,0.0,5689
2026-09-27T08:16Z,2026-09-27T14:00Z,5.73,Itanagar,0.0,5686
2026-09-27T08:16Z,2026-09-27T15:00Z,6.73,Itanagar,0.0,5659
2026-09-27T08:16Z,2026-09-27T16:00Z,7.73,Itanagar,0.0,5610
2026-09-27T08:57Z,2026-09-27T06:00Z,-2.95,Gilgit,0.0,3779
2026-09-27T08:57Z,2026-09-27T07:00Z,-1.95,Gilgit,0.1,3792
2026-09-27T08:57Z,2026-09-27T08:00Z,-0.95,Gilgit,0.1,4253
2026-09-27T08:57Z,2026-09-27T09:00Z,0.05,Gilgit,0.4,4284
2026-09-27T08:57Z,2026-09-27T10:00Z,1.05,Gilgit,0.1,4337
2026-09-27T08:57Z,2026-09-27T11:00Z,2.05,Gilgit,0.0,4389
2026-09-27T08:57Z,2026-09-27T12:00Z,3.05,Gilgit,0.0,4379
2026-09-27T08:57Z,2026-09-27T13:00Z,4.05,Gilgit,0.0,4350
2026-09-27T08:57Z,2026-09-27T14:00Z,5.05,Gilgit,0.0,4330
2026-09-27T08:57Z,2026-09-27T15:00Z,6.05,Gilgit,0.0,4320
2026-09-27T08:57Z,2026-09-27T16:00Z,7.05,Gilgit,0.0,4308
2026-09-27T08:57Z,2026-09-27T06:00Z,-2.95,Skardu,0.0,4204
2026-09-27T08:57Z,2026-09-27T07:00Z,-1.95,Skardu,0.0,4251
2026-09-27T08:57Z,2026-09-27T08:00Z,-0.95,Skardu,0.1,4285
2026-09-27T08:57Z,2026-09-27T09:00Z,0.05,Skardu,0.1,4307
2026-09-27T08:57Z,2026-09-27T10:00Z,1.05,Skardu,0.0,4336
2026-09-27T08:57Z,2026-09-27T11:00Z,2.05,Skardu,0.0,4550
2026-09-27T08:57Z,2026-09-27T12:00Z,3.05,Skardu,0.0,4530
2026-09-27T08:57Z,2026-09-27T13:00Z,4.05,Skardu,0.0,4476
2026-09-27T08:57Z,2026-09-27T14:00Z,5.05,Skardu,0.0,4424
2026-09-27T08:57Z,2026-09-27T15:00Z,6.05,Skardu,0.0,4390
2026-09-27T08:57Z,2026-09-27T16:00Z,7.05,Skardu,0.0,4357
2026-09-27T08:57Z,2026-09-27T06:00Z,-2.95,Srinagar,0.0,4231
2026-09-27T08:57Z,2026-09-27T07:00Z,-1.95,Srinagar,0.0,4267
2026-09-27T08:57Z,2026-09-27T08:00Z,-0.95,Srinagar,0.0,4264
2026-09-27T08:57Z,2026-09-27T09:00Z,0.05,Srinagar,0.0,4275
2026-09-27T08:57Z,2026-09-27T10:00Z,1.05,Srinagar,0.1,4274
2026-09-27T08:57Z,2026-09-27T11:00Z,2.05,Srinagar,0.0,4288
2026-09-27T08:57Z,2026-09-27T12:00Z,3.05,Srinagar,0.0,4304
2026-09-27T08:57Z,2026-09-27T13:00Z,4.05,Srinagar,0.0,4283
2026-09-27T08:57Z,2026-09-27T14:00Z,5.05,Srinagar,0.0,4257
2026-09-27T08:57Z,2026-09-27T15:00Z,6.05,Srinagar,0.0,4231
2026-09-27T08:57Z,2026-09-27T16:00Z,7.05,Srinagar,0.0,4202
2026-09-27T08:57Z,2026-09-27T06:00Z,-2.95,Leh,0.0,4563
2026-09-27T08:57Z,2026-09-27T07:00Z,-1.95,Leh,0.0,4613
2026-09-27T08:57Z,2026-09-27T08:00Z,-0.95,Leh,0.0,4656
2026-09-27T08:57Z,2026-09-27T09:00Z,0.05,Leh,0.0,4697
2026-09-27T08:57Z,2026-09-27T10:00Z,1.05,Leh,0.0,4765
2026-09-27T08:57Z,2026-09-27T11:00Z,2.05,Leh,0.0,4795
2026-09-27T08:57Z,2026-09-27T12:00Z,3.05,Leh,0.0,4812
2026-09-27T08:57Z,2026-09-27T13:00Z,4.05,Leh,0.0,4794
2026-09-27T08:57Z,2026-09-27T14:00Z,5.05,Leh,0.0,4726
2026-09-27T08:57Z,2026-09-27T15:00Z,6.05,Leh,0.0,4666
2026-09-27T08:57Z,2026-09-27T16:00Z,7.05,Leh,0.0,4617
2026-09-27T08:57Z,2026-09-27T06:00Z,-2.95,Jammu,0.0,4543
2026-09-27T08:57Z,2026-09-27T07:00Z,-1.95,Jammu,0.0,4510
2026-09-27T08:57Z,2026-09-27T08:00Z,-0.95,Jammu,0.1,4492
2026-09-27T08:57Z,2026-09-27T09:00Z,0.05,Jammu,0.1,4492
2026-09-27T08:57Z,2026-09-27T10:00Z,1.05,Jammu,0.0,4491
2026-09-27T08:57Z,2026-09-27T11:00Z,2.05,Jammu,0.0,4493
2026-09-27T08:57Z,2026-09-27T12:00Z,3.05,Jammu,0.0,4484
2026-09-27T08:57Z,2026-09-27T13:00Z,4.05,Jammu,0.0,4472
2026-09-27T08:57Z,2026-09-27T14:00Z,5.05,Jammu,0.0,4442
2026-09-27T08:57Z,2026-09-27T15:00Z,6.05,Jammu,0.0,4436
2026-09-27T08:57Z,2026-09-27T16:00Z,7.05,Jammu,0.1,4389
2026-09-27T08:57Z,2026-09-27T06:00Z,-2.95,Dharamshala,0.1,4385
2026-09-27T08:57Z,2026-09-27T07:00Z,-1.95,Dharamshala,0.2,4366
2026-09-27T08:57Z,2026-09-27T08:00Z,-0.95,Dharamshala,0.2,4363
2026-09-27T08:57Z,2026-09-27T09:00Z,0.05,Dharamshala,0.1,4344
2026-09-27T08:57Z,2026-09-27T10:00Z,1.05,Dharamshala,0.1,4424
2026-09-27T08:57Z,2026-09-27T11:00Z,2.05,Dharamshala,0.1,4424
2026-09-27T08:57Z,2026-09-27T12:00Z,3.05,Dharamshala,0.0,4395
2026-09-27T08:57Z,2026-09-27T13:00Z,4.05,Dharamshala,0.0,4390
2026-09-27T08:57Z,2026-09-27T14:00Z,5.05,Dharamshala,0.0,4386
2026-09-27T08:57Z,2026-09-27T15:00Z,6.05,Dharamshala,0.0,4394
2026-09-27T08:57Z,2026-09-27T16:00Z,7.05,Dharamshala,0.0,4357
2026-09-27T08:57Z,2026-09-27T06:00Z,-2.95,Manali,0.0,4315
2026-09-27T08:57Z,2026-09-27T07:00Z,-1.95,Manali,0.1,4394
2026-09-27T08:57Z,2026-09-27T08:00Z,-0.95,Manali,0.2,4369
2026-09-27T08:57Z,2026-09-27T09:00Z,0.05,Manali,0.1,4373
2026-09-27T08:57Z,2026-09-27T10:00Z,1.05,Manali,0.3,4401
2026-09-27T08:57Z,2026-09-27T11:00Z,2.05,Manali,1.3,4424
2026-09-27T08:57Z,2026-09-27T12:00Z,3.05,Manali,1.5,4437
2026-09-27T08:57Z,2026-09-27T13:00Z,4.05,Manali,0.1,4439
2026-09-27T08:57Z,2026-09-27T14:00Z,5.05,Manali,0.0,4434
2026-09-27T08:57Z,2026-09-27T15:00Z,6.05,Manali,0.0,4414
2026-09-27T08:57Z,2026-09-27T16:00Z,7.05,Manali,0.0,4385
2026-09-27T08:57Z,2026-09-27T06:00Z,-2.95,Kaza,1.1,4778
2026-09-27T08:57Z,2026-09-27T07:00Z,-1.95,Kaza,0.7,4790
2026-09-27T08:57Z,2026-09-27T08:00Z,-0.95,Kaza,1.5,4801
2026-09-27T08:57Z,2026-09-27T09:00Z,0.05,Kaza,1.2,4808
2026-09-27T08:57Z,2026-09-27T10:00Z,1.05,Kaza,0.5,4809
2026-09-27T08:57Z,2026-09-27T11:00Z,2.05,Kaza,0.2,4811
2026-09-27T08:57Z,2026-09-27T12:00Z,3.05,Kaza,0.1,4809
2026-09-27T08:57Z,2026-09-27T13:00Z,4.05,Kaza,0.1,4780
2026-09-27T08:57Z,2026-09-27T14:00Z,5.05,Kaza,0.1,4734
2026-09-27T08:57Z,2026-09-27T15:00Z,6.05,Kaza,0.1,4703
2026-09-27T08:57Z,2026-09-27T16:00Z,7.05,Kaza,0.0,4679
2026-09-27T08:57Z,2026-09-27T06:00Z,-2.95,Shimla,0.2,4591
2026-09-27T08:57Z,2026-09-27T07:00Z,-1.95,Shimla,0.0,4472
2026-09-27T08:57Z,2026-09-27T08:00Z,-0.95,Shimla,0.0,4543
2026-09-27T08:57Z,2026-09-27T09:00Z,0.05,Shimla,0.1,4490
2026-09-27T08:57Z,2026-09-27T10:00Z,1.05,Shimla,0.0,4497
2026-09-27T08:57Z,2026-09-27T11:00Z,2.05,Shimla,0.2,4492
2026-09-27T08:57Z,2026-09-27T12:00Z,3.05,Shimla,0.1,4447
2026-09-27T08:57Z,2026-09-27T13:00Z,4.05,Shimla,0.0,4484
2026-09-27T08:57Z,2026-09-27T14:00Z,5.05,Shimla,0.0,4479
2026-09-27T08:57Z,2026-09-27T15:00Z,6.05,Shimla,0.0,4427
2026-09-27T08:57Z,2026-09-27T16:00Z,7.05,Shimla,0.0,4368
2026-09-27T08:57Z,2026-09-27T06:00Z,-2.95,Dehradun,2.4,4575
2026-09-27T08:57Z,2026-09-27T07:00Z,-1.95,Dehradun,3.0,4636
2026-09-27T08:57Z,2026-09-27T08:00Z,-0.95,Dehradun,4.0,4631
2026-09-27T08:57Z,2026-09-27T09:00Z,0.05,Dehradun,3.7,4622
2026-09-27T08:57Z,2026-09-27T10:00Z,1.05,Dehradun,3.1,4547
2026-09-27T08:57Z,2026-09-27T11:00Z,2.05,Dehradun,2.6,4396
2026-09-27T08:57Z,2026-09-27T12:00Z,3.05,Dehradun,2.5,4370
2026-09-27T08:57Z,2026-09-27T13:00Z,4.05,Dehradun,3.5,4289
2026-09-27T08:57Z,2026-09-27T14:00Z,5.05,Dehradun,1.7,4311
2026-09-27T08:57Z,2026-09-27T15:00Z,6.05,Dehradun,1.5,4553
2026-09-27T08:57Z,2026-09-27T16:00Z,7.05,Dehradun,0.3,4436
2026-09-27T08:57Z,2026-09-27T06:00Z,-2.95,Uttarkashi,1.8,4527
2026-09-27T08:57Z,2026-09-27T07:00Z,-1.95,Uttarkashi,2.2,4564
2026-09-27T08:57Z,2026-09-27T08:00Z,-0.95,Uttarkashi,3.4,4529
2026-09-27T08:57Z,2026-09-27T09:00Z,0.05,Uttarkashi,3.2,4510
2026-09-27T08:57Z,2026-09-27T10:00Z,1.05,Uttarkashi,2.4,4439
2026-09-27T08:57Z,2026-09-27T11:00Z,2.05,Uttarkashi,1.9,4344
2026-09-27T08:57Z,2026-09-27T12:00Z,3.05,Uttarkashi,2.0,4348
2026-09-27T08:57Z,2026-09-27T13:00Z,4.05,Uttarkashi,2.0,4310
2026-09-27T08:57Z,2026-09-27T14:00Z,5.05,Uttarkashi,1.2,4317
2026-09-27T08:57Z,2026-09-27T15:00Z,6.05,Uttarkashi,0.9,4425
2026-09-27T08:57Z,2026-09-27T16:00Z,7.05,Uttarkashi,0.4,4383
2026-09-27T08:57Z,2026-09-27T06:00Z,-2.95,Joshimath,2.5,4531
2026-09-27T08:57Z,2026-09-27T07:00Z,-1.95,Joshimath,1.5,4521
2026-09-27T08:57Z,2026-09-27T08:00Z,-0.95,Joshimath,2.9,4495
2026-09-27T08:57Z,2026-09-27T09:00Z,0.05,Joshimath,0.3,4411
2026-09-27T08:57Z,2026-09-27T10:00Z,1.05,Joshimath,0.3,4401
2026-09-27T08:57Z,2026-09-27T11:00Z,2.05,Joshimath,0.3,4416
2026-09-27T08:57Z,2026-09-27T12:00Z,3.05,Joshimath,0.1,4414
2026-09-27T08:57Z,2026-09-27T13:00Z,4.05,Joshimath,0.1,4403
2026-09-27T08:57Z,2026-09-27T14:00Z,5.05,Joshimath,0.2,4368
2026-09-27T08:57Z,2026-09-27T15:00Z,6.05,Joshimath,0.2,4359
2026-09-27T08:57Z,2026-09-27T16:00Z,7.05,Joshimath,0.0,4359
2026-09-27T08:57Z,2026-09-27T06:00Z,-2.95,Bhimtal,0.5,4853
2026-09-27T08:57Z,2026-09-27T07:00Z,-1.95,Bhimtal,0.1,4811
2026-09-27T08:57Z,2026-09-27T08:00Z,-0.95,Bhimtal,0.1,4860
2026-09-27T08:57Z,2026-09-27T09:00Z,0.05,Bhimtal,0.3,4777
2026-09-27T08:57Z,2026-09-27T10:00Z,1.05,Bhimtal,0.6,4661
2026-09-27T08:57Z,2026-09-27T11:00Z,2.05,Bhimtal,0.2,4619
2026-09-27T08:57Z,2026-09-27T12:00Z,3.05,Bhimtal,0.0,4667
2026-09-27T08:57Z,2026-09-27T13:00Z,4.05,Bhimtal,0.0,4610
2026-09-27T08:57Z,2026-09-27T14:00Z,5.05,Bhimtal,0.1,4532
2026-09-27T08:57Z,2026-09-27T15:00Z,6.05,Bhimtal,0.1,4533
2026-09-27T08:57Z,2026-09-27T16:00Z,7.05,Bhimtal,0.1,4581
2026-09-27T08:57Z,2026-09-27T06:00Z,-2.95,Pithoragarh,0.1,4712
2026-09-27T08:57Z,2026-09-27T07:00Z,-1.95,Pithoragarh,0.1,4645
2026-09-27T08:57Z,2026-09-27T08:00Z,-0.95,Pithoragarh,0.7,4607
2026-09-27T08:57Z,2026-09-27T09:00Z,0.05,Pithoragarh,0.4,4429
2026-09-27T08:57Z,2026-09-27T10:00Z,1.05,Pithoragarh,0.3,4547
2026-09-27T08:57Z,2026-09-27T11:00Z,2.05,Pithoragarh,0.4,4511
2026-09-27T08:57Z,2026-09-27T12:00Z,3.05,Pithoragarh,0.2,4472
2026-09-27T08:57Z,2026-09-27T13:00Z,4.05,Pithoragarh,0.6,4529
2026-09-27T08:57Z,2026-09-27T14:00Z,5.05,Pithoragarh,1.0,4409
2026-09-27T08:57Z,2026-09-27T15:00Z,6.05,Pithoragarh,1.3,4484
2026-09-27T08:57Z,2026-09-27T16:00Z,7.05,Pithoragarh,1.3,4518
2026-09-27T08:57Z,2026-09-27T06:00Z,-2.95,Jumla,0.3,4675
2026-09-27T08:57Z,2026-09-27T07:00Z,-1.95,Jumla,0.4,4628
2026-09-27T08:57Z,2026-09-27T08:00Z,-0.95,Jumla,0.3,4623
2026-09-27T08:57Z,2026-09-27T09:00Z,0.05,Jumla,0.5,4629
2026-09-27T08:57Z,2026-09-27T10:00Z,1.05,Jumla,0.3,4656
2026-09-27T08:57Z,2026-09-27T11:00Z,2.05,Jumla,0.5,4628
2026-09-27T08:57Z,2026-09-27T12:00Z,3.05,Jumla,0.3,4603
2026-09-27T08:57Z,2026-09-27T13:00Z,4.05,Jumla,0.1,4568
2026-09-27T08:57Z,2026-09-27T14:00Z,5.05,Jumla,0.1,4540
2026-09-27T08:57Z,2026-09-27T15:00Z,6.05,Jumla,0.0,4519
2026-09-27T08:57Z,2026-09-27T16:00Z,7.05,Jumla,0.0,4505
2026-09-27T08:57Z,2026-09-27T06:00Z,-2.95,Jomsom,0.4,4761
2026-09-27T08:57Z,2026-09-27T07:00Z,-1.95,Jomsom,0.0,4730
2026-09-27T08:57Z,2026-09-27T08:00Z,-0.95,Jomsom,0.1,4731
2026-09-27T08:57Z,2026-09-27T09:00Z,0.05,Jomsom,0.0,4733
2026-09-27T08:57Z,2026-09-27T10:00Z,1.05,Jomsom,0.1,4718
2026-09-27T08:57Z,2026-09-27T11:00Z,2.05,Jomsom,0.0,4692
2026-09-27T08:57Z,2026-09-27T12:00Z,3.05,Jomsom,0.0,4685
2026-09-27T08:57Z,2026-09-27T13:00Z,4.05,Jomsom,0.0,4618
2026-09-27T08:57Z,2026-09-27T14:00Z,5.05,Jomsom,0.0,4570
2026-09-27T08:57Z,2026-09-27T15:00Z,6.05,Jomsom,0.0,4553
2026-09-27T08:57Z,2026-09-27T16:00Z,7.05,Jomsom,0.0,4551
2026-09-27T08:57Z,2026-09-27T06:00Z,-2.95,Pokhara,1.5,4970
2026-09-27T08:57Z,2026-09-27T07:00Z,-1.95,Pokhara,0.1,4659
2026-09-27T08:57Z,2026-09-27T08:00Z,-0.95,Pokhara,0.0,4599
2026-09-27T08:57Z,2026-09-27T09:00Z,0.05,Pokhara,0.0,4720
2026-09-27T08:57Z,2026-09-27T10:00Z,1.05,Pokhara,0.0,4686
2026-09-27T08:57Z,2026-09-27T11:00Z,2.05,Pokhara,0.0,4639
2026-09-27T08:57Z,2026-09-27T12:00Z,3.05,Pokhara,0.0,4637
2026-09-27T08:57Z,2026-09-27T13:00Z,4.05,Pokhara,0.0,4596
2026-09-27T08:57Z,2026-09-27T14:00Z,5.05,Pokhara,0.0,4577
2026-09-27T08:57Z,2026-09-27T15:00Z,6.05,Pokhara,0.0,4625
2026-09-27T08:57Z,2026-09-27T16:00Z,7.05,Pokhara,0.0,4701
2026-09-27T08:57Z,2026-09-27T06:00Z,-2.95,Kathmandu,1.5,4833
2026-09-27T08:57Z,2026-09-27T07:00Z,-1.95,Kathmandu,1.4,4771
2026-09-27T08:57Z,2026-09-27T08:00Z,-0.95,Kathmandu,0.4,4761
2026-09-27T08:57Z,2026-09-27T09:00Z,0.05,Kathmandu,0.1,4779
2026-09-27T08:57Z,2026-09-27T10:00Z,1.05,Kathmandu,0.0,4872
2026-09-27T08:57Z,2026-09-27T11:00Z,2.05,Kathmandu,0.0,4895
2026-09-27T08:57Z,2026-09-27T12:00Z,3.05,Kathmandu,0.0,4910
2026-09-27T08:57Z,2026-09-27T13:00Z,4.05,Kathmandu,0.0,4932
2026-09-27T08:57Z,2026-09-27T14:00Z,5.05,Kathmandu,0.0,4949
2026-09-27T08:57Z,2026-09-27T15:00Z,6.05,Kathmandu,0.0,4986
2026-09-27T08:57Z,2026-09-27T16:00Z,7.05,Kathmandu,0.0,5014
2026-09-27T08:57Z,2026-09-27T06:00Z,-2.95,Namche Bazaar,0.6,4729
2026-09-27T08:57Z,2026-09-27T07:00Z,-1.95,Namche Bazaar,0.7,4739
2026-09-27T08:57Z,2026-09-27T08:00Z,-0.95,Namche Bazaar,0.5,4806
2026-09-27T08:57Z,2026-09-27T09:00Z,0.05,Namche Bazaar,0.3,4907
2026-09-27T08:57Z,2026-09-27T10:00Z,1.05,Namche Bazaar,0.1,4890
2026-09-27T08:57Z,2026-09-27T11:00Z,2.05,Namche Bazaar,0.0,4927
2026-09-27T08:57Z,2026-09-27T12:00Z,3.05,Namche Bazaar,0.0,4972
2026-09-27T08:57Z,2026-09-27T13:00Z,4.05,Namche Bazaar,0.0,4969
2026-09-27T08:57Z,2026-09-27T14:00Z,5.05,Namche Bazaar,0.0,4981
2026-09-27T08:57Z,2026-09-27T15:00Z,6.05,Namche Bazaar,0.0,4992
2026-09-27T08:57Z,2026-09-27T16:00Z,7.05,Namche Bazaar,0.0,4989
2026-09-27T08:57Z,2026-09-27T06:00Z,-2.95,Darjeeling,0.1,4844
2026-09-27T08:57Z,2026-09-27T07:00Z,-1.95,Darjeeling,0.1,4856
2026-09-27T08:57Z,2026-09-27T08:00Z,-0.95,Darjeeling,0.0,4917
2026-09-27T08:57Z,2026-09-27T09:00Z,0.05,Darjeeling,0.0,4967
2026-09-27T08:57Z,2026-09-27T10:00Z,1.05,Darjeeling,0.0,5011
2026-09-27T08:57Z,2026-09-27T11:00Z,2.05,Darjeeling,0.0,5015
2026-09-27T08:57Z,2026-09-27T12:00Z,3.05,Darjeeling,0.0,5000
2026-09-27T08:57Z,2026-09-27T13:00Z,4.05,Darjeeling,0.0,5019
2026-09-27T08:57Z,2026-09-27T14:00Z,5.05,Darjeeling,0.0,5063
2026-09-27T08:57Z,2026-09-27T15:00Z,6.05,Darjeeling,0.0,5047
2026-09-27T08:57Z,2026-09-27T16:00Z,7.05,Darjeeling,0.0,5019
2026-09-27T08:57Z,2026-09-27T06:00Z,-2.95,Gangtok,0.1,4851
2026-09-27T08:57Z,2026-09-27T07:00Z,-1.95,Gangtok,0.0,4836
2026-09-27T08:57Z,2026-09-27T08:00Z,-0.95,Gangtok,0.1,4901
2026-09-27T08:57Z,2026-09-27T09:00Z,0.05,Gangtok,0.0,4955
2026-09-27T08:57Z,2026-09-27T10:00Z,1.05,Gangtok,0.0,5002
2026-09-27T08:57Z,2026-09-27T11:00Z,2.05,Gangtok,0.0,5023
2026-09-27T08:57Z,2026-09-27T12:00Z,3.05,Gangtok,0.0,5037
2026-09-27T08:57Z,2026-09-27T13:00Z,4.05,Gangtok,0.0,5100
2026-09-27T08:57Z,2026-09-27T14:00Z,5.05,Gangtok,0.0,5148
2026-09-27T08:57Z,2026-09-27T15:00Z,6.05,Gangtok,0.0,5162
2026-09-27T08:57Z,2026-09-27T16:00Z,7.05,Gangtok,0.0,5135
2026-09-27T08:57Z,2026-09-27T06:00Z,-2.95,Thimphu,0.0,4766
2026-09-27T08:57Z,2026-09-27T07:00Z,-1.95,Thimphu,0.0,4824
2026-09-27T08:57Z,2026-09-27T08:00Z,-0.95,Thimphu,0.1,4882
2026-09-27T08:57Z,2026-09-27T09:00Z,0.05,Thimphu,0.1,4919
2026-09-27T08:57Z,2026-09-27T10:00Z,1.05,Thimphu,0.1,4964
2026-09-27T08:57Z,2026-09-27T11:00Z,2.05,Thimphu,0.0,5004
2026-09-27T08:57Z,2026-09-27T12:00Z,3.05,Thimphu,0.0,5028
2026-09-27T08:57Z,2026-09-27T13:00Z,4.05,Thimphu,0.0,5068
2026-09-27T08:57Z,2026-09-27T14:00Z,5.05,Thimphu,0.0,5096
2026-09-27T08:57Z,2026-09-27T15:00Z,6.05,Thimphu,0.0,5098
2026-09-27T08:57Z,2026-09-27T16:00Z,7.05,Thimphu,0.0,5103
2026-09-27T08:57Z,2026-09-27T06:00Z,-2.95,Tawang,0.2,5084
2026-09-27T08:57Z,2026-09-27T07:00Z,-1.95,Tawang,0.3,5114
2026-09-27T08:57Z,2026-09-27T08:00Z,-0.95,Tawang,0.2,5121
2026-09-27T08:57Z,2026-09-27T09:00Z,0.05,Tawang,0.1,5254
2026-09-27T08:57Z,2026-09-27T10:00Z,1.05,Tawang,0.1,5333
2026-09-27T08:57Z,2026-09-27T11:00Z,2.05,Tawang,0.0,5391
2026-09-27T08:57Z,2026-09-27T12:00Z,3.05,Tawang,0.0,5449
2026-09-27T08:57Z,2026-09-27T13:00Z,4.05,Tawang,0.0,5535
2026-09-27T08:57Z,2026-09-27T14:00Z,5.05,Tawang,0.0,5582
2026-09-27T08:57Z,2026-09-27T15:00Z,6.05,Tawang,0.0,5585
2026-09-27T08:57Z,2026-09-27T16:00Z,7.05,Tawang,0.0,5513
2026-09-27T08:57Z,2026-09-27T06:00Z,-2.95,Lhasa,0.0,5378
2026-09-27T08:57Z,2026-09-27T07:00Z,-1.95,Lhasa,0.0,5486
2026-09-27T08:57Z,2026-09-27T08:00Z,-0.95,Lhasa,0.1,5568
2026-09-27T08:57Z,2026-09-27T09:00Z,0.05,Lhasa,0.1,5678
2026-09-27T08:57Z,2026-09-27T10:00Z,1.05,Lhasa,0.0,5695
2026-09-27T08:57Z,2026-09-27T11:00Z,2.05,Lhasa,0.0,5679
2026-09-27T08:57Z,2026-09-27T12:00Z,3.05,Lhasa,0.0,5647
2026-09-27T08:57Z,2026-09-27T13:00Z,4.05,Lhasa,0.0,5620
2026-09-27T08:57Z,2026-09-27T14:00Z,5.05,Lhasa,0.0,5591
2026-09-27T08:57Z,2026-09-27T15:00Z,6.05,Lhasa,0.0,5568
2026-09-27T08:57Z,2026-09-27T16:00Z,7.05,Lhasa,0.0,5539
2026-09-27T08:57Z,2026-09-27T06:00Z,-2.95,Shigatse,0.0,5241
2026-09-27T08:57Z,2026-09-27T07:00Z,-1.95,Shigatse,0.0,5350
2026-09-27T08:57Z,2026-09-27T08:00Z,-0.95,Shigatse,0.0,5430
2026-09-27T08:57Z,2026-09-27T09:00Z,0.05,Shigatse,0.0,5493
2026-09-27T08:57Z,2026-09-27T10:00Z,1.05,Shigatse,0.0,5531
2026-09-27T08:57Z,2026-09-27T11:00Z,2.05,Shigatse,0.0,5527
2026-09-27T08:57Z,2026-09-27T12:00Z,3.05,Shigatse,0.0,5492
2026-09-27T08:57Z,2026-09-27T13:00Z,4.05,Shigatse,0.0,5440
2026-09-27T08:57Z,2026-09-27T14:00Z,5.05,Shigatse,0.0,5430
2026-09-27T08:57Z,2026-09-27T15:00Z,6.05,Shigatse,0.0,5434
2026-09-27T08:57Z,2026-09-27T16:00Z,7.05,Shigatse,0.0,5397
2026-09-27T08:57Z,2026-09-27T06:00Z,-2.95,Itanagar,0.1,5344
2026-09-27T08:57Z,2026-09-27T07:00Z,-1.95,Itanagar,0.1,5376
2026-09-27T08:57Z,2026-09-27T08:00Z,-0.95,Itanagar,0.3,5398
2026-09-27T08:57Z,2026-09-27T09:00Z,0.05,Itanagar,0.2,5456
2026-09-27T08:57Z,2026-09-27T10:00Z,1.05,Itanagar,0.2,5526
2026-09-27T08:57Z,2026-09-27T11:00Z,2.05,Itanagar,0.2,5575
2026-09-27T08:57Z,2026-09-27T12:00Z,3.05,Itanagar,0.1,5635
2026-09-27T08:57Z,2026-09-27T13:00Z,4.05,Itanagar,0.0,5689
2026-09-27T08:57Z,2026-09-27T14:00Z,5.05,Itanagar,0.0,5686
2026-09-27T08:57Z,2026-09-27T15:00Z,6.05,Itanagar,0.0,5659
2026-09-27T08:57Z,2026-09-27T16:00Z,7.05,Itanagar,0.0,5610
2026-09-27T08:58Z,2026-09-27T06:00Z,-2.97,Gilgit,0.0,3779
2026-09-27T08:58Z,2026-09-27T07:00Z,-1.97,Gilgit,0.1,3792
2026-09-27T08:58Z,2026-09-27T08:00Z,-0.97,Gilgit,0.1,4253
2026-09-27T08:58Z,2026-09-27T09:00Z,0.03,Gilgit,0.4,4284
2026-09-27T08:58Z,2026-09-27T10:00Z,1.03,Gilgit,0.1,4337
2026-09-27T08:58Z,2026-09-27T11:00Z,2.03,Gilgit,0.0,4389
2026-09-27T08:58Z,2026-09-27T12:00Z,3.03,Gilgit,0.0,4379
2026-09-27T08:58Z,2026-09-27T13:00Z,4.03,Gilgit,0.0,4350
2026-09-27T08:58Z,2026-09-27T14:00Z,5.03,Gilgit,0.0,4330
2026-09-27T08:58Z,2026-09-27T15:00Z,6.03,Gilgit,0.0,4320
2026-09-27T08:58Z,2026-09-27T16:00Z,7.03,Gilgit,0.0,4308
2026-09-27T08:58Z,2026-09-27T06:00Z,-2.97,Skardu,0.0,4204
2026-09-27T08:58Z,2026-09-27T07:00Z,-1.97,Skardu,0.0,4251
2026-09-27T08:58Z,2026-09-27T08:00Z,-0.97,Skardu,0.1,4285
2026-09-27T08:58Z,2026-09-27T09:00Z,0.03,Skardu,0.1,4307
2026-09-27T08:58Z,2026-09-27T10:00Z,1.03,Skardu,0.0,4336
2026-09-27T08:58Z,2026-09-27T11:00Z,2.03,Skardu,0.0,4550
2026-09-27T08:58Z,2026-09-27T12:00Z,3.03,Skardu,0.0,4530
2026-09-27T08:58Z,2026-09-27T13:00Z,4.03,Skardu,0.0,4476
2026-09-27T08:58Z,2026-09-27T14:00Z,5.03,Skardu,0.0,4424
2026-09-27T08:58Z,2026-09-27T15:00Z,6.03,Skardu,0.0,4390
2026-09-27T08:58Z,2026-09-27T16:00Z,7.03,Skardu,0.0,4357
2026-09-27T08:58Z,2026-09-27T06:00Z,-2.97,Srinagar,0.0,4231
2026-09-27T08:58Z,2026-09-27T07:00Z,-1.97,Srinagar,0.0,4267
2026-09-27T08:58Z,2026-09-27T08:00Z,-0.97,Srinagar,0.0,4264
2026-09-27T08:58Z,2026-09-27T09:00Z,0.03,Srinagar,0.0,4275
2026-09-27T08:58Z,2026-09-27T10:00Z,1.03,Srinagar,0.1,4274
2026-09-27T08:58Z,2026-09-27T11:00Z,2.03,Srinagar,0.0,4288
2026-09-27T08:58Z,2026-09-27T12:00Z,3.03,Srinagar,0.0,4304
2026-09-27T08:58Z,2026-09-27T13:00Z,4.03,Srinagar,0.0,4283
2026-09-27T08:58Z,2026-09-27T14:00Z,5.03,Srinagar,0.0,4257
2026-09-27T08:58Z,2026-09-27T15:00Z,6.03,Srinagar,0.0,4231
2026-09-27T08:58Z,2026-09-27T16:00Z,7.03,Srinagar,0.0,4202
2026-09-27T08:58Z,2026-09-27T06:00Z,-2.97,Leh,0.0,4563
2026-09-27T08:58Z,2026-09-27T07:00Z,-1.97,Leh,0.0,4613
2026-09-27T08:58Z,2026-09-27T08:00Z,-0.97,Leh,0.0,4656
2026-09-27T08:58Z,2026-09-27T09:00Z,0.03,Leh,0.0,4697
2026-09-27T08:58Z,2026-09-27T10:00Z,1.03,Leh,0.0,4765
2026-09-27T08:58Z,2026-09-27T11:00Z,2.03,Leh,0.0,4795
2026-09-27T08:58Z,2026-09-27T12:00Z,3.03,Leh,0.0,4812
2026-09-27T08:58Z,2026-09-27T13:00Z,4.03,Leh,0.0,4794
2026-09-27T08:58Z,2026-09-27T14:00Z,5.03,Leh,0.0,4726
2026-09-27T08:58Z,2026-09-27T15:00Z,6.03,Leh,0.0,4666
2026-09-27T08:58Z,2026-09-27T16:00Z,7.03,Leh,0.0,4617
2026-09-27T08:58Z,2026-09-27T06:00Z,-2.97,Jammu,0.0,4543
2026-09-27T08:58Z,2026-09-27T07:00Z,-1.97,Jammu,0.0,4510
2026-09-27T08:58Z,2026-09-27T08:00Z,-0.97,Jammu,0.1,4492
2026-09-27T08:58Z,2026-09-27T09:00Z,0.03,Jammu,0.1,4492
2026-09-27T08:58Z,2026-09-27T10:00Z,1.03,Jammu,0.0,4491
2026-09-27T08:58Z,2026-09-27T11:00Z,2.03,Jammu,0.0,4493
2026-09-27T08:58Z,2026-09-27T12:00Z,3.03,Jammu,0.0,4484
2026-09-27T08:58Z,2026-09-27T13:00Z,4.03,Jammu,0.0,4472
2026-09-27T08:58Z,2026-09-27T14:00Z,5.03,Jammu,0.0,4442
2026-09-27T08:58Z,2026-09-27T15:00Z,6.03,Jammu,0.0,4436
2026-09-27T08:58Z,2026-09-27T16:00Z,7.03,Jammu,0.1,4389
2026-09-27T08:58Z,2026-09-27T06:00Z,-2.97,Dharamshala,0.1,4385
2026-09-27T08:58Z,2026-09-27T07:00Z,-1.97,Dharamshala,0.2,4366
2026-09-27T08:58Z,2026-09-27T08:00Z,-0.97,Dharamshala,0.2,4363
2026-09-27T08:58Z,2026-09-27T09:00Z,0.03,Dharamshala,0.1,4344
2026-09-27T08:58Z,2026-09-27T10:00Z,1.03,Dharamshala,0.1,4424
2026-09-27T08:58Z,2026-09-27T11:00Z,2.03,Dharamshala,0.1,4424
2026-09-27T08:58Z,2026-09-27T12:00Z,3.03,Dharamshala,0.0,4395
2026-09-27T08:58Z,2026-09-27T13:00Z,4.03,Dharamshala,0.0,4390
2026-09-27T08:58Z,2026-09-27T14:00Z,5.03,Dharamshala,0.0,4386
2026-09-27T08:58Z,2026-09-27T15:00Z,6.03,Dharamshala,0.0,4394
2026-09-27T08:58Z,2026-09-27T16:00Z,7.03,Dharamshala,0.0,4357
2026-09-27T08:58Z,2026-09-27T06:00Z,-2.97,Manali,0.0,4315
2026-09-27T08:58Z,2026-09-27T07:00Z,-1.97,Manali,0.1,4394
2026-09-27T08:58Z,2026-09-27T08:00Z,-0.97,Manali,0.2,4369
2026-09-27T08:58Z,2026-09-27T09:00Z,0.03,Manali,0.1,4373
2026-09-27T08:58Z,2026-09-27T10:00Z,1.03,Manali,0.3,4401
2026-09-27T08:58Z,2026-09-27T11:00Z,2.03,Manali,1.3,4424
2026-09-27T08:58Z,2026-09-27T12:00Z,3.03,Manali,1.5,4437
2026-09-27T08:58Z,2026-09-27T13:00Z,4.03,Manali,0.1,4439
2026-09-27T08:58Z,2026-09-27T14:00Z,5.03,Manali,0.0,4434
2026-09-27T08:58Z,2026-09-27T15:00Z,6.03,Manali,0.0,4414
2026-09-27T08:58Z,2026-09-27T16:00Z,7.03,Manali,0.0,4385
2026-09-27T08:58Z,2026-09-27T06:00Z,-2.97,Kaza,1.1,4778
2026-09-27T08:58Z,2026-09-27T07:00Z,-1.97,Kaza,0.7,4790
2026-09-27T08:58Z,2026-09-27T08:00Z,-0.97,Kaza,1.5,4801
2026-09-27T08:58Z,2026-09-27T09:00Z,0.03,Kaza,1.2,4808
2026-09-27T08:58Z,2026-09-27T10:00Z,1.03,Kaza,0.5,4809
2026-09-27T08:58Z,2026-09-27T11:00Z,2.03,Kaza,0.2,4811
2026-09-27T08:58Z,2026-09-27T12:00Z,3.03,Kaza,0.1,4809
2026-09-27T08:58Z,2026-09-27T13:00Z,4.03,Kaza,0.1,4780
2026-09-27T08:58Z,2026-09-27T14:00Z,5.03,Kaza,0.1,4734
2026-09-27T08:58Z,2026-09-27T15:00Z,6.03,Kaza,0.1,4703
2026-09-27T08:58Z,2026-09-27T16:00Z,7.03,Kaza,0.0,4679
2026-09-27T08:58Z,2026-09-27T06:00Z,-2.97,Shimla,0.2,4591
2026-09-27T08:58Z,2026-09-27T07:00Z,-1.97,Shimla,0.0,4472
2026-09-27T08:58Z,2026-09-27T08:00Z,-0.97,Shimla,0.0,4543
2026-09-27T08:58Z,2026-09-27T09:00Z,0.03,Shimla,0.1,4490
2026-09-27T08:58Z,2026-09-27T10:00Z,1.03,Shimla,0.0,4497
2026-09-27T08:58Z,2026-09-27T11:00Z,2.03,Shimla,0.2,4492
2026-09-27T08:58Z,2026-09-27T12:00Z,3.03,Shimla,0.1,4447
2026-09-27T08:58Z,2026-09-27T13:00Z,4.03,Shimla,0.0,4484
2026-09-27T08:58Z,2026-09-27T14:00Z,5.03,Shimla,0.0,4479
2026-09-27T08:58Z,2026-09-27T15:00Z,6.03,Shimla,0.0,4427
2026-09-27T08:58Z,2026-09-27T16:00Z,7.03,Shimla,0.0,4368
2026-09-27T08:58Z,2026-09-27T06:00Z,-2.97,Dehradun,2.4,4575
2026-09-27T08:58Z,2026-09-27T07:00Z,-1.97,Dehradun,3.0,4636
2026-09-27T08:58Z,2026-09-27T08:00Z,-0.97,Dehradun,4.0,4631
2026-09-27T08:58Z,2026-09-27T09:00Z,0.03,Dehradun,3.7,4622
2026-09-27T08:58Z,2026-09-27T10:00Z,1.03,Dehradun,3.1,4547
2026-09-27T08:58Z,2026-09-27T11:00Z,2.03,Dehradun,2.6,4396
2026-09-27T08:58Z,2026-09-27T12:00Z,3.03,Dehradun,2.5,4370
2026-09-27T08:58Z,2026-09-27T13:00Z,4.03,Dehradun,3.5,4289
2026-09-27T08:58Z,2026-09-27T14:00Z,5.03,Dehradun,1.7,4311
2026-09-27T08:58Z,2026-09-27T15:00Z,6.03,Dehradun,1.5,4553
2026-09-27T08:58Z,2026-09-27T16:00Z,7.03,Dehradun,0.3,4436
2026-09-27T08:58Z,2026-09-27T06:00Z,-2.97,Uttarkashi,1.8,4527
2026-09-27T08:58Z,2026-09-27T07:00Z,-1.97,Uttarkashi,2.2,4564
2026-09-27T08:58Z,2026-09-27T08:00Z,-0.97,Uttarkashi,3.4,4529
2026-09-27T08:58Z,2026-09-27T09:00Z,0.03,Uttarkashi,3.2,4510
2026-09-27T08:58Z,2026-09-27T10:00Z,1.03,Uttarkashi,2.4,4439
2026-09-27T08:58Z,2026-09-27T11:00Z,2.03,Uttarkashi,1.9,4344
2026-09-27T08:58Z,2026-09-27T12:00Z,3.03,Uttarkashi,2.0,4348
2026-09-27T08:58Z,2026-09-27T13:00Z,4.03,Uttarkashi,2.0,4310
2026-09-27T08:58Z,2026-09-27T14:00Z,5.03,Uttarkashi,1.2,4317
2026-09-27T08:58Z,2026-09-27T15:00Z,6.03,Uttarkashi,0.9,4425
2026-09-27T08:58Z,2026-09-27T16:00Z,7.03,Uttarkashi,0.4,4383
2026-09-27T08:58Z,2026-09-27T06:00Z,-2.97,Joshimath,2.5,4531
2026-09-27T08:58Z,2026-09-27T07:00Z,-1.97,Joshimath,1.5,4521
2026-09-27T08:58Z,2026-09-27T08:00Z,-0.97,Joshimath,2.9,4495
2026-09-27T08:58Z,2026-09-27T09:00Z,0.03,Joshimath,0.3,4411
2026-09-27T08:58Z,2026-09-27T10:00Z,1.03,Joshimath,0.3,4401
2026-09-27T08:58Z,2026-09-27T11:00Z,2.03,Joshimath,0.3,4416
2026-09-27T08:58Z,2026-09-27T12:00Z,3.03,Joshimath,0.1,4414
2026-09-27T08:58Z,2026-09-27T13:00Z,4.03,Joshimath,0.1,4403
2026-09-27T08:58Z,2026-09-27T14:00Z,5.03,Joshimath,0.2,4368
2026-09-27T08:58Z,2026-09-27T15:00Z,6.03,Joshimath,0.2,4359
2026-09-27T08:58Z,2026-09-27T16:00Z,7.03,Joshimath,0.0,4359
2026-09-27T08:58Z,2026-09-27T06:00Z,-2.97,Bhimtal,0.5,4853
2026-09-27T08:58Z,2026-09-27T07:00Z,-1.97,Bhimtal,0.1,4811
2026-09-27T08:58Z,2026-09-27T08:00Z,-0.97,Bhimtal,0.1,4860
2026-09-27T08:58Z,2026-09-27T09:00Z,0.03,Bhimtal,0.3,4777
2026-09-27T08:58Z,2026-09-27T10:00Z,1.03,Bhimtal,0.6,4661
2026-09-27T08:58Z,2026-09-27T11:00Z,2.03,Bhimtal,0.2,4619
2026-09-27T08:58Z,2026-09-27T12:00Z,3.03,Bhimtal,0.0,4667
2026-09-27T08:58Z,2026-09-27T13:00Z,4.03,Bhimtal,0.0,4610
2026-09-27T08:58Z,2026-09-27T14:00Z,5.03,Bhimtal,0.1,4532
2026-09-27T08:58Z,2026-09-27T15:00Z,6.03,Bhimtal,0.1,4533
2026-09-27T08:58Z,2026-09-27T16:00Z,7.03,Bhimtal,0.1,4581
2026-09-27T08:58Z,2026-09-27T06:00Z,-2.97,Pithoragarh,0.1,4712
2026-09-27T08:58Z,2026-09-27T07:00Z,-1.97,Pithoragarh,0.1,4645
2026-09-27T08:58Z,2026-09-27T08:00Z,-0.97,Pithoragarh,0.7,4607
2026-09-27T08:58Z,2026-09-27T09:00Z,0.03,Pithoragarh,0.4,4429
2026-09-27T08:58Z,2026-09-27T10:00Z,1.03,Pithoragarh,0.3,4547
2026-09-27T08:58Z,2026-09-27T11:00Z,2.03,Pithoragarh,0.4,4511
2026-09-27T08:58Z,2026-09-27T12:00Z,3.03,Pithoragarh,0.2,4472
2026-09-27T08:58Z,2026-09-27T13:00Z,4.03,Pithoragarh,0.6,4529
2026-09-27T08:58Z,2026-09-27T14:00Z,5.03,Pithoragarh,1.0,4409
2026-09-27T08:58Z,2026-09-27T15:00Z,6.03,Pithoragarh,1.3,4484
2026-09-27T08:58Z,2026-09-27T16:00Z,7.03,Pithoragarh,1.3,4518
2026-09-27T08:58Z,2026-09-27T06:00Z,-2.97,Jumla,0.3,4675
2026-09-27T08:58Z,2026-09-27T07:00Z,-1.97,Jumla,0.4,4628
2026-09-27T08:58Z,2026-09-27T08:00Z,-0.97,Jumla,0.3,4623
2026-09-27T08:58Z,2026-09-27T09:00Z,0.03,Jumla,0.5,4629
2026-09-27T08:58Z,2026-09-27T10:00Z,1.03,Jumla,0.3,4656
2026-09-27T08:58Z,2026-09-27T11:00Z,2.03,Jumla,0.5,4628
2026-09-27T08:58Z,2026-09-27T12:00Z,3.03,Jumla,0.3,4603
2026-09-27T08:58Z,2026-09-27T13:00Z,4.03,Jumla,0.1,4568
2026-09-27T08:58Z,2026-09-27T14:00Z,5.03,Jumla,0.1,4540
2026-09-27T08:58Z,2026-09-27T15:00Z,6.03,Jumla,0.0,4519
2026-09-27T08:58Z,2026-09-27T16:00Z,7.03,Jumla,0.0,4505
2026-09-27T08:58Z,2026-09-27T06:00Z,-2.97,Jomsom,0.4,4761
2026-09-27T08:58Z,2026-09-27T07:00Z,-1.97,Jomsom,0.0,4730
2026-09-27T08:58Z,2026-09-27T08:00Z,-0.97,Jomsom,0.1,4731
2026-09-27T08:58Z,2026-09-27T09:00Z,0.03,Jomsom,0.0,4733
2026-09-27T08:58Z,2026-09-27T10:00Z,1.03,Jomsom,0.1,4718
2026-09-27T08:58Z,2026-09-27T11:00Z,2.03,Jomsom,0.0,4692
2026-09-27T08:58Z,2026-09-27T12:00Z,3.03,Jomsom,0.0,4685
2026-09-27T08:58Z,2026-09-27T13:00Z,4.03,Jomsom,0.0,4618
2026-09-27T08:58Z,2026-09-27T14:00Z,5.03,Jomsom,0.0,4570
2026-09-27T08:58Z,2026-09-27T15:00Z,6.03,Jomsom,0.0,4553
2026-09-27T08:58Z,2026-09-27T16:00Z,7.03,Jomsom,0.0,4551
2026-09-27T08:58Z,2026-09-27T06:00Z,-2.97,Pokhara,1.5,4970
2026-09-27T08:58Z,2026-09-27T07:00Z,-1.97,Pokhara,0.1,4659
2026-09-27T08:58Z,2026-09-27T08:00Z,-0.97,Pokhara,0.0,4599
2026-09-27T08:58Z,2026-09-27T09:00Z,0.03,Pokhara,0.0,4720
2026-09-27T08:58Z,2026-09-27T10:00Z,1.03,Pokhara,0.0,4686
2026-09-27T08:58Z,2026-09-27T11:00Z,2.03,Pokhara,0.0,4639
2026-09-27T08:58Z,2026-09-27T12:00Z,3.03,Pokhara,0.0,4637
2026-09-27T08:58Z,2026-09-27T13:00Z,4.03,Pokhara,0.0,4596
2026-09-27T08:58Z,2026-09-27T14:00Z,5.03,Pokhara,0.0,4577
2026-09-27T08:58Z,2026-09-27T15:00Z,6.03,Pokhara,0.0,4625
2026-09-27T08:58Z,2026-09-27T16:00Z,7.03,Pokhara,0.0,4701
2026-09-27T08:58Z,2026-09-27T06:00Z,-2.97,Kathmandu,1.5,4833
2026-09-27T08:58Z,2026-09-27T07:00Z,-1.97,Kathmandu,1.4,4771
2026-09-27T08:58Z,2026-09-27T08:00Z,-0.97,Kathmandu,0.4,4761
2026-09-27T08:58Z,2026-09-27T09:00Z,0.03,Kathmandu,0.1,4779
2026-09-27T08:58Z,2026-09-27T10:00Z,1.03,Kathmandu,0.0,4872
2026-09-27T08:58Z,2026-09-27T11:00Z,2.03,Kathmandu,0.0,4895
2026-09-27T08:58Z,2026-09-27T12:00Z,3.03,Kathmandu,0.0,4910
2026-09-27T08:58Z,2026-09-27T13:00Z,4.03,Kathmandu,0.0,4932
2026-09-27T08:58Z,2026-09-27T14:00Z,5.03,Kathmandu,0.0,4949
2026-09-27T08:58Z,2026-09-27T15:00Z,6.03,Kathmandu,0.0,4986
2026-09-27T08:58Z,2026-09-27T16:00Z,7.03,Kathmandu,0.0,5014
2026-09-27T08:58Z,2026-09-27T06:00Z,-2.97,Namche Bazaar,0.6,4729
2026-09-27T08:58Z,2026-09-27T07:00Z,-1.97,Namche Bazaar,0.7,4739
2026-09-27T08:58Z,2026-09-27T08:00Z,-0.97,Namche Bazaar,0.5,4806
2026-09-27T08:58Z,2026-09-27T09:00Z,0.03,Namche Bazaar,0.3,4907
2026-09-27T08:58Z,2026-09-27T10:00Z,1.03,Namche Bazaar,0.1,4890
2026-09-27T08:58Z,2026-09-27T11:00Z,2.03,Namche Bazaar,0.0,4927
2026-09-27T08:58Z,2026-09-27T12:00Z,3.03,Namche Bazaar,0.0,4972
2026-09-27T08:58Z,2026-09-27T13:00Z,4.03,Namche Bazaar,0.0,4969
2026-09-27T08:58Z,2026-09-27T14:00Z,5.03,Namche Bazaar,0.0,4981
2026-09-27T08:58Z,2026-09-27T15:00Z,6.03,Namche Bazaar,0.0,4992
2026-09-27T08:58Z,2026-09-27T16:00Z,7.03,Namche Bazaar,0.0,4989
2026-09-27T08:58Z,2026-09-27T06:00Z,-2.97,Darjeeling,0.1,4844
2026-09-27T08:58Z,2026-09-27T07:00Z,-1.97,Darjeeling,0.1,4856
2026-09-27T08:58Z,2026-09-27T08:00Z,-0.97,Darjeeling,0.0,4917
2026-09-27T08:58Z,2026-09-27T09:00Z,0.03,Darjeeling,0.0,4967
2026-09-27T08:58Z,2026-09-27T10:00Z,1.03,Darjeeling,0.0,5011
2026-09-27T08:58Z,2026-09-27T11:00Z,2.03,Darjeeling,0.0,5015
2026-09-27T08:58Z,2026-09-27T12:00Z,3.03,Darjeeling,0.0,5000
2026-09-27T08:58Z,2026-09-27T13:00Z,4.03,Darjeeling,0.0,5019
2026-09-27T08:58Z,2026-09-27T14:00Z,5.03,Darjeeling,0.0,5063
2026-09-27T08:58Z,2026-09-27T15:00Z,6.03,Darjeeling,0.0,5047
2026-09-27T08:58Z,2026-09-27T16:00Z,7.03,Darjeeling,0.0,5019
2026-09-27T08:58Z,2026-09-27T06:00Z,-2.97,Gangtok,0.1,4851
2026-09-27T08:58Z,2026-09-27T07:00Z,-1.97,Gangtok,0.0,4836
2026-09-27T08:58Z,2026-09-27T08:00Z,-0.97,Gangtok,0.1,4901
2026-09-27T08:58Z,2026-09-27T09:00Z,0.03,Gangtok,0.0,4955
2026-09-27T08:58Z,2026-09-27T10:00Z,1.03,Gangtok,0.0,5002
2026-09-27T08:58Z,2026-09-27T11:00Z,2.03,Gangtok,0.0,5023
2026-09-27T08:58Z,2026-09-27T12:00Z,3.03,Gangtok,0.0,5037
2026-09-27T08:58Z,2026-09-27T13:00Z,4.03,Gangtok,0.0,5100
2026-09-27T08:58Z,2026-09-27T14:00Z,5.03,Gangtok,0.0,5148
2026-09-27T08:58Z,2026-09-27T15:00Z,6.03,Gangtok,0.0,5162
2026-09-27T08:58Z,2026-09-27T16:00Z,7.03,Gangtok,0.0,5135
2026-09-27T08:58Z,2026-09-27T06:00Z,-2.97,Thimphu,0.0,4766
2026-09-27T08:58Z,2026-09-27T07:00Z,-1.97,Thimphu,0.0,4824
2026-09-27T08:58Z,2026-09-27T08:00Z,-0.97,Thimphu,0.1,4882
2026-09-27T08:58Z,2026-09-27T09:00Z,0.03,Thimphu,0.1,4919
2026-09-27T08:58Z,2026-09-27T10:00Z,1.03,Thimphu,0.1,4964
2026-09-27T08:58Z,2026-09-27T11:00Z,2.03,Thimphu,0.0,5004
2026-09-27T08:58Z,2026-09-27T12:00Z,3.03,Thimphu,0.0,5028
2026-09-27T08:58Z,2026-09-27T13:00Z,4.03,Thimphu,0.0,5068
2026-09-27T08:58Z,2026-09-27T14:00Z,5.03,Thimphu,0.0,5096
2026-09-27T08:58Z,2026-09-27T15:00Z,6.03,Thimphu,0.0,5098
2026-09-27T08:58Z,2026-09-27T16:00Z,7.03,Thimphu,0.0,5103
2026-09-27T08:58Z,2026-09-27T06:00Z,-2.97,Tawang,0.2,5084
2026-09-27T08:58Z,2026-09-27T07:00Z,-1.97,Tawang,0.3,5114
2026-09-27T08:58Z,2026-09-27T08:00Z,-0.97,Tawang,0.2,5121
2026-09-27T08:58Z,2026-09-27T09:00Z,0.03,Tawang,0.1,5254
2026-09-27T08:58Z,2026-09-27T10:00Z,1.03,Tawang,0.1,5333
2026-09-27T08:58Z,2026-09-27T11:00Z,2.03,Tawang,0.0,5391
2026-09-27T08:58Z,2026-09-27T12:00Z,3.03,Tawang,0.0,5449
2026-09-27T08:58Z,2026-09-27T13:00Z,4.03,Tawang,0.0,5535
2026-09-27T08:58Z,2026-09-27T14:00Z,5.03,Tawang,0.0,5582
2026-09-27T08:58Z,2026-09-27T15:00Z,6.03,Tawang,0.0,5585
2026-09-27T08:58Z,2026-09-27T16:00Z,7.03,Tawang,0.0,5513
2026-09-27T08:58Z,2026-09-27T06:00Z,-2.97,Lhasa,0.0,5378
2026-09-27T08:58Z,2026-09-27T07:00Z,-1.97,Lhasa,0.0,5486
2026-09-27T08:58Z,2026-09-27T08:00Z,-0.97,Lhasa,0.1,5568
2026-09-27T08:58Z,2026-09-27T09:00Z,0.03,Lhasa,0.1,5678
2026-09-27T08:58Z,2026-09-27T10:00Z,1.03,Lhasa,0.0,5695
2026-09-27T08:58Z,2026-09-27T11:00Z,2.03,Lhasa,0.0,5679
2026-09-27T08:58Z,2026-09-27T12:00Z,3.03,Lhasa,0.0,5647
2026-09-27T08:58Z,2026-09-27T13:00Z,4.03,Lhasa,0.0,5620
2026-09-27T08:58Z,2026-09-27T14:00Z,5.03,Lhasa,0.0,5591
2026-09-27T08:58Z,2026-09-27T15:00Z,6.03,Lhasa,0.0,5568
2026-09-27T08:58Z,2026-09-27T16:00Z,7.03,Lhasa,0.0,5539
2026-09-27T08:58Z,2026-09-27T06:00Z,-2.97,Shigatse,0.0,5241
2026-09-27T08:58Z,2026-09-27T07:00Z,-1.97,Shigatse,0.0,5350
2026-09-27T08:58Z,2026-09-27T08:00Z,-0.97,Shigatse,0.0,5430
2026-09-27T08:58Z,2026-09-27T09:00Z,0.03,Shigatse,0.0,5493
2026-09-27T08:58Z,2026-09-27T10:00Z,1.03,Shigatse,0.0,5531
2026-09-27T08:58Z,2026-09-27T11:00Z,2.03,Shigatse,0.0,5527
2026-09-27T08:58Z,2026-09-27T12:00Z,3.03,Shigatse,0.0,5492
2026-09-27T08:58Z,2026-09-27T13:00Z,4.03,Shigatse,0.0,5440
2026-09-27T08:58Z,2026-09-27T14:00Z,5.03,Shigatse,0.0,5430
2026-09-27T08:58Z,2026-09-27T15:00Z,6.03,Shigatse,0.0,5434
2026-09-27T08:58Z,2026-09-27T16:00Z,7.03,Shigatse,0.0,5397
2026-09-27T08:58Z,2026-09-27T06:00Z,-2.97,Itanagar,0.1,5344
2026-09-27T08:58Z,2026-09-27T07:00Z,-1.97,Itanagar,0.1,5376
2026-09-27T08:58Z,2026-09-27T08:00Z,-0.97,Itanagar,0.3,5398
2026-09-27T08:58Z,2026-09-27T09:00Z,0.03,Itanagar,0.2,5456
2026-09-27T08:58Z,2026-09-27T10:00Z,1.03,Itanagar,0.2,5526
2026-09-27T08:58Z,2026-09-27T11:00Z,2.03,Itanagar,0.2,5575
2026-09-27T08:58Z,2026-09-27T12:00Z,3.03,Itanagar,0.1,5635
2026-09-27T08:58Z,2026-09-27T13:00Z,4.03,Itanagar,0.0,5689
2026-09-27T08:58Z,2026-09-27T14:00Z,5.03,Itanagar,0.0,5686
2026-09-27T08:58Z,2026-09-27T15:00Z,6.03,Itanagar,0.0,5659
2026-09-27T08:58Z,2026-09-27T16:00Z,7.03,Itanagar,0.0,5610
2026-09-27T09:27Z,2026-09-27T07:00Z,-2.45,Gilgit,0.1,3792
2026-09-27T09:27Z,2026-09-27T08:00Z,-1.45,Gilgit,0.1,4253
2026-09-27T09:27Z,2026-09-27T09:00Z,-0.45,Gilgit,0.4,4284
2026-09-27T09:27Z,2026-09-27T10:00Z,0.55,Gilgit,0.1,4337
2026-09-27T09:27Z,2026-09-27T11:00Z,1.55,Gilgit,0.0,4389
2026-09-27T09:27Z,2026-09-27T12:00Z,2.55,Gilgit,0.0,4379
2026-09-27T09:27Z,2026-09-27T13:00Z,3.55,Gilgit,0.0,4350
2026-09-27T09:27Z,2026-09-27T14:00Z,4.55,Gilgit,0.0,4330
2026-09-27T09:27Z,2026-09-27T15:00Z,5.55,Gilgit,0.0,4320
2026-09-27T09:27Z,2026-09-27T16:00Z,6.55,Gilgit,0.0,4308
2026-09-27T09:27Z,2026-09-27T17:00Z,7.55,Gilgit,0.1,4281
2026-09-27T09:27Z,2026-09-27T07:00Z,-2.45,Skardu,0.0,4251
2026-09-27T09:27Z,2026-09-27T08:00Z,-1.45,Skardu,0.1,4285
2026-09-27T09:27Z,2026-09-27T09:00Z,-0.45,Skardu,0.1,4307
2026-09-27T09:27Z,2026-09-27T10:00Z,0.55,Skardu,0.0,4336
2026-09-27T09:27Z,2026-09-27T11:00Z,1.55,Skardu,0.0,4550
2026-09-27T09:27Z,2026-09-27T12:00Z,2.55,Skardu,0.0,4530
2026-09-27T09:27Z,2026-09-27T13:00Z,3.55,Skardu,0.0,4476
2026-09-27T09:27Z,2026-09-27T14:00Z,4.55,Skardu,0.0,4424
2026-09-27T09:27Z,2026-09-27T15:00Z,5.55,Skardu,0.0,4390
2026-09-27T09:27Z,2026-09-27T16:00Z,6.55,Skardu,0.0,4357
2026-09-27T09:27Z,2026-09-27T17:00Z,7.55,Skardu,0.0,4322
2026-09-27T09:27Z,2026-09-27T07:00Z,-2.45,Srinagar,0.0,4267
2026-09-27T09:27Z,2026-09-27T08:00Z,-1.45,Srinagar,0.0,4264
2026-09-27T09:27Z,2026-09-27T09:00Z,-0.45,Srinagar,0.0,4275
2026-09-27T09:27Z,2026-09-27T10:00Z,0.55,Srinagar,0.1,4274
2026-09-27T09:27Z,2026-09-27T11:00Z,1.55,Srinagar,0.0,4288
2026-09-27T09:27Z,2026-09-27T12:00Z,2.55,Srinagar,0.0,4304
2026-09-27T09:27Z,2026-09-27T13:00Z,3.55,Srinagar,0.0,4283
2026-09-27T09:27Z,2026-09-27T14:00Z,4.55,Srinagar,0.0,4257
2026-09-27T09:27Z,2026-09-27T15:00Z,5.55,Srinagar,0.0,4231
2026-09-27T09:27Z,2026-09-27T16:00Z,6.55,Srinagar,0.0,4202
2026-09-27T09:27Z,2026-09-27T17:00Z,7.55,Srinagar,0.0,4190
2026-09-27T09:27Z,2026-09-27T07:00Z,-2.45,Leh,0.0,4613
2026-09-27T09:27Z,2026-09-27T08:00Z,-1.45,Leh,0.0,4656
2026-09-27T09:27Z,2026-09-27T09:00Z,-0.45,Leh,0.0,4697
2026-09-27T09:27Z,2026-09-27T10:00Z,0.55,Leh,0.0,4765
2026-09-27T09:27Z,2026-09-27T11:00Z,1.55,Leh,0.0,4795
2026-09-27T09:27Z,2026-09-27T12:00Z,2.55,Leh,0.0,4812
2026-09-27T09:27Z,2026-09-27T13:00Z,3.55,Leh,0.0,4794
2026-09-27T09:27Z,2026-09-27T14:00Z,4.55,Leh,0.0,4726
2026-09-27T09:27Z,2026-09-27T15:00Z,5.55,Leh,0.0,4666
2026-09-27T09:27Z,2026-09-27T16:00Z,6.55,Leh,0.0,4617
2026-09-27T09:27Z,2026-09-27T17:00Z,7.55,Leh,0.0,4572
2026-09-27T09:27Z,2026-09-27T07:00Z,-2.45,Jammu,0.0,4510
2026-09-27T09:27Z,2026-09-27T08:00Z,-1.45,Jammu,0.1,4492
2026-09-27T09:27Z,2026-09-27T09:00Z,-0.45,Jammu,0.1,4492
2026-09-27T09:27Z,2026-09-27T10:00Z,0.55,Jammu,0.0,4491
2026-09-27T09:27Z,2026-09-27T11:00Z,1.55,Jammu,0.0,4493
2026-09-27T09:27Z,2026-09-27T12:00Z,2.55,Jammu,0.0,4484
2026-09-27T09:27Z,2026-09-27T13:00Z,3.55,Jammu,0.0,4472
2026-09-27T09:27Z,2026-09-27T14:00Z,4.55,Jammu,0.0,4442
2026-09-27T09:27Z,2026-09-27T15:00Z,5.55,Jammu,0.0,4436
2026-09-27T09:27Z,2026-09-27T16:00Z,6.55,Jammu,0.1,4389
2026-09-27T09:27Z,2026-09-27T17:00Z,7.55,Jammu,0.0,4332
2026-09-27T09:27Z,2026-09-27T07:00Z,-2.45,Dharamshala,0.2,4366
2026-09-27T09:27Z,2026-09-27T08:00Z,-1.45,Dharamshala,0.2,4363
2026-09-27T09:27Z,2026-09-27T09:00Z,-0.45,Dharamshala,0.1,4344
2026-09-27T09:27Z,2026-09-27T10:00Z,0.55,Dharamshala,0.1,4424
2026-09-27T09:27Z,2026-09-27T11:00Z,1.55,Dharamshala,0.1,4424
2026-09-27T09:27Z,2026-09-27T12:00Z,2.55,Dharamshala,0.0,4395
2026-09-27T09:27Z,2026-09-27T13:00Z,3.55,Dharamshala,0.0,4390
2026-09-27T09:27Z,2026-09-27T14:00Z,4.55,Dharamshala,0.0,4386
2026-09-27T09:27Z,2026-09-27T15:00Z,5.55,Dharamshala,0.0,4394
2026-09-27T09:27Z,2026-09-27T16:00Z,6.55,Dharamshala,0.0,4357
2026-09-27T09:27Z,2026-09-27T17:00Z,7.55,Dharamshala,0.0,4283
2026-09-27T09:27Z,2026-09-27T07:00Z,-2.45,Manali,0.1,4394
2026-09-27T09:27Z,2026-09-27T08:00Z,-1.45,Manali,0.2,4369
2026-09-27T09:27Z,2026-09-27T09:00Z,-0.45,Manali,0.1,4373
2026-09-27T09:27Z,2026-09-27T10:00Z,0.55,Manali,0.3,4401
2026-09-27T09:27Z,2026-09-27T11:00Z,1.55,Manali,1.3,4424
2026-09-27T09:27Z,2026-09-27T12:00Z,2.55,Manali,1.5,4437
2026-09-27T09:27Z,2026-09-27T13:00Z,3.55,Manali,0.1,4439
2026-09-27T09:27Z,2026-09-27T14:00Z,4.55,Manali,0.0,4434
2026-09-27T09:27Z,2026-09-27T15:00Z,5.55,Manali,0.0,4414
2026-09-27T09:27Z,2026-09-27T16:00Z,6.55,Manali,0.0,4385
2026-09-27T09:27Z,2026-09-27T17:00Z,7.55,Manali,0.0,4329
2026-09-27T09:27Z,2026-09-27T07:00Z,-2.45,Kaza,0.7,4790
2026-09-27T09:27Z,2026-09-27T08:00Z,-1.45,Kaza,1.5,4801
2026-09-27T09:27Z,2026-09-27T09:00Z,-0.45,Kaza,1.2,4808
2026-09-27T09:27Z,2026-09-27T10:00Z,0.55,Kaza,0.5,4809
2026-09-27T09:27Z,2026-09-27T11:00Z,1.55,Kaza,0.2,4811
2026-09-27T09:27Z,2026-09-27T12:00Z,2.55,Kaza,0.1,4809
2026-09-27T09:27Z,2026-09-27T13:00Z,3.55,Kaza,0.1,4780
2026-09-27T09:27Z,2026-09-27T14:00Z,4.55,Kaza,0.1,4734
2026-09-27T09:27Z,2026-09-27T15:00Z,5.55,Kaza,0.1,4703
2026-09-27T09:27Z,2026-09-27T16:00Z,6.55,Kaza,0.0,4679
2026-09-27T09:27Z,2026-09-27T17:00Z,7.55,Kaza,0.0,4592
2026-09-27T09:27Z,2026-09-27T07:00Z,-2.45,Shimla,0.0,4472
2026-09-27T09:27Z,2026-09-27T08:00Z,-1.45,Shimla,0.0,4543
2026-09-27T09:27Z,2026-09-27T09:00Z,-0.45,Shimla,0.1,4490
2026-09-27T09:27Z,2026-09-27T10:00Z,0.55,Shimla,0.0,4497
2026-09-27T09:27Z,2026-09-27T11:00Z,1.55,Shimla,0.2,4492
2026-09-27T09:27Z,2026-09-27T12:00Z,2.55,Shimla,0.1,4447
2026-09-27T09:27Z,2026-09-27T13:00Z,3.55,Shimla,0.0,4484
2026-09-27T09:27Z,2026-09-27T14:00Z,4.55,Shimla,0.0,4479
2026-09-27T09:27Z,2026-09-27T15:00Z,5.55,Shimla,0.0,4427
2026-09-27T09:27Z,2026-09-27T16:00Z,6.55,Shimla,0.0,4368
2026-09-27T09:27Z,2026-09-27T17:00Z,7.55,Shimla,0.0,4303
2026-09-27T09:27Z,2026-09-27T07:00Z,-2.45,Dehradun,3.0,4636
2026-09-27T09:27Z,2026-09-27T08:00Z,-1.45,Dehradun,4.0,4631
2026-09-27T09:27Z,2026-09-27T09:00Z,-0.45,Dehradun,3.7,4622
2026-09-27T09:27Z,2026-09-27T10:00Z,0.55,Dehradun,3.1,4547
2026-09-27T09:27Z,2026-09-27T11:00Z,1.55,Dehradun,2.6,4396
2026-09-27T09:27Z,2026-09-27T12:00Z,2.55,Dehradun,2.5,4370
2026-09-27T09:27Z,2026-09-27T13:00Z,3.55,Dehradun,3.5,4289
2026-09-27T09:27Z,2026-09-27T14:00Z,4.55,Dehradun,1.7,4311
2026-09-27T09:27Z,2026-09-27T15:00Z,5.55,Dehradun,1.5,4553
2026-09-27T09:27Z,2026-09-27T16:00Z,6.55,Dehradun,0.3,4436
2026-09-27T09:27Z,2026-09-27T17:00Z,7.55,Dehradun,0.2,4312
2026-09-27T09:27Z,2026-09-27T07:00Z,-2.45,Uttarkashi,2.2,4564
2026-09-27T09:27Z,2026-09-27T08:00Z,-1.45,Uttarkashi,3.4,4529
2026-09-27T09:27Z,2026-09-27T09:00Z,-0.45,Uttarkashi,3.2,4510
2026-09-27T09:27Z,2026-09-27T10:00Z,0.55,Uttarkashi,2.4,4439
2026-09-27T09:27Z,2026-09-27T11:00Z,1.55,Uttarkashi,1.9,4344
2026-09-27T09:27Z,2026-09-27T12:00Z,2.55,Uttarkashi,2.0,4348
2026-09-27T09:27Z,2026-09-27T13:00Z,3.55,Uttarkashi,2.0,4310
2026-09-27T09:27Z,2026-09-27T14:00Z,4.55,Uttarkashi,1.2,4317
2026-09-27T09:27Z,2026-09-27T15:00Z,5.55,Uttarkashi,0.9,4425
2026-09-27T09:27Z,2026-09-27T16:00Z,6.55,Uttarkashi,0.4,4383
2026-09-27T09:27Z,2026-09-27T17:00Z,7.55,Uttarkashi,0.4,4321
2026-09-27T09:27Z,2026-09-27T07:00Z,-2.45,Joshimath,1.5,4521
2026-09-27T09:27Z,2026-09-27T08:00Z,-1.45,Joshimath,2.9,4495
2026-09-27T09:27Z,2026-09-27T09:00Z,-0.45,Joshimath,0.3,4411
2026-09-27T09:27Z,2026-09-27T10:00Z,0.55,Joshimath,0.3,4401
2026-09-27T09:27Z,2026-09-27T11:00Z,1.55,Joshimath,0.3,4416
2026-09-27T09:27Z,2026-09-27T12:00Z,2.55,Joshimath,0.1,4414
2026-09-27T09:27Z,2026-09-27T13:00Z,3.55,Joshimath,0.1,4403
2026-09-27T09:27Z,2026-09-27T14:00Z,4.55,Joshimath,0.2,4368
2026-09-27T09:27Z,2026-09-27T15:00Z,5.55,Joshimath,0.2,4359
2026-09-27T09:27Z,2026-09-27T16:00Z,6.55,Joshimath,0.0,4359
2026-09-27T09:27Z,2026-09-27T17:00Z,7.55,Joshimath,0.0,4380
2026-09-27T09:27Z,2026-09-27T07:00Z,-2.45,Bhimtal,0.1,4811
2026-09-27T09:27Z,2026-09-27T08:00Z,-1.45,Bhimtal,0.1,4860
2026-09-27T09:27Z,2026-09-27T09:00Z,-0.45,Bhimtal,0.3,4777
2026-09-27T09:27Z,2026-09-27T10:00Z,0.55,Bhimtal,0.6,4661
2026-09-27T09:27Z,2026-09-27T11:00Z,1.55,Bhimtal,0.2,4619
2026-09-27T09:27Z,2026-09-27T12:00Z,2.55,Bhimtal,0.0,4667
2026-09-27T09:27Z,2026-09-27T13:00Z,3.55,Bhimtal,0.0,4610
2026-09-27T09:27Z,2026-09-27T14:00Z,4.55,Bhimtal,0.1,4532
2026-09-27T09:27Z,2026-09-27T15:00Z,5.55,Bhimtal,0.1,4533
2026-09-27T09:27Z,2026-09-27T16:00Z,6.55,Bhimtal,0.1,4581
2026-09-27T09:27Z,2026-09-27T17:00Z,7.55,Bhimtal,0.0,4565
2026-09-27T09:27Z,2026-09-27T07:00Z,-2.45,Pithoragarh,0.1,4645
2026-09-27T09:27Z,2026-09-27T08:00Z,-1.45,Pithoragarh,0.7,4607
2026-09-27T09:27Z,2026-09-27T09:00Z,-0.45,Pithoragarh,0.4,4429
2026-09-27T09:27Z,2026-09-27T10:00Z,0.55,Pithoragarh,0.3,4547
2026-09-27T09:27Z,2026-09-27T11:00Z,1.55,Pithoragarh,0.4,4511
2026-09-27T09:27Z,2026-09-27T12:00Z,2.55,Pithoragarh,0.2,4472
2026-09-27T09:27Z,2026-09-27T13:00Z,3.55,Pithoragarh,0.6,4529
2026-09-27T09:27Z,2026-09-27T14:00Z,4.55,Pithoragarh,1.0,4409
2026-09-27T09:27Z,2026-09-27T15:00Z,5.55,Pithoragarh,1.3,4484
2026-09-27T09:27Z,2026-09-27T16:00Z,6.55,Pithoragarh,1.3,4518
2026-09-27T09:27Z,2026-09-27T17:00Z,7.55,Pithoragarh,0.8,4461
2026-09-27T09:27Z,2026-09-27T07:00Z,-2.45,Jumla,0.4,4628
2026-09-27T09:27Z,2026-09-27T08:00Z,-1.45,Jumla,0.3,4623
2026-09-27T09:27Z,2026-09-27T09:00Z,-0.45,Jumla,0.5,4629
2026-09-27T09:27Z,2026-09-27T10:00Z,0.55,Jumla,0.3,4656
2026-09-27T09:27Z,2026-09-27T11:00Z,1.55,Jumla,0.5,4628
2026-09-27T09:27Z,2026-09-27T12:00Z,2.55,Jumla,0.3,4603
2026-09-27T09:27Z,2026-09-27T13:00Z,3.55,Jumla,0.1,4568
2026-09-27T09:27Z,2026-09-27T14:00Z,4.55,Jumla,0.1,4540
2026-09-27T09:27Z,2026-09-27T15:00Z,5.55,Jumla,0.0,4519
2026-09-27T09:27Z,2026-09-27T16:00Z,6.55,Jumla,0.0,4505
2026-09-27T09:27Z,2026-09-27T17:00Z,7.55,Jumla,0.0,4501
2026-09-27T09:27Z,2026-09-27T07:00Z,-2.45,Jomsom,0.0,4730
2026-09-27T09:27Z,2026-09-27T08:00Z,-1.45,Jomsom,0.1,4731
2026-09-27T09:27Z,2026-09-27T09:00Z,-0.45,Jomsom,0.0,4733
2026-09-27T09:27Z,2026-09-27T10:00Z,0.55,Jomsom,0.1,4718
2026-09-27T09:27Z,2026-09-27T11:00Z,1.55,Jomsom,0.0,4692
2026-09-27T09:27Z,2026-09-27T12:00Z,2.55,Jomsom,0.0,4685
2026-09-27T09:27Z,2026-09-27T13:00Z,3.55,Jomsom,0.0,4618
2026-09-27T09:27Z,2026-09-27T14:00Z,4.55,Jomsom,0.0,4570
2026-09-27T09:27Z,2026-09-27T15:00Z,5.55,Jomsom,0.0,4553
2026-09-27T09:27Z,2026-09-27T16:00Z,6.55,Jomsom,0.0,4551
2026-09-27T09:27Z,2026-09-27T17:00Z,7.55,Jomsom,0.0,4564
2026-09-27T09:27Z,2026-09-27T07:00Z,-2.45,Pokhara,0.1,4659
2026-09-27T09:27Z,2026-09-27T08:00Z,-1.45,Pokhara,0.0,4599
2026-09-27T09:27Z,2026-09-27T09:00Z,-0.45,Pokhara,0.0,4720
2026-09-27T09:27Z,2026-09-27T10:00Z,0.55,Pokhara,0.0,4686
2026-09-27T09:27Z,2026-09-27T11:00Z,1.55,Pokhara,0.0,4639
2026-09-27T09:27Z,2026-09-27T12:00Z,2.55,Pokhara,0.0,4637
2026-09-27T09:27Z,2026-09-27T13:00Z,3.55,Pokhara,0.0,4596
2026-09-27T09:27Z,2026-09-27T14:00Z,4.55,Pokhara,0.0,4577
2026-09-27T09:27Z,2026-09-27T15:00Z,5.55,Pokhara,0.0,4625
2026-09-27T09:27Z,2026-09-27T16:00Z,6.55,Pokhara,0.0,4701
2026-09-27T09:27Z,2026-09-27T17:00Z,7.55,Pokhara,0.0,4692
2026-09-27T09:27Z,2026-09-27T07:00Z,-2.45,Kathmandu,1.4,4771
2026-09-27T09:27Z,2026-09-27T08:00Z,-1.45,Kathmandu,0.4,4761
2026-09-27T09:27Z,2026-09-27T09:00Z,-0.45,Kathmandu,0.1,4779
2026-09-27T09:27Z,2026-09-27T10:00Z,0.55,Kathmandu,0.0,4872
2026-09-27T09:27Z,2026-09-27T11:00Z,1.55,Kathmandu,0.0,4895
2026-09-27T09:27Z,2026-09-27T12:00Z,2.55,Kathmandu,0.0,4910
2026-09-27T09:27Z,2026-09-27T13:00Z,3.55,Kathmandu,0.0,4932
2026-09-27T09:27Z,2026-09-27T14:00Z,4.55,Kathmandu,0.0,4949
2026-09-27T09:27Z,2026-09-27T15:00Z,5.55,Kathmandu,0.0,4986
2026-09-27T09:27Z,2026-09-27T16:00Z,6.55,Kathmandu,0.0,5014
2026-09-27T09:27Z,2026-09-27T17:00Z,7.55,Kathmandu,0.0,4954
2026-09-27T09:27Z,2026-09-27T07:00Z,-2.45,Namche Bazaar,0.7,4739
2026-09-27T09:27Z,2026-09-27T08:00Z,-1.45,Namche Bazaar,0.5,4806
2026-09-27T09:27Z,2026-09-27T09:00Z,-0.45,Namche Bazaar,0.3,4907
2026-09-27T09:27Z,2026-09-27T10:00Z,0.55,Namche Bazaar,0.1,4890
2026-09-27T09:27Z,2026-09-27T11:00Z,1.55,Namche Bazaar,0.0,4927
2026-09-27T09:27Z,2026-09-27T12:00Z,2.55,Namche Bazaar,0.0,4972
2026-09-27T09:27Z,2026-09-27T13:00Z,3.55,Namche Bazaar,0.0,4969
2026-09-27T09:27Z,2026-09-27T14:00Z,4.55,Namche Bazaar,0.0,4981
2026-09-27T09:27Z,2026-09-27T15:00Z,5.55,Namche Bazaar,0.0,4992
2026-09-27T09:27Z,2026-09-27T16:00Z,6.55,Namche Bazaar,0.0,4989
2026-09-27T09:27Z,2026-09-27T17:00Z,7.55,Namche Bazaar,0.0,4931
2026-09-27T09:27Z,2026-09-27T07:00Z,-2.45,Darjeeling,0.1,4856
2026-09-27T09:27Z,2026-09-27T08:00Z,-1.45,Darjeeling,0.0,4917
2026-09-27T09:27Z,2026-09-27T09:00Z,-0.45,Darjeeling,0.0,4967
2026-09-27T09:27Z,2026-09-27T10:00Z,0.55,Darjeeling,0.0,5011
2026-09-27T09:27Z,2026-09-27T11:00Z,1.55,Darjeeling,0.0,5015
2026-09-27T09:27Z,2026-09-27T12:00Z,2.55,Darjeeling,0.0,5000
2026-09-27T09:27Z,2026-09-27T13:00Z,3.55,Darjeeling,0.0,5019
2026-09-27T09:27Z,2026-09-27T14:00Z,4.55,Darjeeling,0.0,5063
2026-09-27T09:27Z,2026-09-27T15:00Z,5.55,Darjeeling,0.0,5047
2026-09-27T09:27Z,2026-09-27T16:00Z,6.55,Darjeeling,0.0,5019
2026-09-27T09:27Z,2026-09-27T17:00Z,7.55,Darjeeling,0.0,5089
2026-09-27T09:27Z,2026-09-27T07:00Z,-2.45,Gangtok,0.0,4836
2026-09-27T09:27Z,2026-09-27T08:00Z,-1.45,Gangtok,0.1,4901
2026-09-27T09:27Z,2026-09-27T09:00Z,-0.45,Gangtok,0.0,4955
2026-09-27T09:27Z,2026-09-27T10:00Z,0.55,Gangtok,0.0,5002
2026-09-27T09:27Z,2026-09-27T11:00Z,1.55,Gangtok,0.0,5023
2026-09-27T09:27Z,2026-09-27T12:00Z,2.55,Gangtok,0.0,5037
2026-09-27T09:27Z,2026-09-27T13:00Z,3.55,Gangtok,0.0,5100
2026-09-27T09:27Z,2026-09-27T14:00Z,4.55,Gangtok,0.0,5148
2026-09-27T09:27Z,2026-09-27T15:00Z,5.55,Gangtok,0.0,5162
2026-09-27T09:27Z,2026-09-27T16:00Z,6.55,Gangtok,0.0,5135
2026-09-27T09:27Z,2026-09-27T17:00Z,7.55,Gangtok,0.0,5020
2026-09-27T09:27Z,2026-09-27T07:00Z,-2.45,Thimphu,0.0,4824
2026-09-27T09:27Z,2026-09-27T08:00Z,-1.45,Thimphu,0.1,4882
2026-09-27T09:27Z,2026-09-27T09:00Z,-0.45,Thimphu,0.1,4919
2026-09-27T09:27Z,2026-09-27T10:00Z,0.55,Thimphu,0.1,4964
2026-09-27T09:27Z,2026-09-27T11:00Z,1.55,Thimphu,0.0,5004
2026-09-27T09:27Z,2026-09-27T12:00Z,2.55,Thimphu,0.0,5028
2026-09-27T09:27Z,2026-09-27T13:00Z,3.55,Thimphu,0.0,5068
2026-09-27T09:27Z,2026-09-27T14:00Z,4.55,Thimphu,0.0,5096
2026-09-27T09:27Z,2026-09-27T15:00Z,5.55,Thimphu,0.0,5098
2026-09-27T09:27Z,2026-09-27T16:00Z,6.55,Thimphu,0.0,5103
2026-09-27T09:27Z,2026-09-27T17:00Z,7.55,Thimphu,0.0,5069
2026-09-27T09:27Z,2026-09-27T07:00Z,-2.45,Tawang,0.3,5114
2026-09-27T09:27Z,2026-09-27T08:00Z,-1.45,Tawang,0.2,5121
2026-09-27T09:27Z,2026-09-27T09:00Z,-0.45,Tawang,0.1,5254
2026-09-27T09:27Z,2026-09-27T10:00Z,0.55,Tawang,0.1,5333
2026-09-27T09:27Z,2026-09-27T11:00Z,1.55,Tawang,0.0,5391
2026-09-27T09:27Z,2026-09-27T12:00Z,2.55,Tawang,0.0,5449
2026-09-27T09:27Z,2026-09-27T13:00Z,3.55,Tawang,0.0,5535
2026-09-27T09:27Z,2026-09-27T14:00Z,4.55,Tawang,0.0,5582
2026-09-27T09:27Z,2026-09-27T15:00Z,5.55,Tawang,0.0,5585
2026-09-27T09:27Z,2026-09-27T16:00Z,6.55,Tawang,0.0,5513
2026-09-27T09:27Z,2026-09-27T17:00Z,7.55,Tawang,0.0,5450
2026-09-27T09:27Z,2026-09-27T07:00Z,-2.45,Lhasa,0.0,5486
2026-09-27T09:27Z,2026-09-27T08:00Z,-1.45,Lhasa,0.1,5568
2026-09-27T09:27Z,2026-09-27T09:00Z,-0.45,Lhasa,0.1,5678
2026-09-27T09:27Z,2026-09-27T10:00Z,0.55,Lhasa,0.0,5695
2026-09-27T09:27Z,2026-09-27T11:00Z,1.55,Lhasa,0.0,5679
2026-09-27T09:27Z,2026-09-27T12:00Z,2.55,Lhasa,0.0,5647
2026-09-27T09:27Z,2026-09-27T13:00Z,3.55,Lhasa,0.0,5620
2026-09-27T09:27Z,2026-09-27T14:00Z,4.55,Lhasa,0.0,5591
2026-09-27T09:27Z,2026-09-27T15:00Z,5.55,Lhasa,0.0,5568
2026-09-27T09:27Z,2026-09-27T16:00Z,6.55,Lhasa,0.0,5539
2026-09-27T09:27Z,2026-09-27T17:00Z,7.55,Lhasa,0.0,5521
2026-09-27T09:27Z,2026-09-27T07:00Z,-2.45,Shigatse,0.0,5350
2026-09-27T09:27Z,2026-09-27T08:00Z,-1.45,Shigatse,0.0,5430
2026-09-27T09:27Z,2026-09-27T09:00Z,-0.45,Shigatse,0.0,5493
2026-09-27T09:27Z,2026-09-27T10:00Z,0.55,Shigatse,0.0,5531
2026-09-27T09:27Z,2026-09-27T11:00Z,1.55,Shigatse,0.0,5527
2026-09-27T09:27Z,2026-09-27T12:00Z,2.55,Shigatse,0.0,5492
2026-09-27T09:27Z,2026-09-27T13:00Z,3.55,Shigatse,0.0,5440
2026-09-27T09:27Z,2026-09-27T14:00Z,4.55,Shigatse,0.0,5430
2026-09-27T09:27Z,2026-09-27T15:00Z,5.55,Shigatse,0.0,5434
2026-09-27T09:27Z,2026-09-27T16:00Z,6.55,Shigatse,0.0,5397
2026-09-27T09:27Z,2026-09-27T17:00Z,7.55,Shigatse,0.0,5352
2026-09-27T09:27Z,2026-09-27T07:00Z,-2.45,Itanagar,0.1,5376
2026-09-27T09:27Z,2026-09-27T08:00Z,-1.45,Itanagar,0.3,5398
2026-09-27T09:27Z,2026-09-27T09:00Z,-0.45,Itanagar,0.2,5456
2026-09-27T09:27Z,2026-09-27T10:00Z,0.55,Itanagar,0.2,5526
2026-09-27T09:27Z,2026-09-27T11:00Z,1.55,Itanagar,0.2,5575
2026-09-27T09:27Z,2026-09-27T12:00Z,2.55,Itanagar,0.1,5635
2026-09-27T09:27Z,2026-09-27T13:00Z,3.55,Itanagar,0.0,5689
2026-09-27T09:27Z,2026-09-27T14:00Z,4.55,Itanagar,0.0,5686
2026-09-27T09:27Z,2026-09-27T15:00Z,5.55,Itanagar,0.0,5659
2026-09-27T09:27Z,2026-09-27T16:00Z,6.55,Itanagar,0.0,5610
2026-09-27T09:27Z,2026-09-27T17:00Z,7.55,Itanagar,0.0,5585
2026-09-27T14:05Z,2026-09-27T12:00Z,-2.08,Gilgit,0.0,4360
2026-09-27T14:05Z,2026-09-27T13:00Z,-1.08,Gilgit,0.0,4332
2026-09-27T14:05Z,2026-09-27T14:00Z,-0.08,Gilgit,0.0,4315
2026-09-27T14:05Z,2026-09-27T15:00Z,0.92,Gilgit,0.1,4310
2026-09-27T14:05Z,2026-09-27T16:00Z,1.92,Gilgit,0.0,4299
2026-09-27T14:05Z,2026-09-27T17:00Z,2.92,Gilgit,0.0,4259
2026-09-27T14:05Z,2026-09-27T18:00Z,3.92,Gilgit,0.0,4212
2026-09-27T14:05Z,2026-09-27T19:00Z,4.92,Gilgit,0.0,4155
2026-09-27T14:05Z,2026-09-27T20:00Z,5.92,Gilgit,0.0,4094
2026-09-27T14:05Z,2026-09-27T21:00Z,6.92,Gilgit,0.0,3969
2026-09-27T14:05Z,2026-09-27T22:00Z,7.92,Gilgit,0.0,3950
2026-09-27T14:05Z,2026-09-27T12:00Z,-2.08,Skardu,0.0,4520
2026-09-27T14:05Z,2026-09-27T13:00Z,-1.08,Skardu,0.0,4469
2026-09-27T14:05Z,2026-09-27T14:00Z,-0.08,Skardu,0.0,4413
2026-09-27T14:05Z,2026-09-27T15:00Z,0.92,Skardu,0.0,4374
2026-09-27T14:05Z,2026-09-27T16:00Z,1.92,Skardu,0.0,4342
2026-09-27T14:05Z,2026-09-27T17:00Z,2.92,Skardu,0.0,4299
2026-09-27T14:05Z,2026-09-27T18:00Z,3.92,Skardu,0.0,4201
2026-09-27T14:05Z,2026-09-27T19:00Z,4.92,Skardu,0.0,4192
2026-09-27T14:05Z,2026-09-27T20:00Z,5.92,Skardu,0.0,4176
2026-09-27T14:05Z,2026-09-27T21:00Z,6.92,Skardu,0.0,4117
2026-09-27T14:05Z,2026-09-27T22:00Z,7.92,Skardu,0.0,4095
2026-09-27T14:05Z,2026-09-27T12:00Z,-2.08,Srinagar,0.0,4274
2026-09-27T14:05Z,2026-09-27T13:00Z,-1.08,Srinagar,0.0,4234
2026-09-27T14:05Z,2026-09-27T14:00Z,-0.08,Srinagar,0.0,4193
2026-09-27T14:05Z,2026-09-27T15:00Z,0.92,Srinagar,0.0,4142
2026-09-27T14:05Z,2026-09-27T16:00Z,1.92,Srinagar,0.0,4134
2026-09-27T14:05Z,2026-09-27T17:00Z,2.92,Srinagar,0.0,4144
2026-09-27T14:05Z,2026-09-27T18:00Z,3.92,Srinagar,0.0,4109
2026-09-27T14:05Z,2026-09-27T19:00Z,4.92,Srinagar,0.0,4069
2026-09-27T14:05Z,2026-09-27T20:00Z,5.92,Srinagar,0.0,4029
2026-09-27T14:05Z,2026-09-27T21:00Z,6.92,Srinagar,0.0,3992
2026-09-27T14:05Z,2026-09-27T22:00Z,7.92,Srinagar,0.0,3980
2026-09-27T14:05Z,2026-09-27T12:00Z,-2.08,Leh,0.0,4809
2026-09-27T14:05Z,2026-09-27T13:00Z,-1.08,Leh,0.0,4785
2026-09-27T14:05Z,2026-09-27T14:00Z,-0.08,Leh,0.0,4721
2026-09-27T14:05Z,2026-09-27T15:00Z,0.92,Leh,0.0,4667
2026-09-27T14:05Z,2026-09-27T16:00Z,1.92,Leh,0.0,4612
2026-09-27T14:05Z,2026-09-27T17:00Z,2.92,Leh,0.0,4573
2026-09-27T14:05Z,2026-09-27T18:00Z,3.92,Leh,0.0,4511
2026-09-27T14:05Z,2026-09-27T19:00Z,4.92,Leh,0.0,4470
2026-09-27T14:05Z,2026-09-27T20:00Z,5.92,Leh,0.0,4419
2026-09-27T14:05Z,2026-09-27T21:00Z,6.92,Leh,0.0,4365
2026-09-27T14:05Z,2026-09-27T22:00Z,7.92,Leh,0.0,4304
2026-09-27T14:05Z,2026-09-27T12:00Z,-2.08,Jammu,0.0,4424
2026-09-27T14:05Z,2026-09-27T13:00Z,-1.08,Jammu,0.0,4375
2026-09-27T14:05Z,2026-09-27T14:00Z,-0.08,Jammu,0.0,4316
2026-09-27T14:05Z,2026-09-27T15:00Z,0.92,Jammu,0.0,4333
2026-09-27T14:05Z,2026-09-27T16:00Z,1.92,Jammu,0.0,4241
2026-09-27T14:05Z,2026-09-27T17:00Z,2.92,Jammu,0.0,4195
2026-09-27T14:05Z,2026-09-27T18:00Z,3.92,Jammu,0.0,4185
2026-09-27T14:05Z,2026-09-27T19:00Z,4.92,Jammu,0.0,4226
2026-09-27T14:05Z,2026-09-27T20:00Z,5.92,Jammu,0.0,4178
2026-09-27T14:05Z,2026-09-27T21:00Z,6.92,Jammu,0.0,4099
2026-09-27T14:05Z,2026-09-27T22:00Z,7.92,Jammu,0.1,4085
2026-09-27T14:05Z,2026-09-27T12:00Z,-2.08,Dharamshala,0.1,4350
2026-09-27T14:05Z,2026-09-27T13:00Z,-1.08,Dharamshala,0.0,4359
2026-09-27T14:05Z,2026-09-27T14:00Z,-0.08,Dharamshala,0.0,4367
2026-09-27T14:05Z,2026-09-27T15:00Z,0.92,Dharamshala,0.0,4356
2026-09-27T14:05Z,2026-09-27T16:00Z,1.92,Dharamshala,0.0,4317
2026-09-27T14:05Z,2026-09-27T17:00Z,2.92,Dharamshala,0.0,4258
2026-09-27T14:05Z,2026-09-27T18:00Z,3.92,Dharamshala,0.0,4183
2026-09-27T14:05Z,2026-09-27T19:00Z,4.92,Dharamshala,0.0,4126
2026-09-27T14:05Z,2026-09-27T20:00Z,5.92,Dharamshala,0.0,4075
2026-09-27T14:05Z,2026-09-27T21:00Z,6.92,Dharamshala,0.0,4062
2026-09-27T14:05Z,2026-09-27T22:00Z,7.92,Dharamshala,0.0,4077
2026-09-27T14:05Z,2026-09-27T12:00Z,-2.08,Manali,0.2,4432
2026-09-27T14:05Z,2026-09-27T13:00Z,-1.08,Manali,1.4,4407
2026-09-27T14:05Z,2026-09-27T14:00Z,-0.08,Manali,0.1,4405
2026-09-27T14:05Z,2026-09-27T15:00Z,0.92,Manali,0.1,4386
2026-09-27T14:05Z,2026-09-27T16:00Z,1.92,Manali,0.0,4361
2026-09-27T14:05Z,2026-09-27T17:00Z,2.92,Manali,0.0,4285
2026-09-27T14:05Z,2026-09-27T18:00Z,3.92,Manali,0.0,4163
2026-09-27T14:05Z,2026-09-27T19:00Z,4.92,Manali,0.0,4156
2026-09-27T14:05Z,2026-09-27T20:00Z,5.92,Manali,0.0,4165
2026-09-27T14:05Z,2026-09-27T21:00Z,6.92,Manali,0.0,4134
2026-09-27T14:05Z,2026-09-27T22:00Z,7.92,Manali,0.0,4155
2026-09-27T14:05Z,2026-09-27T12:00Z,-2.08,Kaza,0.5,4811
2026-09-27T14:05Z,2026-09-27T13:00Z,-1.08,Kaza,0.2,4803
2026-09-27T14:05Z,2026-09-27T14:00Z,-0.08,Kaza,0.2,4767
2026-09-27T14:05Z,2026-09-27T15:00Z,0.92,Kaza,0.1,4716
2026-09-27T14:05Z,2026-09-27T16:00Z,1.92,Kaza,0.1,4623
2026-09-27T14:05Z,2026-09-27T17:00Z,2.92,Kaza,0.0,4571
2026-09-27T14:05Z,2026-09-27T18:00Z,3.92,Kaza,0.0,4522
2026-09-27T14:05Z,2026-09-27T19:00Z,4.92,Kaza,0.0,4479
2026-09-27T14:05Z,2026-09-27T20:00Z,5.92,Kaza,0.0,4449
2026-09-27T14:05Z,2026-09-27T21:00Z,6.92,Kaza,0.0,4414
2026-09-27T14:05Z,2026-09-27T22:00Z,7.92,Kaza,0.0,4396
2026-09-27T14:05Z,2026-09-27T12:00Z,-2.08,Shimla,0.1,4461
2026-09-27T14:05Z,2026-09-27T13:00Z,-1.08,Shimla,0.0,4463
2026-09-27T14:05Z,2026-09-27T14:00Z,-0.08,Shimla,0.0,4438
2026-09-27T14:05Z,2026-09-27T15:00Z,0.92,Shimla,0.0,4370
2026-09-27T14:05Z,2026-09-27T16:00Z,1.92,Shimla,0.0,4363
2026-09-27T14:05Z,2026-09-27T17:00Z,2.92,Shimla,0.0,4317
2026-09-27T14:05Z,2026-09-27T18:00Z,3.92,Shimla,0.0,4258
2026-09-27T14:05Z,2026-09-27T19:00Z,4.92,Shimla,0.0,4290
2026-09-27T14:05Z,2026-09-27T20:00Z,5.92,Shimla,0.1,4253
2026-09-27T14:05Z,2026-09-27T21:00Z,6.92,Shimla,0.1,4103
2026-09-27T14:05Z,2026-09-27T22:00Z,7.92,Shimla,0.0,4145
2026-09-27T14:05Z,2026-09-27T12:00Z,-2.08,Dehradun,3.7,4366
2026-09-27T14:05Z,2026-09-27T13:00Z,-1.08,Dehradun,4.3,4314
2026-09-27T14:05Z,2026-09-27T14:00Z,-0.08,Dehradun,5.5,4334
2026-09-27T14:05Z,2026-09-27T15:00Z,0.92,Dehradun,8.5,4285
2026-09-27T14:05Z,2026-09-27T16:00Z,1.92,Dehradun,5.7,4363
2026-09-27T14:05Z,2026-09-27T17:00Z,2.92,Dehradun,4.1,4502
2026-09-27T14:05Z,2026-09-27T18:00Z,3.92,Dehradun,2.1,4169
2026-09-27T14:05Z,2026-09-27T19:00Z,4.92,Dehradun,0.4,4246
2026-09-27T14:05Z,2026-09-27T20:00Z,5.92,Dehradun,0.4,4232
2026-09-27T14:05Z,2026-09-27T21:00Z,6.92,Dehradun,0.4,4217
2026-09-27T14:05Z,2026-09-27T22:00Z,7.92,Dehradun,0.4,4246
2026-09-27T14:05Z,2026-09-27T12:00Z,-2.08,Uttarkashi,1.6,4325
2026-09-27T14:05Z,2026-09-27T13:00Z,-1.08,Uttarkashi,2.0,4301
2026-09-27T14:05Z,2026-09-27T14:00Z,-0.08,Uttarkashi,2.1,4324
2026-09-27T14:05Z,2026-09-27T15:00Z,0.92,Uttarkashi,2.7,4334
2026-09-27T14:05Z,2026-09-27T16:00Z,1.92,Uttarkashi,2.1,4335
2026-09-27T14:05Z,2026-09-27T17:00Z,2.92,Uttarkashi,1.6,4399
2026-09-27T14:05Z,2026-09-27T18:00Z,3.92,Uttarkashi,0.8,4297
2026-09-27T14:05Z,2026-09-27T19:00Z,4.92,Uttarkashi,0.2,4288
2026-09-27T14:05Z,2026-09-27T20:00Z,5.92,Uttarkashi,0.4,4261
2026-09-27T14:05Z,2026-09-27T21:00Z,6.92,Uttarkashi,0.4,4262
2026-09-27T14:05Z,2026-09-27T22:00Z,7.92,Uttarkashi,0.4,4269
2026-09-27T14:05Z,2026-09-27T12:00Z,-2.08,Joshimath,0.2,4364
2026-09-27T14:05Z,2026-09-27T13:00Z,-1.08,Joshimath,0.1,4378
2026-09-27T14:05Z,2026-09-27T14:00Z,-0.08,Joshimath,0.1,4370
2026-09-27T14:05Z,2026-09-27T15:00Z,0.92,Joshimath,0.0,4352
2026-09-27T14:05Z,2026-09-27T16:00Z,1.92,Joshimath,0.1,4368
2026-09-27T14:05Z,2026-09-27T17:00Z,2.92,Joshimath,0.2,4426
2026-09-27T14:05Z,2026-09-27T18:00Z,3.92,Joshimath,0.3,4323
2026-09-27T14:05Z,2026-09-27T19:00Z,4.92,Joshimath,0.3,4278
2026-09-27T14:05Z,2026-09-27T20:00Z,5.92,Joshimath,0.2,4268
2026-09-27T14:05Z,2026-09-27T21:00Z,6.92,Joshimath,0.3,4248
2026-09-27T14:05Z,2026-09-27T22:00Z,7.92,Joshimath,0.2,4278
2026-09-27T14:05Z,2026-09-27T12:00Z,-2.08,Bhimtal,0.1,4648
2026-09-27T14:05Z,2026-09-27T13:00Z,-1.08,Bhimtal,0.1,4562
2026-09-27T14:05Z,2026-09-27T14:00Z,-0.08,Bhimtal,0.0,4555
2026-09-27T14:05Z,2026-09-27T15:00Z,0.92,Bhimtal,0.1,4580
2026-09-27T14:05Z,2026-09-27T16:00Z,1.92,Bhimtal,0.0,4582
2026-09-27T14:05Z,2026-09-27T17:00Z,2.92,Bhimtal,0.0,4581
2026-09-27T14:05Z,2026-09-27T18:00Z,3.92,Bhimtal,0.0,4546
2026-09-27T14:05Z,2026-09-27T19:00Z,4.92,Bhimtal,0.0,4526
2026-09-27T14:05Z,2026-09-27T20:00Z,5.92,Bhimtal,0.1,4483
2026-09-27T14:05Z,2026-09-27T21:00Z,6.92,Bhimtal,0.0,4468
2026-09-27T14:05Z,2026-09-27T22:00Z,7.92,Bhimtal,0.0,4472
2026-09-27T14:05Z,2026-09-27T12:00Z,-2.08,Pithoragarh,0.5,4424
2026-09-27T14:05Z,2026-09-27T13:00Z,-1.08,Pithoragarh,1.1,4474
2026-09-27T14:05Z,2026-09-27T14:00Z,-0.08,Pithoragarh,0.7,4477
2026-09-27T14:05Z,2026-09-27T15:00Z,0.92,Pithoragarh,0.9,4503
2026-09-27T14:05Z,2026-09-27T16:00Z,1.92,Pithoragarh,0.5,4513
2026-09-27T14:05Z,2026-09-27T17:00Z,2.92,Pithoragarh,0.3,4471
2026-09-27T14:05Z,2026-09-27T18:00Z,3.92,Pithoragarh,0.3,4478
2026-09-27T14:05Z,2026-09-27T19:00Z,4.92,Pithoragarh,0.2,4445
2026-09-27T14:05Z,2026-09-27T20:00Z,5.92,Pithoragarh,0.0,4389
2026-09-27T14:05Z,2026-09-27T21:00Z,6.92,Pithoragarh,0.0,4365
2026-09-27T14:05Z,2026-09-27T22:00Z,7.92,Pithoragarh,0.0,4371
2026-09-27T14:05Z,2026-09-27T12:00Z,-2.08,Jumla,0.3,4588
2026-09-27T14:05Z,2026-09-27T13:00Z,-1.08,Jumla,0.1,4572
2026-09-27T14:05Z,2026-09-27T14:00Z,-0.08,Jumla,0.0,4558
2026-09-27T14:05Z,2026-09-27T15:00Z,0.92,Jumla,0.0,4533
2026-09-27T14:05Z,2026-09-27T16:00Z,1.92,Jumla,0.0,4521
2026-09-27T14:05Z,2026-09-27T17:00Z,2.92,Jumla,0.0,4506
2026-09-27T14:05Z,2026-09-27T18:00Z,3.92,Jumla,0.0,4523
2026-09-27T14:05Z,2026-09-27T19:00Z,4.92,Jumla,0.0,4506
2026-09-27T14:05Z,2026-09-27T20:00Z,5.92,Jumla,0.0,4460
2026-09-27T14:05Z,2026-09-27T21:00Z,6.92,Jumla,0.0,4432
2026-09-27T14:05Z,2026-09-27T22:00Z,7.92,Jumla,0.0,4423
2026-09-27T14:05Z,2026-09-27T12:00Z,-2.08,Jomsom,0.0,4733
2026-09-27T14:05Z,2026-09-27T13:00Z,-1.08,Jomsom,0.0,4681
2026-09-27T14:05Z,2026-09-27T14:00Z,-0.08,Jomsom,0.0,4651
2026-09-27T14:05Z,2026-09-27T15:00Z,0.92,Jomsom,0.0,4631
2026-09-27T14:05Z,2026-09-27T16:00Z,1.92,Jomsom,0.0,4660
2026-09-27T14:05Z,2026-09-27T17:00Z,2.92,Jomsom,0.0,4602
2026-09-27T14:05Z,2026-09-27T18:00Z,3.92,Jomsom,0.0,4635
2026-09-27T14:05Z,2026-09-27T19:00Z,4.92,Jomsom,0.0,4598
2026-09-27T14:05Z,2026-09-27T20:00Z,5.92,Jomsom,0.0,4563
2026-09-27T14:05Z,2026-09-27T21:00Z,6.92,Jomsom,0.0,4530
2026-09-27T14:05Z,2026-09-27T22:00Z,7.92,Jomsom,0.0,4486
2026-09-27T14:05Z,2026-09-27T12:00Z,-2.08,Pokhara,0.0,4686
2026-09-27T14:05Z,2026-09-27T13:00Z,-1.08,Pokhara,0.0,4785
2026-09-27T14:05Z,2026-09-27T14:00Z,-0.08,Pokhara,0.0,4722
2026-09-27T14:05Z,2026-09-27T15:00Z,0.92,Pokhara,0.0,4837
2026-09-27T14:05Z,2026-09-27T16:00Z,1.92,Pokhara,0.0,4976
2026-09-27T14:05Z,2026-09-27T17:00Z,2.92,Pokhara,0.0,5001
2026-09-27T14:05Z,2026-09-27T18:00Z,3.92,Pokhara,0.0,5000
2026-09-27T14:05Z,2026-09-27T19:00Z,4.92,Pokhara,0.0,4959
2026-09-27T14:05Z,2026-09-27T20:00Z,5.92,Pokhara,0.0,4835
2026-09-27T14:05Z,2026-09-27T21:00Z,6.92,Pokhara,0.0,4767
2026-09-27T14:05Z,2026-09-27T22:00Z,7.92,Pokhara,0.0,4652
2026-09-27T14:05Z,2026-09-27T12:00Z,-2.08,Kathmandu,0.0,5025
2026-09-27T14:05Z,2026-09-27T13:00Z,-1.08,Kathmandu,0.0,5047
2026-09-27T14:05Z,2026-09-27T14:00Z,-0.08,Kathmandu,0.0,5044
2026-09-27T14:05Z,2026-09-27T15:00Z,0.92,Kathmandu,0.0,5076
2026-09-27T14:05Z,2026-09-27T16:00Z,1.92,Kathmandu,0.0,5082
2026-09-27T14:05Z,2026-09-27T17:00Z,2.92,Kathmandu,0.0,5068
2026-09-27T14:05Z,2026-09-27T18:00Z,3.92,Kathmandu,0.0,5042
2026-09-27T14:05Z,2026-09-27T19:00Z,4.92,Kathmandu,0.0,4992
2026-09-27T14:05Z,2026-09-27T20:00Z,5.92,Kathmandu,0.0,4960
2026-09-27T14:05Z,2026-09-27T21:00Z,6.92,Kathmandu,0.0,4938
2026-09-27T14:05Z,2026-09-27T22:00Z,7.92,Kathmandu,0.0,4917
2026-09-27T14:05Z,2026-09-27T12:00Z,-2.08,Namche Bazaar,0.0,5004
2026-09-27T14:05Z,2026-09-27T13:00Z,-1.08,Namche Bazaar,0.0,5011
2026-09-27T14:05Z,2026-09-27T14:00Z,-0.08,Namche Bazaar,0.0,5015
2026-09-27T14:05Z,2026-09-27T15:00Z,0.92,Namche Bazaar,0.0,5003
2026-09-27T14:05Z,2026-09-27T16:00Z,1.92,Namche Bazaar,0.0,4992
2026-09-27T14:05Z,2026-09-27T17:00Z,2.92,Namche Bazaar,0.0,4948
2026-09-27T14:05Z,2026-09-27T18:00Z,3.92,Namche Bazaar,0.0,4909
2026-09-27T14:05Z,2026-09-27T19:00Z,4.92,Namche Bazaar,0.0,4845
2026-09-27T14:05Z,2026-09-27T20:00Z,5.92,Namche Bazaar,0.0,4805
2026-09-27T14:05Z,2026-09-27T21:00Z,6.92,Namche Bazaar,0.0,4807
2026-09-27T14:05Z,2026-09-27T22:00Z,7.92,Namche Bazaar,0.0,4818
2026-09-27T14:05Z,2026-09-27T12:00Z,-2.08,Darjeeling,0.0,5020
2026-09-27T14:05Z,2026-09-27T13:00Z,-1.08,Darjeeling,0.0,5047
2026-09-27T14:05Z,2026-09-27T14:00Z,-0.08,Darjeeling,0.0,5115
2026-09-27T14:05Z,2026-09-27T15:00Z,0.92,Darjeeling,0.0,5151
2026-09-27T14:05Z,2026-09-27T16:00Z,1.92,Darjeeling,0.0,5108
2026-09-27T14:05Z,2026-09-27T17:00Z,2.92,Darjeeling,0.0,5052
2026-09-27T14:05Z,2026-09-27T18:00Z,3.92,Darjeeling,0.0,5011
2026-09-27T14:05Z,2026-09-27T19:00Z,4.92,Darjeeling,0.0,5006
2026-09-27T14:05Z,2026-09-27T20:00Z,5.92,Darjeeling,0.0,5013
2026-09-27T14:05Z,2026-09-27T21:00Z,6.92,Darjeeling,0.0,5046
2026-09-27T14:05Z,2026-09-27T22:00Z,7.92,Darjeeling,0.0,5071
2026-09-27T14:05Z,2026-09-27T12:00Z,-2.08,Gangtok,0.0,5029
2026-09-27T14:05Z,2026-09-27T13:00Z,-1.08,Gangtok,0.0,5080
2026-09-27T14:05Z,2026-09-27T14:00Z,-0.08,Gangtok,0.0,5137
2026-09-27T14:05Z,2026-09-27T15:00Z,0.92,Gangtok,0.0,5195
2026-09-27T14:05Z,2026-09-27T16:00Z,1.92,Gangtok,0.0,5158
2026-09-27T14:05Z,2026-09-27T17:00Z,2.92,Gangtok,0.0,5032
2026-09-27T14:05Z,2026-09-27T18:00Z,3.92,Gangtok,0.0,4976
2026-09-27T14:05Z,2026-09-27T19:00Z,4.92,Gangtok,0.0,5013
2026-09-27T14:05Z,2026-09-27T20:00Z,5.92,Gangtok,0.0,4934
2026-09-27T14:05Z,2026-09-27T21:00Z,6.92,Gangtok,0.0,4974
2026-09-27T14:05Z,2026-09-27T22:00Z,7.92,Gangtok,0.0,4974
2026-09-27T14:05Z,2026-09-27T12:00Z,-2.08,Thimphu,0.0,4990
2026-09-27T14:05Z,2026-09-27T13:00Z,-1.08,Thimphu,0.0,5038
2026-09-27T14:05Z,2026-09-27T14:00Z,-0.08,Thimphu,0.0,5079
2026-09-27T14:05Z,2026-09-27T15:00Z,0.92,Thimphu,0.0,5141
2026-09-27T14:05Z,2026-09-27T16:00Z,1.92,Thimphu,0.0,5127
2026-09-27T14:05Z,2026-09-27T17:00Z,2.92,Thimphu,0.0,5054
2026-09-27T14:05Z,2026-09-27T18:00Z,3.92,Thimphu,0.0,4987
2026-09-27T14:05Z,2026-09-27T19:00Z,4.92,Thimphu,0.0,4921
2026-09-27T14:05Z,2026-09-27T20:00Z,5.92,Thimphu,0.0,4905
2026-09-27T14:05Z,2026-09-27T21:00Z,6.92,Thimphu,0.0,4908
2026-09-27T14:05Z,2026-09-27T22:00Z,7.92,Thimphu,0.0,4911
2026-09-27T14:05Z,2026-09-27T12:00Z,-2.08,Tawang,0.0,5429
2026-09-27T14:05Z,2026-09-27T13:00Z,-1.08,Tawang,0.0,5462
2026-09-27T14:05Z,2026-09-27T14:00Z,-0.08,Tawang,0.0,5509
2026-09-27T14:05Z,2026-09-27T15:00Z,0.92,Tawang,0.0,5523
2026-09-27T14:05Z,2026-09-27T16:00Z,1.92,Tawang,0.0,5475
2026-09-27T14:05Z,2026-09-27T17:00Z,2.92,Tawang,0.0,5403
2026-09-27T14:05Z,2026-09-27T18:00Z,3.92,Tawang,0.0,5332
2026-09-27T14:05Z,2026-09-27T19:00Z,4.92,Tawang,0.0,5237
2026-09-27T14:05Z,2026-09-27T20:00Z,5.92,Tawang,0.0,5188
2026-09-27T14:05Z,2026-09-27T21:00Z,6.92,Tawang,0.0,5153
2026-09-27T14:05Z,2026-09-27T22:00Z,7.92,Tawang,0.0,5139
2026-09-27T14:05Z,2026-09-27T12:00Z,-2.08,Lhasa,0.0,5616
2026-09-27T14:05Z,2026-09-27T13:00Z,-1.08,Lhasa,0.0,5593
2026-09-27T14:05Z,2026-09-27T14:00Z,-0.08,Lhasa,0.0,5573
2026-09-27T14:05Z,2026-09-27T15:00Z,0.92,Lhasa,0.0,5561
2026-09-27T14:05Z,2026-09-27T16:00Z,1.92,Lhasa,0.0,5540
2026-09-27T14:05Z,2026-09-27T17:00Z,2.92,Lhasa,0.0,5513
2026-09-27T14:05Z,2026-09-27T18:00Z,3.92,Lhasa,0.0,5479
2026-09-27T14:05Z,2026-09-27T19:00Z,4.92,Lhasa,0.0,5439
2026-09-27T14:05Z,2026-09-27T20:00Z,5.92,Lhasa,0.0,5395
2026-09-27T14:05Z,2026-09-27T21:00Z,6.92,Lhasa,0.0,5349
2026-09-27T14:05Z,2026-09-27T22:00Z,7.92,Lhasa,0.0,5311
2026-09-27T14:05Z,2026-09-27T12:00Z,-2.08,Shigatse,0.0,5507
2026-09-27T14:05Z,2026-09-27T13:00Z,-1.08,Shigatse,0.0,5457
2026-09-27T14:05Z,2026-09-27T14:00Z,-0.08,Shigatse,0.0,5454
2026-09-27T14:05Z,2026-09-27T15:00Z,0.92,Shigatse,0.0,5441
2026-09-27T14:05Z,2026-09-27T16:00Z,1.92,Shigatse,0.0,5402
2026-09-27T14:05Z,2026-09-27T17:00Z,2.92,Shigatse,0.0,5355
2026-09-27T14:05Z,2026-09-27T18:00Z,3.92,Shigatse,0.0,5311
2026-09-27T14:05Z,2026-09-27T19:00Z,4.92,Shigatse,0.0,5263
2026-09-27T14:05Z,2026-09-27T20:00Z,5.92,Shigatse,0.0,5219
2026-09-27T14:05Z,2026-09-27T21:00Z,6.92,Shigatse,0.0,5171
2026-09-27T14:05Z,2026-09-27T22:00Z,7.92,Shigatse,0.0,5129
2026-09-27T14:05Z,2026-09-27T12:00Z,-2.08,Itanagar,0.0,5602
2026-09-27T14:05Z,2026-09-27T13:00Z,-1.08,Itanagar,0.0,5633
2026-09-27T14:05Z,2026-09-27T14:00Z,-0.08,Itanagar,0.0,5649
2026-09-27T14:05Z,2026-09-27T15:00Z,0.92,Itanagar,0.0,5611
2026-09-27T14:05Z,2026-09-27T16:00Z,1.92,Itanagar,0.0,5561
2026-09-27T14:05Z,2026-09-27T17:00Z,2.92,Itanagar,0.0,5531
2026-09-27T14:05Z,2026-09-27T18:00Z,3.92,Itanagar,0.0,5496
2026-09-27T14:05Z,2026-09-27T19:00Z,4.92,Itanagar,0.0,5478
2026-09-27T14:05Z,2026-09-27T20:00Z,5.92,Itanagar,0.0,5456
2026-09-27T14:05Z,2026-09-27T21:00Z,6.92,Itanagar,0.0,5445
2026-09-27T14:05Z,2026-09-27T22:00Z,7.92,Itanagar,0.0,5421
2026-09-27T18:29Z,2026-09-27T16:00Z,-2.48,Gilgit,0.0,4322
2026-09-27T18:29Z,2026-09-27T17:00Z,-1.48,Gilgit,0.0,4285
2026-09-27T18:29Z,2026-09-27T18:00Z,-0.48,Gilgit,0.0,4240
2026-09-27T18:29Z,2026-09-27T19:00Z,0.52,Gilgit,0.0,4188
2026-09-27T18:29Z,2026-09-27T20:00Z,1.52,Gilgit,0.0,4130
2026-09-27T18:29Z,2026-09-27T21:00Z,2.52,Gilgit,0.0,4051
2026-09-27T18:29Z,2026-09-27T22:00Z,3.52,Gilgit,0.0,3947
2026-09-27T18:29Z,2026-09-27T23:00Z,4.52,Gilgit,0.0,3946
2026-09-27T18:29Z,2026-09-28T00:00Z,5.52,Gilgit,0.0,3884
2026-09-27T18:29Z,2026-09-28T01:00Z,6.52,Gilgit,0.0,3881
2026-09-27T18:29Z,2026-09-28T02:00Z,7.52,Gilgit,0.0,3836
2026-09-27T18:29Z,2026-09-27T16:00Z,-2.48,Skardu,0.0,4354
2026-09-27T18:29Z,2026-09-27T17:00Z,-1.48,Skardu,0.0,4314
2026-09-27T18:29Z,2026-09-27T18:00Z,-0.48,Skardu,0.0,4236
2026-09-27T18:29Z,2026-09-27T19:00Z,0.52,Skardu,0.0,4212
2026-09-27T18:29Z,2026-09-27T20:00Z,1.52,Skardu,0.0,4180
2026-09-27T18:29Z,2026-09-27T21:00Z,2.52,Skardu,0.0,4151
2026-09-27T18:29Z,2026-09-27T22:00Z,3.52,Skardu,0.0,4137
2026-09-27T18:29Z,2026-09-27T23:00Z,4.52,Skardu,0.0,4088
2026-09-27T18:29Z,2026-09-28T00:00Z,5.52,Skardu,0.0,4035
2026-09-27T18:29Z,2026-09-28T01:00Z,6.52,Skardu,0.0,4034
2026-09-27T18:29Z,2026-09-28T02:00Z,7.52,Skardu,0.0,4057
2026-09-27T18:29Z,2026-09-27T16:00Z,-2.48,Srinagar,0.0,4217
2026-09-27T18:29Z,2026-09-27T17:00Z,-1.48,Srinagar,0.0,4159
2026-09-27T18:29Z,2026-09-27T18:00Z,-0.48,Srinagar,0.0,4094
2026-09-27T18:29Z,2026-09-27T19:00Z,0.52,Srinagar,0.0,4064
2026-09-27T18:29Z,2026-09-27T20:00Z,1.52,Srinagar,0.0,4050
2026-09-27T18:29Z,2026-09-27T21:00Z,2.52,Srinagar,0.0,4030
2026-09-27T18:29Z,2026-09-27T22:00Z,3.52,Srinagar,0.0,4052
2026-09-27T18:29Z,2026-09-27T23:00Z,4.52,Srinagar,0.0,4040
2026-09-27T18:29Z,2026-09-28T00:00Z,5.52,Srinagar,0.0,3986
2026-09-27T18:29Z,2026-09-28T01:00Z,6.52,Srinagar,0.0,3950
2026-09-27T18:29Z,2026-09-28T02:00Z,7.52,Srinagar,0.0,3987
2026-09-27T18:29Z,2026-09-27T16:00Z,-2.48,Leh,0.0,4618
2026-09-27T18:29Z,2026-09-27T17:00Z,-1.48,Leh,0.0,4572
2026-09-27T18:29Z,2026-09-27T18:00Z,-0.48,Leh,0.0,4534
2026-09-27T18:29Z,2026-09-27T19:00Z,0.52,Leh,0.0,4495
2026-09-27T18:29Z,2026-09-27T20:00Z,1.52,Leh,0.0,4411
2026-09-27T18:29Z,2026-09-27T21:00Z,2.52,Leh,0.0,4377
2026-09-27T18:29Z,2026-09-27T22:00Z,3.52,Leh,0.0,4329
2026-09-27T18:29Z,2026-09-27T23:00Z,4.52,Leh,0.0,4283
2026-09-27T18:29Z,2026-09-28T00:00Z,5.52,Leh,0.0,4225
2026-09-27T18:29Z,2026-09-28T01:00Z,6.52,Leh,0.0,4195
2026-09-27T18:29Z,2026-09-28T02:00Z,7.52,Leh,0.0,4168
2026-09-27T18:29Z,2026-09-27T16:00Z,-2.48,Jammu,0.0,4249
2026-09-27T18:29Z,2026-09-27T17:00Z,-1.48,Jammu,0.0,4207
2026-09-27T18:29Z,2026-09-27T18:00Z,-0.48,Jammu,0.0,4138
2026-09-27T18:29Z,2026-09-27T19:00Z,0.52,Jammu,0.0,4194
2026-09-27T18:29Z,2026-09-27T20:00Z,1.52,Jammu,0.0,4140
2026-09-27T18:29Z,2026-09-27T21:00Z,2.52,Jammu,0.0,4119
2026-09-27T18:29Z,2026-09-27T22:00Z,3.52,Jammu,0.1,4095
2026-09-27T18:29Z,2026-09-27T23:00Z,4.52,Jammu,0.1,4029
2026-09-27T18:29Z,2026-09-28T00:00Z,5.52,Jammu,0.1,4015
2026-09-27T18:29Z,2026-09-28T01:00Z,6.52,Jammu,0.1,4034
2026-09-27T18:29Z,2026-09-28T02:00Z,7.52,Jammu,0.5,3996
2026-09-27T18:29Z,2026-09-27T16:00Z,-2.48,Dharamshala,0.0,4220
2026-09-27T18:29Z,2026-09-27T17:00Z,-1.48,Dharamshala,0.0,4138
2026-09-27T18:29Z,2026-09-27T18:00Z,-0.48,Dharamshala,0.0,4108
2026-09-27T18:29Z,2026-09-27T19:00Z,0.52,Dharamshala,0.0,4088
2026-09-27T18:29Z,2026-09-27T20:00Z,1.52,Dharamshala,0.0,4052
2026-09-27T18:29Z,2026-09-27T21:00Z,2.52,Dharamshala,0.0,4043
2026-09-27T18:29Z,2026-09-27T22:00Z,3.52,Dharamshala,0.0,4063
2026-09-27T18:29Z,2026-09-27T23:00Z,4.52,Dharamshala,0.0,4129
2026-09-27T18:29Z,2026-09-28T00:00Z,5.52,Dharamshala,0.0,4115
2026-09-27T18:29Z,2026-09-28T01:00Z,6.52,Dharamshala,0.0,4055
2026-09-27T18:29Z,2026-09-28T02:00Z,7.52,Dharamshala,0.0,4043
2026-09-27T18:29Z,2026-09-27T16:00Z,-2.48,Manali,0.0,4234
2026-09-27T18:29Z,2026-09-27T17:00Z,-1.48,Manali,0.0,4213
2026-09-27T18:29Z,2026-09-27T18:00Z,-0.48,Manali,0.0,4211
2026-09-27T18:29Z,2026-09-27T19:00Z,0.52,Manali,0.0,4212
2026-09-27T18:29Z,2026-09-27T20:00Z,1.52,Manali,0.0,4189
2026-09-27T18:29Z,2026-09-27T21:00Z,2.52,Manali,0.0,4180
2026-09-27T18:29Z,2026-09-27T22:00Z,3.52,Manali,0.0,4203
2026-09-27T18:29Z,2026-09-27T23:00Z,4.52,Manali,0.0,4219
2026-09-27T18:29Z,2026-09-28T00:00Z,5.52,Manali,0.0,4213
2026-09-27T18:29Z,2026-09-28T01:00Z,6.52,Manali,0.0,4125
2026-09-27T18:29Z,2026-09-28T02:00Z,7.52,Manali,0.1,4142
2026-09-27T18:29Z,2026-09-27T16:00Z,-2.48,Kaza,0.1,4669
2026-09-27T18:29Z,2026-09-27T17:00Z,-1.48,Kaza,0.0,4561
2026-09-27T18:29Z,2026-09-27T18:00Z,-0.48,Kaza,0.0,4518
2026-09-27T18:29Z,2026-09-27T19:00Z,0.52,Kaza,0.0,4480
2026-09-27T18:29Z,2026-09-27T20:00Z,1.52,Kaza,0.0,4442
2026-09-27T18:29Z,2026-09-27T21:00Z,2.52,Kaza,0.0,4423
2026-09-27T18:29Z,2026-09-27T22:00Z,3.52,Kaza,0.0,4397
2026-09-27T18:29Z,2026-09-27T23:00Z,4.52,Kaza,0.0,4373
2026-09-27T18:29Z,2026-09-28T00:00Z,5.52,Kaza,0.0,4353
2026-09-27T18:29Z,2026-09-28T01:00Z,6.52,Kaza,0.0,4331
2026-09-27T18:29Z,2026-09-28T02:00Z,7.52,Kaza,0.0,4363
2026-09-27T18:29Z,2026-09-27T16:00Z,-2.48,Shimla,0.0,4284
2026-09-27T18:29Z,2026-09-27T17:00Z,-1.48,Shimla,0.0,4257
2026-09-27T18:29Z,2026-09-27T18:00Z,-0.48,Shimla,0.0,4282
2026-09-27T18:29Z,2026-09-27T19:00Z,0.52,Shimla,0.0,4222
2026-09-27T18:29Z,2026-09-27T20:00Z,1.52,Shimla,0.1,4179
2026-09-27T18:29Z,2026-09-27T21:00Z,2.52,Shimla,0.1,4208
2026-09-27T18:29Z,2026-09-27T22:00Z,3.52,Shimla,0.0,4196
2026-09-27T18:29Z,2026-09-27T23:00Z,4.52,Shimla,0.0,4207
2026-09-27T18:29Z,2026-09-28T00:00Z,5.52,Shimla,0.1,4250
2026-09-27T18:29Z,2026-09-28T01:00Z,6.52,Shimla,0.1,4232
2026-09-27T18:29Z,2026-09-28T02:00Z,7.52,Shimla,0.0,4144
2026-09-27T18:29Z,2026-09-27T16:00Z,-2.48,Dehradun,5.7,4269
2026-09-27T18:29Z,2026-09-27T17:00Z,-1.48,Dehradun,4.1,4321
2026-09-27T18:29Z,2026-09-27T18:00Z,-0.48,Dehradun,2.1,4297
2026-09-27T18:29Z,2026-09-27T19:00Z,0.52,Dehradun,0.4,4265
2026-09-27T18:29Z,2026-09-27T20:00Z,1.52,Dehradun,0.4,4289
2026-09-27T18:29Z,2026-09-27T21:00Z,2.52,Dehradun,0.4,4321
2026-09-27T18:29Z,2026-09-27T22:00Z,3.52,Dehradun,0.4,4344
2026-09-27T18:29Z,2026-09-27T23:00Z,4.52,Dehradun,0.0,4307
2026-09-27T18:29Z,2026-09-28T00:00Z,5.52,Dehradun,0.2,4249
2026-09-27T18:29Z,2026-09-28T01:00Z,6.52,Dehradun,0.3,4310
2026-09-27T18:29Z,2026-09-28T02:00Z,7.52,Dehradun,0.0,4346
2026-09-27T18:29Z,2026-09-27T16:00Z,-2.48,Uttarkashi,2.1,4344
2026-09-27T18:29Z,2026-09-27T17:00Z,-1.48,Uttarkashi,1.6,4347
2026-09-27T18:29Z,2026-09-27T18:00Z,-0.48,Uttarkashi,0.8,4311
2026-09-27T18:29Z,2026-09-27T19:00Z,0.52,Uttarkashi,0.2,4301
2026-09-27T18:29Z,2026-09-27T20:00Z,1.52,Uttarkashi,0.4,4302
2026-09-27T18:29Z,2026-09-27T21:00Z,2.52,Uttarkashi,0.4,4351
2026-09-27T18:29Z,2026-09-27T22:00Z,3.52,Uttarkashi,0.4,4346
2026-09-27T18:29Z,2026-09-27T23:00Z,4.52,Uttarkashi,0.2,4320
2026-09-27T18:29Z,2026-09-28T00:00Z,5.52,Uttarkashi,0.2,4315
2026-09-27T18:29Z,2026-09-28T01:00Z,6.52,Uttarkashi,0.2,4328
2026-09-27T18:29Z,2026-09-28T02:00Z,7.52,Uttarkashi,0.0,4341
2026-09-27T18:29Z,2026-09-27T16:00Z,-2.48,Joshimath,0.1,4453
2026-09-27T18:29Z,2026-09-27T17:00Z,-1.48,Joshimath,0.2,4392
2026-09-27T18:29Z,2026-09-27T18:00Z,-0.48,Joshimath,0.3,4330
2026-09-27T18:29Z,2026-09-27T19:00Z,0.52,Joshimath,0.3,4303
2026-09-27T18:29Z,2026-09-27T20:00Z,1.52,Joshimath,0.2,4293
2026-09-27T18:29Z,2026-09-27T21:00Z,2.52,Joshimath,0.3,4290
2026-09-27T18:29Z,2026-09-27T22:00Z,3.52,Joshimath,0.2,4313
2026-09-27T18:29Z,2026-09-27T23:00Z,4.52,Joshimath,0.0,4302
2026-09-27T18:29Z,2026-09-28T00:00Z,5.52,Joshimath,0.0,4291
2026-09-27T18:29Z,2026-09-28T01:00Z,6.52,Joshimath,0.0,4289
2026-09-27T18:29Z,2026-09-28T02:00Z,7.52,Joshimath,0.0,4293
2026-09-27T18:29Z,2026-09-27T16:00Z,-2.48,Bhimtal,0.0,4620
2026-09-27T18:29Z,2026-09-27T17:00Z,-1.48,Bhimtal,0.0,4569
2026-09-27T18:29Z,2026-09-27T18:00Z,-0.48,Bhimtal,0.0,4541
2026-09-27T18:29Z,2026-09-27T19:00Z,0.52,Bhimtal,0.0,4510
2026-09-27T18:29Z,2026-09-27T20:00Z,1.52,Bhimtal,0.1,4491
2026-09-27T18:29Z,2026-09-27T21:00Z,2.52,Bhimtal,0.0,4458
2026-09-27T18:29Z,2026-09-27T22:00Z,3.52,Bhimtal,0.0,4484
2026-09-27T18:29Z,2026-09-27T23:00Z,4.52,Bhimtal,0.1,4491
2026-09-27T18:29Z,2026-09-28T00:00Z,5.52,Bhimtal,0.1,4464
2026-09-27T18:29Z,2026-09-28T01:00Z,6.52,Bhimtal,0.1,4432
2026-09-27T18:29Z,2026-09-28T02:00Z,7.52,Bhimtal,0.1,4400
2026-09-27T18:29Z,2026-09-27T16:00Z,-2.48,Pithoragarh,0.5,4513
2026-09-27T18:29Z,2026-09-27T17:00Z,-1.48,Pithoragarh,0.3,4473
2026-09-27T18:29Z,2026-09-27T18:00Z,-0.48,Pithoragarh,0.3,4429
2026-09-27T18:29Z,2026-09-27T19:00Z,0.52,Pithoragarh,0.2,4394
2026-09-27T18:29Z,2026-09-27T20:00Z,1.52,Pithoragarh,0.0,4378
2026-09-27T18:29Z,2026-09-27T21:00Z,2.52,Pithoragarh,0.0,4381
2026-09-27T18:29Z,2026-09-27T22:00Z,3.52,Pithoragarh,0.0,4367
2026-09-27T18:29Z,2026-09-27T23:00Z,4.52,Pithoragarh,0.0,4315
2026-09-27T18:29Z,2026-09-28T00:00Z,5.52,Pithoragarh,0.0,4317
2026-09-27T18:29Z,2026-09-28T01:00Z,6.52,Pithoragarh,0.0,4327
2026-09-27T18:29Z,2026-09-28T02:00Z,7.52,Pithoragarh,0.0,4308
2026-09-27T18:29Z,2026-09-27T16:00Z,-2.48,Jumla,0.0,4660
2026-09-27T18:29Z,2026-09-27T17:00Z,-1.48,Jumla,0.0,4623
2026-09-27T18:29Z,2026-09-27T18:00Z,-0.48,Jumla,0.0,4613
2026-09-27T18:29Z,2026-09-27T19:00Z,0.52,Jumla,0.0,4557
2026-09-27T18:29Z,2026-09-27T20:00Z,1.52,Jumla,0.0,4525
2026-09-27T18:29Z,2026-09-27T21:00Z,2.52,Jumla,0.0,4500
2026-09-27T18:29Z,2026-09-27T22:00Z,3.52,Jumla,0.0,4488
2026-09-27T18:29Z,2026-09-27T23:00Z,4.52,Jumla,0.0,4471
2026-09-27T18:29Z,2026-09-28T00:00Z,5.52,Jumla,0.0,4490
2026-09-27T18:29Z,2026-09-28T01:00Z,6.52,Jumla,0.0,4538
2026-09-27T18:29Z,2026-09-28T02:00Z,7.52,Jumla,0.0,4559
2026-09-27T18:29Z,2026-09-27T16:00Z,-2.48,Jomsom,0.0,4662
2026-09-27T18:29Z,2026-09-27T17:00Z,-1.48,Jomsom,0.0,4637
2026-09-27T18:29Z,2026-09-27T18:00Z,-0.48,Jomsom,0.0,4643
2026-09-27T18:29Z,2026-09-27T19:00Z,0.52,Jomsom,0.0,4633
2026-09-27T18:29Z,2026-09-27T20:00Z,1.52,Jomsom,0.0,4614
2026-09-27T18:29Z,2026-09-27T21:00Z,2.52,Jomsom,0.0,4603
2026-09-27T18:29Z,2026-09-27T22:00Z,3.52,Jomsom,0.0,4622
2026-09-27T18:29Z,2026-09-27T23:00Z,4.52,Jomsom,0.0,4570
2026-09-27T18:29Z,2026-09-28T00:00Z,5.52,Jomsom,0.0,4585
2026-09-27T18:29Z,2026-09-28T01:00Z,6.52,Jomsom,0.0,4582
2026-09-27T18:29Z,2026-09-28T02:00Z,7.52,Jomsom,0.0,4650
2026-09-27T18:29Z,2026-09-27T16:00Z,-2.48,Pokhara,0.0,4891
2026-09-27T18:29Z,2026-09-27T17:00Z,-1.48,Pokhara,0.0,4956
2026-09-27T18:29Z,2026-09-27T18:00Z,-0.48,Pokhara,0.0,4972
2026-09-27T18:29Z,2026-09-27T19:00Z,0.52,Pokhara,0.0,4952
2026-09-27T18:29Z,2026-09-27T20:00Z,1.52,Pokhara,0.0,4951
2026-09-27T18:29Z,2026-09-27T21:00Z,2.52,Pokhara,0.0,4903
2026-09-27T18:29Z,2026-09-27T22:00Z,3.52,Pokhara,0.0,4865
2026-09-27T18:29Z,2026-09-27T23:00Z,4.52,Pokhara,0.0,4836
2026-09-27T18:29Z,2026-09-28T00:00Z,5.52,Pokhara,0.0,4883
2026-09-27T18:29Z,2026-09-28T01:00Z,6.52,Pokhara,0.0,4864
2026-09-27T18:29Z,2026-09-28T02:00Z,7.52,Pokhara,0.0,4884
2026-09-27T18:29Z,2026-09-27T16:00Z,-2.48,Kathmandu,0.0,5089
2026-09-27T18:29Z,2026-09-27T17:00Z,-1.48,Kathmandu,0.0,5082
2026-09-27T18:29Z,2026-09-27T18:00Z,-0.48,Kathmandu,0.0,5074
2026-09-27T18:29Z,2026-09-27T19:00Z,0.52,Kathmandu,0.0,5059
2026-09-27T18:29Z,2026-09-27T20:00Z,1.52,Kathmandu,0.0,5044
2026-09-27T18:29Z,2026-09-27T21:00Z,2.52,Kathmandu,0.0,5036
2026-09-27T18:29Z,2026-09-27T22:00Z,3.52,Kathmandu,0.0,5031
2026-09-27T18:29Z,2026-09-27T23:00Z,4.52,Kathmandu,0.0,5035
2026-09-27T18:29Z,2026-09-28T00:00Z,5.52,Kathmandu,0.0,5045
2026-09-27T18:29Z,2026-09-28T01:00Z,6.52,Kathmandu,0.0,5033
2026-09-27T18:29Z,2026-09-28T02:00Z,7.52,Kathmandu,0.0,5026
2026-09-27T18:29Z,2026-09-27T16:00Z,-2.48,Namche Bazaar,0.0,5088
2026-09-27T18:29Z,2026-09-27T17:00Z,-1.48,Namche Bazaar,0.0,5044
2026-09-27T18:29Z,2026-09-27T18:00Z,-0.48,Namche Bazaar,0.0,5013
2026-09-27T18:29Z,2026-09-27T19:00Z,0.52,Namche Bazaar,0.0,4962
2026-09-27T18:29Z,2026-09-27T20:00Z,1.52,Namche Bazaar,0.0,4960
2026-09-27T18:29Z,2026-09-27T21:00Z,2.52,Namche Bazaar,0.0,4963
2026-09-27T18:29Z,2026-09-27T22:00Z,3.52,Namche Bazaar,0.0,4959
2026-09-27T18:29Z,2026-09-27T23:00Z,4.52,Namche Bazaar,0.0,4912
2026-09-27T18:29Z,2026-09-28T00:00Z,5.52,Namche Bazaar,0.0,4905
2026-09-27T18:29Z,2026-09-28T01:00Z,6.52,Namche Bazaar,0.0,4880
2026-09-27T18:29Z,2026-09-28T02:00Z,7.52,Namche Bazaar,0.0,4894
2026-09-27T18:29Z,2026-09-27T16:00Z,-2.48,Darjeeling,0.0,5223
2026-09-27T18:29Z,2026-09-27T17:00Z,-1.48,Darjeeling,0.0,5243
2026-09-27T18:29Z,2026-09-27T18:00Z,-0.48,Darjeeling,0.0,5232
2026-09-27T18:29Z,2026-09-27T19:00Z,0.52,Darjeeling,0.0,5249
2026-09-27T18:29Z,2026-09-27T20:00Z,1.52,Darjeeling,0.0,5282
2026-09-27T18:29Z,2026-09-27T21:00Z,2.52,Darjeeling,0.0,5336
2026-09-27T18:29Z,2026-09-27T22:00Z,3.52,Darjeeling,0.0,5360
2026-09-27T18:29Z,2026-09-27T23:00Z,4.52,Darjeeling,0.0,5340
2026-09-27T18:29Z,2026-09-28T00:00Z,5.52,Darjeeling,0.0,5320
2026-09-27T18:29Z,2026-09-28T01:00Z,6.52,Darjeeling,0.0,5304
2026-09-27T18:29Z,2026-09-28T02:00Z,7.52,Darjeeling,0.0,5284
2026-09-27T18:29Z,2026-09-27T16:00Z,-2.48,Gangtok,0.0,5278
2026-09-27T18:29Z,2026-09-27T17:00Z,-1.48,Gangtok,0.0,5275
2026-09-27T18:29Z,2026-09-27T18:00Z,-0.48,Gangtok,0.0,5240
2026-09-27T18:29Z,2026-09-27T19:00Z,0.52,Gangtok,0.0,5286
2026-09-27T18:29Z,2026-09-27T20:00Z,1.52,Gangtok,0.0,5306
2026-09-27T18:29Z,2026-09-27T21:00Z,2.52,Gangtok,0.0,5337
2026-09-27T18:29Z,2026-09-27T22:00Z,3.52,Gangtok,0.0,5345
2026-09-27T18:29Z,2026-09-27T23:00Z,4.52,Gangtok,0.0,5348
2026-09-27T18:29Z,2026-09-28T00:00Z,5.52,Gangtok,0.0,5317
2026-09-27T18:29Z,2026-09-28T01:00Z,6.52,Gangtok,0.0,5318
2026-09-27T18:29Z,2026-09-28T02:00Z,7.52,Gangtok,0.0,5280
2026-09-27T18:29Z,2026-09-27T16:00Z,-2.48,Thimphu,0.0,5225
2026-09-27T18:29Z,2026-09-27T17:00Z,-1.48,Thimphu,0.0,5241
2026-09-27T18:29Z,2026-09-27T18:00Z,-0.48,Thimphu,0.0,5201
2026-09-27T18:29Z,2026-09-27T19:00Z,0.52,Thimphu,0.0,5154
2026-09-27T18:29Z,2026-09-27T20:00Z,1.52,Thimphu,0.0,5206
2026-09-27T18:29Z,2026-09-27T21:00Z,2.52,Thimphu,0.0,5295
2026-09-27T18:29Z,2026-09-27T22:00Z,3.52,Thimphu,0.0,5276
2026-09-27T18:29Z,2026-09-27T23:00Z,4.52,Thimphu,0.0,5228
2026-09-27T18:29Z,2026-09-28T00:00Z,5.52,Thimphu,0.0,5260
2026-09-27T18:29Z,2026-09-28T01:00Z,6.52,Thimphu,0.0,5266
2026-09-27T18:29Z,2026-09-28T02:00Z,7.52,Thimphu,0.0,5276
2026-09-27T18:29Z,2026-09-27T16:00Z,-2.48,Tawang,0.0,5512
2026-09-27T18:29Z,2026-09-27T17:00Z,-1.48,Tawang,0.0,5499
2026-09-27T18:29Z,2026-09-27T18:00Z,-0.48,Tawang,0.0,5465
2026-09-27T18:29Z,2026-09-27T19:00Z,0.52,Tawang,0.0,5443
2026-09-27T18:29Z,2026-09-27T20:00Z,1.52,Tawang,0.0,5442
2026-09-27T18:29Z,2026-09-27T21:00Z,2.52,Tawang,0.0,5460
2026-09-27T18:29Z,2026-09-27T22:00Z,3.52,Tawang,0.0,5465
2026-09-27T18:29Z,2026-09-27T23:00Z,4.52,Tawang,0.0,5473
2026-09-27T18:29Z,2026-09-28T00:00Z,5.52,Tawang,0.0,5439
2026-09-27T18:29Z,2026-09-28T01:00Z,6.52,Tawang,0.0,5417
2026-09-27T18:29Z,2026-09-28T02:00Z,7.52,Tawang,0.0,5415
2026-09-27T18:29Z,2026-09-27T16:00Z,-2.48,Lhasa,0.0,5510
2026-09-27T18:29Z,2026-09-27T17:00Z,-1.48,Lhasa,0.0,5520
2026-09-27T18:29Z,2026-09-27T18:00Z,-0.48,Lhasa,0.0,5482
2026-09-27T18:29Z,2026-09-27T19:00Z,0.52,Lhasa,0.0,5434
2026-09-27T18:29Z,2026-09-27T20:00Z,1.52,Lhasa,0.0,5386
2026-09-27T18:29Z,2026-09-27T21:00Z,2.52,Lhasa,0.0,5348
2026-09-27T18:29Z,2026-09-27T22:00Z,3.52,Lhasa,0.0,5326
2026-09-27T18:29Z,2026-09-27T23:00Z,4.52,Lhasa,0.0,5295
2026-09-27T18:29Z,2026-09-28T00:00Z,5.52,Lhasa,0.0,5258
2026-09-27T18:29Z,2026-09-28T01:00Z,6.52,Lhasa,0.0,5228
2026-09-27T18:29Z,2026-09-28T02:00Z,7.52,Lhasa,0.0,5228
2026-09-27T18:29Z,2026-09-27T16:00Z,-2.48,Shigatse,0.0,5392
2026-09-27T18:29Z,2026-09-27T17:00Z,-1.48,Shigatse,0.0,5336
2026-09-27T18:29Z,2026-09-27T18:00Z,-0.48,Shigatse,0.0,5283
2026-09-27T18:29Z,2026-09-27T19:00Z,0.52,Shigatse,0.0,5235
2026-09-27T18:29Z,2026-09-27T20:00Z,1.52,Shigatse,0.0,5190
2026-09-27T18:29Z,2026-09-27T21:00Z,2.52,Shigatse,0.0,5158
2026-09-27T18:29Z,2026-09-27T22:00Z,3.52,Shigatse,0.0,5126
2026-09-27T18:29Z,2026-09-27T23:00Z,4.52,Shigatse,0.0,5085
2026-09-27T18:29Z,2026-09-28T00:00Z,5.52,Shigatse,0.0,5045
2026-09-27T18:29Z,2026-09-28T01:00Z,6.52,Shigatse,0.0,5008
2026-09-27T18:29Z,2026-09-28T02:00Z,7.52,Shigatse,0.0,5001
2026-09-27T18:29Z,2026-09-27T16:00Z,-2.48,Itanagar,0.0,5615
2026-09-27T18:29Z,2026-09-27T17:00Z,-1.48,Itanagar,0.0,5592
2026-09-27T18:29Z,2026-09-27T18:00Z,-0.48,Itanagar,0.0,5553
2026-09-27T18:29Z,2026-09-27T19:00Z,0.52,Itanagar,0.0,5529
2026-09-27T18:29Z,2026-09-27T20:00Z,1.52,Itanagar,0.0,5518
2026-09-27T18:29Z,2026-09-27T21:00Z,2.52,Itanagar,0.0,5516
2026-09-27T18:29Z,2026-09-27T22:00Z,3.52,Itanagar,0.0,5508
2026-09-27T18:29Z,2026-09-27T23:00Z,4.52,Itanagar,0.2,5488
2026-09-27T18:29Z,2026-09-28T00:00Z,5.52,Itanagar,0.1,5477
2026-09-27T18:29Z,2026-09-28T01:00Z,6.52,Itanagar,0.1,5471
2026-09-27T18:29Z,2026-09-28T02:00Z,7.52,Itanagar,0.1,5500
2026-09-27T23:06Z,2026-09-27T21:00Z,-2.1,Gilgit,0.0,4088
2026-09-27T23:06Z,2026-09-27T22:00Z,-1.1,Gilgit,0.0,4046
2026-09-27T23:06Z,2026-09-27T23:00Z,-0.1,Gilgit,0.0,3929
2026-09-27T23:06Z,2026-09-28T00:00Z,0.9,Gilgit,0.0,3901
2026-09-27T23:06Z,2026-09-28T01:00Z,1.9,Gilgit,0.0,3896
2026-09-27T23:06Z,2026-09-28T02:00Z,2.9,Gilgit,0.0,3897
2026-09-27T23:06Z,2026-09-28T03:00Z,3.9,Gilgit,0.1,3850
2026-09-27T23:06Z,2026-09-28T04:00Z,4.9,Gilgit,0.1,3831
2026-09-27T23:06Z,2026-09-28T05:00Z,5.9,Gilgit,0.1,3832
2026-09-27T23:06Z,2026-09-28T06:00Z,6.9,Gilgit,0.1,3794
2026-09-27T23:06Z,2026-09-28T07:00Z,7.9,Gilgit,0.0,3872
2026-09-27T23:06Z,2026-09-27T21:00Z,-2.1,Skardu,0.0,4174
2026-09-27T23:06Z,2026-09-27T22:00Z,-1.1,Skardu,0.0,4131
2026-09-27T23:06Z,2026-09-27T23:00Z,-0.1,Skardu,0.0,4115
2026-09-27T23:06Z,2026-09-28T00:00Z,0.9,Skardu,0.0,4069
2026-09-27T23:06Z,2026-09-28T01:00Z,1.9,Skardu,0.0,4056
2026-09-27T23:06Z,2026-09-28T02:00Z,2.9,Skardu,0.0,4080
2026-09-27T23:06Z,2026-09-28T03:00Z,3.9,Skardu,0.0,4197
2026-09-27T23:06Z,2026-09-28T04:00Z,4.9,Skardu,0.0,4171
2026-09-27T23:06Z,2026-09-28T05:00Z,5.9,Skardu,0.0,4180
2026-09-27T23:06Z,2026-09-28T06:00Z,6.9,Skardu,0.0,4201
2026-09-27T23:06Z,2026-09-28T07:00Z,7.9,Skardu,0.0,4222
2026-09-27T23:06Z,2026-09-27T21:00Z,-2.1,Srinagar,0.0,4019
2026-09-27T23:06Z,2026-09-27T22:00Z,-1.1,Srinagar,0.0,4011
2026-09-27T23:06Z,2026-09-27T23:00Z,-0.1,Srinagar,0.0,4009
2026-09-27T23:06Z,2026-09-28T00:00Z,0.9,Srinagar,0.0,3993
2026-09-27T23:06Z,2026-09-28T01:00Z,1.9,Srinagar,0.0,3975
2026-09-27T23:06Z,2026-09-28T02:00Z,2.9,Srinagar,0.0,3977
2026-09-27T23:06Z,2026-09-28T03:00Z,3.9,Srinagar,0.0,3998
2026-09-27T23:06Z,2026-09-28T04:00Z,4.9,Srinagar,0.0,3998
2026-09-27T23:06Z,2026-09-28T05:00Z,5.9,Srinagar,0.2,3986
2026-09-27T23:06Z,2026-09-28T06:00Z,6.9,Srinagar,0.4,3959
2026-09-27T23:06Z,2026-09-28T07:00Z,7.9,Srinagar,0.2,3977
2026-09-27T23:06Z,2026-09-27T21:00Z,-2.1,Leh,0.0,4434
2026-09-27T23:06Z,2026-09-27T22:00Z,-1.1,Leh,0.0,4346
2026-09-27T23:06Z,2026-09-27T23:00Z,-0.1,Leh,0.0,4265
2026-09-27T23:06Z,2026-09-28T00:00Z,0.9,Leh,0.0,4220
2026-09-27T23:06Z,2026-09-28T01:00Z,1.9,Leh,0.0,4184
2026-09-27T23:06Z,2026-09-28T02:00Z,2.9,Leh,0.0,4164
2026-09-27T23:06Z,2026-09-28T03:00Z,3.9,Leh,0.0,4210
2026-09-27T23:06Z,2026-09-28T04:00Z,4.9,Leh,0.0,4268
2026-09-27T23:06Z,2026-09-28T05:00Z,5.9,Leh,0.0,4459
2026-09-27T23:06Z,2026-09-28T06:00Z,6.9,Leh,0.0,4530
2026-09-27T23:06Z,2026-09-28T07:00Z,7.9,Leh,0.0,4545
2026-09-27T23:06Z,2026-09-27T21:00Z,-2.1,Jammu,0.0,4135
2026-09-27T23:06Z,2026-09-27T22:00Z,-1.1,Jammu,0.0,4098
2026-09-27T23:06Z,2026-09-27T23:00Z,-0.1,Jammu,0.0,4027
2026-09-27T23:06Z,2026-09-28T00:00Z,0.9,Jammu,0.0,4018
2026-09-27T23:06Z,2026-09-28T01:00Z,1.9,Jammu,0.0,4011
2026-09-27T23:06Z,2026-09-28T02:00Z,2.9,Jammu,0.0,4069
2026-09-27T23:06Z,2026-09-28T03:00Z,3.9,Jammu,0.0,4101
2026-09-27T23:06Z,2026-09-28T04:00Z,4.9,Jammu,0.0,4086
2026-09-27T23:06Z,2026-09-28T05:00Z,5.9,Jammu,0.0,4130
2026-09-27T23:06Z,2026-09-28T06:00Z,6.9,Jammu,0.0,3983
2026-09-27T23:06Z,2026-09-28T07:00Z,7.9,Jammu,0.1,3990
2026-09-27T23:06Z,2026-09-27T21:00Z,-2.1,Dharamshala,0.0,4055
2026-09-27T23:06Z,2026-09-27T22:00Z,-1.1,Dharamshala,0.0,4057
2026-09-27T23:06Z,2026-09-27T23:00Z,-0.1,Dharamshala,0.0,4106
2026-09-27T23:06Z,2026-09-28T00:00Z,0.9,Dharamshala,0.0,4114
2026-09-27T23:06Z,2026-09-28T01:00Z,1.9,Dharamshala,0.0,4069
2026-09-27T23:06Z,2026-09-28T02:00Z,2.9,Dharamshala,0.0,4105
2026-09-27T23:06Z,2026-09-28T03:00Z,3.9,Dharamshala,0.0,4084
2026-09-27T23:06Z,2026-09-28T04:00Z,4.9,Dharamshala,0.0,4133
2026-09-27T23:06Z,2026-09-28T05:00Z,5.9,Dharamshala,2.9,4130
2026-09-27T23:06Z,2026-09-28T06:00Z,6.9,Dharamshala,4.8,4125
2026-09-27T23:06Z,2026-09-28T07:00Z,7.9,Dharamshala,2.1,4118
2026-09-27T23:06Z,2026-09-27T21:00Z,-2.1,Manali,0.0,4171
2026-09-27T23:06Z,2026-09-27T22:00Z,-1.1,Manali,0.1,4202
2026-09-27T23:06Z,2026-09-27T23:00Z,-0.1,Manali,0.1,4211
2026-09-27T23:06Z,2026-09-28T00:00Z,0.9,Manali,0.1,4210
2026-09-27T23:06Z,2026-09-28T01:00Z,1.9,Manali,0.8,4176
2026-09-27T23:06Z,2026-09-28T02:00Z,2.9,Manali,1.5,4132
2026-09-27T23:06Z,2026-09-28T03:00Z,3.9,Manali,0.1,4176
2026-09-27T23:06Z,2026-09-28T04:00Z,4.9,Manali,0.1,4252
2026-09-27T23:06Z,2026-09-28T05:00Z,5.9,Manali,0.3,4276
2026-09-27T23:06Z,2026-09-28T06:00Z,6.9,Manali,0.7,4222
2026-09-27T23:06Z,2026-09-28T07:00Z,7.9,Manali,0.6,4228
2026-09-27T23:06Z,2026-09-27T21:00Z,-2.1,Kaza,0.0,4429
2026-09-27T23:06Z,2026-09-27T22:00Z,-1.1,Kaza,0.0,4416
2026-09-27T23:06Z,2026-09-27T23:00Z,-0.1,Kaza,0.0,4390
2026-09-27T23:06Z,2026-09-28T00:00Z,0.9,Kaza,0.1,4373
2026-09-27T23:06Z,2026-09-28T01:00Z,1.9,Kaza,0.5,4359
2026-09-27T23:06Z,2026-09-28T02:00Z,2.9,Kaza,0.5,4389
2026-09-27T23:06Z,2026-09-28T03:00Z,3.9,Kaza,0.1,4513
2026-09-27T23:06Z,2026-09-28T04:00Z,4.9,Kaza,0.0,4586
2026-09-27T23:06Z,2026-09-28T05:00Z,5.9,Kaza,0.0,4633
2026-09-27T23:06Z,2026-09-28T06:00Z,6.9,Kaza,0.1,4642
2026-09-27T23:06Z,2026-09-28T07:00Z,7.9,Kaza,0.2,4664
2026-09-27T23:06Z,2026-09-27T21:00Z,-2.1,Shimla,0.2,4178
2026-09-27T23:06Z,2026-09-27T22:00Z,-1.1,Shimla,0.0,4202
2026-09-27T23:06Z,2026-09-27T23:00Z,-0.1,Shimla,0.0,4210
2026-09-27T23:06Z,2026-09-28T00:00Z,0.9,Shimla,0.0,4245
2026-09-27T23:06Z,2026-09-28T01:00Z,1.9,Shimla,0.1,4236
2026-09-27T23:06Z,2026-09-28T02:00Z,2.9,Shimla,0.1,4160
2026-09-27T23:06Z,2026-09-28T03:00Z,3.9,Shimla,0.1,4158
2026-09-27T23:06Z,2026-09-28T04:00Z,4.9,Shimla,0.1,4222
2026-09-27T23:06Z,2026-09-28T05:00Z,5.9,Shimla,0.0,4226
2026-09-27T23:06Z,2026-09-28T06:00Z,6.9,Shimla,1.0,4265
2026-09-27T23:06Z,2026-09-28T07:00Z,7.9,Shimla,5.0,4257
2026-09-27T23:06Z,2026-09-27T21:00Z,-2.1,Dehradun,1.1,4305
2026-09-27T23:06Z,2026-09-27T22:00Z,-1.1,Dehradun,0.9,4313
2026-09-27T23:06Z,2026-09-27T23:00Z,-0.1,Dehradun,0.7,4257
2026-09-27T23:06Z,2026-09-28T00:00Z,0.9,Dehradun,0.1,4330
2026-09-27T23:06Z,2026-09-28T01:00Z,1.9,Dehradun,0.0,4288
2026-09-27T23:06Z,2026-09-28T02:00Z,2.9,Dehradun,0.0,4307
2026-09-27T23:06Z,2026-09-28T03:00Z,3.9,Dehradun,0.1,4273
2026-09-27T23:06Z,2026-09-28T04:00Z,4.9,Dehradun,0.3,4353
2026-09-27T23:06Z,2026-09-28T05:00Z,5.9,Dehradun,0.0,4304
2026-09-27T23:06Z,2026-09-28T06:00Z,6.9,Dehradun,0.2,4363
2026-09-27T23:06Z,2026-09-28T07:00Z,7.9,Dehradun,0.4,4408
2026-09-27T23:06Z,2026-09-27T21:00Z,-2.1,Uttarkashi,0.5,4332
2026-09-27T23:06Z,2026-09-27T22:00Z,-1.1,Uttarkashi,0.5,4307
2026-09-27T23:06Z,2026-09-27T23:00Z,-0.1,Uttarkashi,0.4,4315
2026-09-27T23:06Z,2026-09-28T00:00Z,0.9,Uttarkashi,0.1,4336
2026-09-27T23:06Z,2026-09-28T01:00Z,1.9,Uttarkashi,0.1,4318
2026-09-27T23:06Z,2026-09-28T02:00Z,2.9,Uttarkashi,0.1,4310
2026-09-27T23:06Z,2026-09-28T03:00Z,3.9,Uttarkashi,0.1,4303
2026-09-27T23:06Z,2026-09-28T04:00Z,4.9,Uttarkashi,0.1,4326
2026-09-27T23:06Z,2026-09-28T05:00Z,5.9,Uttarkashi,0.0,4341
2026-09-27T23:06Z,2026-09-28T06:00Z,6.9,Uttarkashi,0.1,4356
2026-09-27T23:06Z,2026-09-28T07:00Z,7.9,Uttarkashi,0.2,4389
2026-09-27T23:06Z,2026-09-27T21:00Z,-2.1,Joshimath,0.0,4307
2026-09-27T23:06Z,2026-09-27T22:00Z,-1.1,Joshimath,0.0,4295
2026-09-27T23:06Z,2026-09-27T23:00Z,-0.1,Joshimath,0.0,4294
2026-09-27T23:06Z,2026-09-28T00:00Z,0.9,Joshimath,0.0,4283
2026-09-27T23:06Z,2026-09-28T01:00Z,1.9,Joshimath,0.0,4273
2026-09-27T23:06Z,2026-09-28T02:00Z,2.9,Joshimath,0.0,4276
2026-09-27T23:06Z,2026-09-28T03:00Z,3.9,Joshimath,0.0,4292
2026-09-27T23:06Z,2026-09-28T04:00Z,4.9,Joshimath,0.0,4300
2026-09-27T23:06Z,2026-09-28T05:00Z,5.9,Joshimath,0.0,4301
2026-09-27T23:06Z,2026-09-28T06:00Z,6.9,Joshimath,0.0,4305
2026-09-27T23:06Z,2026-09-28T07:00Z,7.9,Joshimath,0.1,4359
2026-09-27T23:06Z,2026-09-27T21:00Z,-2.1,Bhimtal,0.0,4420
2026-09-27T23:06Z,2026-09-27T22:00Z,-1.1,Bhimtal,0.0,4409
2026-09-27T23:06Z,2026-09-27T23:00Z,-0.1,Bhimtal,0.0,4403
2026-09-27T23:06Z,2026-09-28T00:00Z,0.9,Bhimtal,0.0,4374
2026-09-27T23:06Z,2026-09-28T01:00Z,1.9,Bhimtal,0.0,4351
2026-09-27T23:06Z,2026-09-28T02:00Z,2.9,Bhimtal,0.0,4328
2026-09-27T23:06Z,2026-09-28T03:00Z,3.9,Bhimtal,0.0,4281
2026-09-27T23:06Z,2026-09-28T04:00Z,4.9,Bhimtal,0.0,4356
2026-09-27T23:06Z,2026-09-28T05:00Z,5.9,Bhimtal,0.0,4345
2026-09-27T23:06Z,2026-09-28T06:00Z,6.9,Bhimtal,0.1,4372
2026-09-27T23:06Z,2026-09-28T07:00Z,7.9,Bhimtal,0.1,4390
2026-09-27T23:06Z,2026-09-27T21:00Z,-2.1,Pithoragarh,0.0,4396
2026-09-27T23:06Z,2026-09-27T22:00Z,-1.1,Pithoragarh,0.0,4346
2026-09-27T23:06Z,2026-09-27T23:00Z,-0.1,Pithoragarh,0.0,4331
2026-09-27T23:06Z,2026-09-28T00:00Z,0.9,Pithoragarh,0.0,4233
2026-09-27T23:06Z,2026-09-28T01:00Z,1.9,Pithoragarh,0.0,4205
2026-09-27T23:06Z,2026-09-28T02:00Z,2.9,Pithoragarh,0.0,4221
2026-09-27T23:06Z,2026-09-28T03:00Z,3.9,Pithoragarh,0.0,4242
2026-09-27T23:06Z,2026-09-28T04:00Z,4.9,Pithoragarh,0.0,4267
2026-09-27T23:06Z,2026-09-28T05:00Z,5.9,Pithoragarh,0.0,4317
2026-09-27T23:06Z,2026-09-28T06:00Z,6.9,Pithoragarh,0.0,4310
2026-09-27T23:06Z,2026-09-28T07:00Z,7.9,Pithoragarh,0.0,4269
2026-09-27T23:06Z,2026-09-27T21:00Z,-2.1,Jumla,0.0,4569
2026-09-27T23:06Z,2026-09-27T22:00Z,-1.1,Jumla,0.0,4540
2026-09-27T23:06Z,2026-09-27T23:00Z,-0.1,Jumla,0.0,4485
2026-09-27T23:06Z,2026-09-28T00:00Z,0.9,Jumla,0.0,4476
2026-09-27T23:06Z,2026-09-28T01:00Z,1.9,Jumla,0.0,4520
2026-09-27T23:06Z,2026-09-28T02:00Z,2.9,Jumla,0.0,4546
2026-09-27T23:06Z,2026-09-28T03:00Z,3.9,Jumla,0.0,4518
2026-09-27T23:06Z,2026-09-28T04:00Z,4.9,Jumla,0.0,4518
2026-09-27T23:06Z,2026-09-28T05:00Z,5.9,Jumla,0.1,4516
2026-09-27T23:06Z,2026-09-28T06:00Z,6.9,Jumla,0.1,4501
2026-09-27T23:06Z,2026-09-28T07:00Z,7.9,Jumla,0.2,4481
2026-09-27T23:06Z,2026-09-27T21:00Z,-2.1,Jomsom,0.0,4623
2026-09-27T23:06Z,2026-09-27T22:00Z,-1.1,Jomsom,0.0,4621
2026-09-27T23:06Z,2026-09-27T23:00Z,-0.1,Jomsom,0.0,4579
2026-09-27T23:06Z,2026-09-28T00:00Z,0.9,Jomsom,0.0,4609
2026-09-27T23:06Z,2026-09-28T01:00Z,1.9,Jomsom,0.0,4568
2026-09-27T23:06Z,2026-09-28T02:00Z,2.9,Jomsom,0.0,4650
2026-09-27T23:06Z,2026-09-28T03:00Z,3.9,Jomsom,0.0,4711
2026-09-27T23:06Z,2026-09-28T04:00Z,4.9,Jomsom,0.0,4734
2026-09-27T23:06Z,2026-09-28T05:00Z,5.9,Jomsom,0.0,4732
2026-09-27T23:06Z,2026-09-28T06:00Z,6.9,Jomsom,0.1,4747
2026-09-27T23:06Z,2026-09-28T07:00Z,7.9,Jomsom,0.1,4733
2026-09-27T23:06Z,2026-09-27T21:00Z,-2.1,Pokhara,0.0,4960
2026-09-27T23:06Z,2026-09-27T22:00Z,-1.1,Pokhara,0.0,4885
2026-09-27T23:06Z,2026-09-27T23:00Z,-0.1,Pokhara,0.0,4782
2026-09-27T23:06Z,2026-09-28T00:00Z,0.9,Pokhara,0.0,4848
2026-09-27T23:06Z,2026-09-28T01:00Z,1.9,Pokhara,0.0,4876
2026-09-27T23:06Z,2026-09-28T02:00Z,2.9,Pokhara,0.0,4886
2026-09-27T23:06Z,2026-09-28T03:00Z,3.9,Pokhara,0.0,4837
2026-09-27T23:06Z,2026-09-28T04:00Z,4.9,Pokhara,0.0,4797
2026-09-27T23:06Z,2026-09-28T05:00Z,5.9,Pokhara,0.0,4767
2026-09-27T23:06Z,2026-09-28T06:00Z,6.9,Pokhara,0.0,4766
2026-09-27T23:06Z,2026-09-28T07:00Z,7.9,Pokhara,0.0,4743
2026-09-27T23:06Z,2026-09-27T21:00Z,-2.1,Kathmandu,0.0,5044
2026-09-27T23:06Z,2026-09-27T22:00Z,-1.1,Kathmandu,0.0,5035
2026-09-27T23:06Z,2026-09-27T23:00Z,-0.1,Kathmandu,0.0,5034
2026-09-27T23:06Z,2026-09-28T00:00Z,0.9,Kathmandu,0.0,5047
2026-09-27T23:06Z,2026-09-28T01:00Z,1.9,Kathmandu,0.0,5047
2026-09-27T23:06Z,2026-09-28T02:00Z,2.9,Kathmandu,0.0,5050
2026-09-27T23:06Z,2026-09-28T03:00Z,3.9,Kathmandu,0.0,5038
2026-09-27T23:06Z,2026-09-28T04:00Z,4.9,Kathmandu,0.0,5025
2026-09-27T23:06Z,2026-09-28T05:00Z,5.9,Kathmandu,0.1,5016
2026-09-27T23:06Z,2026-09-28T06:00Z,6.9,Kathmandu,0.2,4999
2026-09-27T23:06Z,2026-09-28T07:00Z,7.9,Kathmandu,0.3,4978
2026-09-27T23:06Z,2026-09-27T21:00Z,-2.1,Namche Bazaar,0.0,5091
2026-09-27T23:06Z,2026-09-27T22:00Z,-1.1,Namche Bazaar,0.0,5047
2026-09-27T23:06Z,2026-09-27T23:00Z,-0.1,Namche Bazaar,0.0,4997
2026-09-27T23:06Z,2026-09-28T00:00Z,0.9,Namche Bazaar,0.0,4966
2026-09-27T23:06Z,2026-09-28T01:00Z,1.9,Namche Bazaar,0.0,4936
2026-09-27T23:06Z,2026-09-28T02:00Z,2.9,Namche Bazaar,0.0,4929
2026-09-27T23:06Z,2026-09-28T03:00Z,3.9,Namche Bazaar,0.0,4943
2026-09-27T23:06Z,2026-09-28T04:00Z,4.9,Namche Bazaar,0.0,5006
2026-09-27T23:06Z,2026-09-28T05:00Z,5.9,Namche Bazaar,0.0,5056
2026-09-27T23:06Z,2026-09-28T06:00Z,6.9,Namche Bazaar,0.1,5109
2026-09-27T23:06Z,2026-09-28T07:00Z,7.9,Namche Bazaar,0.1,5126
2026-09-27T23:06Z,2026-09-27T21:00Z,-2.1,Darjeeling,0.0,5389
2026-09-27T23:06Z,2026-09-27T22:00Z,-1.1,Darjeeling,0.0,5402
2026-09-27T23:06Z,2026-09-27T23:00Z,-0.1,Darjeeling,0.0,5379
2026-09-27T23:06Z,2026-09-28T00:00Z,0.9,Darjeeling,0.0,5363
2026-09-27T23:06Z,2026-09-28T01:00Z,1.9,Darjeeling,0.0,5339
2026-09-27T23:06Z,2026-09-28T02:00Z,2.9,Darjeeling,0.0,5319
2026-09-27T23:06Z,2026-09-28T03:00Z,3.9,Darjeeling,0.0,5294
2026-09-27T23:06Z,2026-09-28T04:00Z,4.9,Darjeeling,0.0,5277
2026-09-27T23:06Z,2026-09-28T05:00Z,5.9,Darjeeling,0.0,5245
2026-09-27T23:06Z,2026-09-28T06:00Z,6.9,Darjeeling,0.0,5206
2026-09-27T23:06Z,2026-09-28T07:00Z,7.9,Darjeeling,0.0,5181
2026-09-27T23:06Z,2026-09-27T21:00Z,-2.1,Gangtok,0.0,5418
2026-09-27T23:06Z,2026-09-27T22:00Z,-1.1,Gangtok,0.0,5422
2026-09-27T23:06Z,2026-09-27T23:00Z,-0.1,Gangtok,0.0,5407
2026-09-27T23:06Z,2026-09-28T00:00Z,0.9,Gangtok,0.0,5406
2026-09-27T23:06Z,2026-09-28T01:00Z,1.9,Gangtok,0.0,5382
2026-09-27T23:06Z,2026-09-28T02:00Z,2.9,Gangtok,0.0,5365
2026-09-27T23:06Z,2026-09-28T03:00Z,3.9,Gangtok,0.0,5328
2026-09-27T23:06Z,2026-09-28T04:00Z,4.9,Gangtok,0.0,5297
2026-09-27T23:06Z,2026-09-28T05:00Z,5.9,Gangtok,0.0,5260
2026-09-27T23:06Z,2026-09-28T06:00Z,6.9,Gangtok,0.0,5243
2026-09-27T23:06Z,2026-09-28T07:00Z,7.9,Gangtok,0.0,5188
2026-09-27T23:06Z,2026-09-27T21:00Z,-2.1,Thimphu,0.0,5343
2026-09-27T23:06Z,2026-09-27T22:00Z,-1.1,Thimphu,0.0,5339
2026-09-27T23:06Z,2026-09-27T23:00Z,-0.1,Thimphu,0.0,5353
2026-09-27T23:06Z,2026-09-28T00:00Z,0.9,Thimphu,0.0,5378
2026-09-27T23:06Z,2026-09-28T01:00Z,1.9,Thimphu,0.0,5392
2026-09-27T23:06Z,2026-09-28T02:00Z,2.9,Thimphu,0.0,5382
2026-09-27T23:06Z,2026-09-28T03:00Z,3.9,Thimphu,0.0,5339
2026-09-27T23:06Z,2026-09-28T04:00Z,4.9,Thimphu,0.0,5280
2026-09-27T23:06Z,2026-09-28T05:00Z,5.9,Thimphu,0.0,5240
2026-09-27T23:06Z,2026-09-28T06:00Z,6.9,Thimphu,0.0,5233
2026-09-27T23:06Z,2026-09-28T07:00Z,7.9,Thimphu,0.0,5080
2026-09-27T23:06Z,2026-09-27T21:00Z,-2.1,Tawang,0.0,5491
2026-09-27T23:06Z,2026-09-27T22:00Z,-1.1,Tawang,0.0,5512
2026-09-27T23:06Z,2026-09-27T23:00Z,-0.1,Tawang,0.0,5520
2026-09-27T23:06Z,2026-09-28T00:00Z,0.9,Tawang,0.0,5514
2026-09-27T23:06Z,2026-09-28T01:00Z,1.9,Tawang,0.0,5494
2026-09-27T23:06Z,2026-09-28T02:00Z,2.9,Tawang,0.0,5491
2026-09-27T23:06Z,2026-09-28T03:00Z,3.9,Tawang,0.0,5483
2026-09-27T23:06Z,2026-09-28T04:00Z,4.9,Tawang,0.0,5464
2026-09-27T23:06Z,2026-09-28T05:00Z,5.9,Tawang,0.0,5386
2026-09-27T23:06Z,2026-09-28T06:00Z,6.9,Tawang,0.2,5371
2026-09-27T23:06Z,2026-09-28T07:00Z,7.9,Tawang,0.2,5161
2026-09-27T23:06Z,2026-09-27T21:00Z,-2.1,Lhasa,0.0,5335
2026-09-27T23:06Z,2026-09-27T22:00Z,-1.1,Lhasa,0.0,5318
2026-09-27T23:06Z,2026-09-27T23:00Z,-0.1,Lhasa,0.0,5287
2026-09-27T23:06Z,2026-09-28T00:00Z,0.9,Lhasa,0.0,5246
2026-09-27T23:06Z,2026-09-28T01:00Z,1.9,Lhasa,0.0,5221
2026-09-27T23:06Z,2026-09-28T02:00Z,2.9,Lhasa,0.0,5228
2026-09-27T23:06Z,2026-09-28T03:00Z,3.9,Lhasa,0.0,5253
2026-09-27T23:06Z,2026-09-28T04:00Z,4.9,Lhasa,0.0,5299
2026-09-27T23:06Z,2026-09-28T05:00Z,5.9,Lhasa,0.1,5317
2026-09-27T23:06Z,2026-09-28T06:00Z,6.9,Lhasa,0.1,5466
2026-09-27T23:06Z,2026-09-28T07:00Z,7.9,Lhasa,0.0,5546
2026-09-27T23:06Z,2026-09-27T21:00Z,-2.1,Shigatse,0.0,5186
2026-09-27T23:06Z,2026-09-27T22:00Z,-1.1,Shigatse,0.0,5148
2026-09-27T23:06Z,2026-09-27T23:00Z,-0.1,Shigatse,0.0,5108
2026-09-27T23:06Z,2026-09-28T00:00Z,0.9,Shigatse,0.0,5076
2026-09-27T23:06Z,2026-09-28T01:00Z,1.9,Shigatse,0.0,5048
2026-09-27T23:06Z,2026-09-28T02:00Z,2.9,Shigatse,0.0,5055
2026-09-27T23:06Z,2026-09-28T03:00Z,3.9,Shigatse,0.0,5084
2026-09-27T23:06Z,2026-09-28T04:00Z,4.9,Shigatse,0.0,5184
2026-09-27T23:06Z,2026-09-28T05:00Z,5.9,Shigatse,0.0,5223
2026-09-27T23:06Z,2026-09-28T06:00Z,6.9,Shigatse,0.0,5315
2026-09-27T23:06Z,2026-09-28T07:00Z,7.9,Shigatse,0.0,5416
2026-09-27T23:06Z,2026-09-27T21:00Z,-2.1,Itanagar,0.0,5556
2026-09-27T23:06Z,2026-09-27T22:00Z,-1.1,Itanagar,0.0,5543
2026-09-27T23:06Z,2026-09-27T23:00Z,-0.1,Itanagar,0.0,5523
2026-09-27T23:06Z,2026-09-28T00:00Z,0.9,Itanagar,0.1,5516
2026-09-27T23:06Z,2026-09-28T01:00Z,1.9,Itanagar,0.1,5509
2026-09-27T23:06Z,2026-09-28T02:00Z,2.9,Itanagar,0.1,5549
2026-09-27T23:06Z,2026-09-28T03:00Z,3.9,Itanagar,0.0,5594
2026-09-27T23:06Z,2026-09-28T04:00Z,4.9,Itanagar,0.1,5615
2026-09-27T23:06Z,2026-09-28T05:00Z,5.9,Itanagar,0.1,5634
2026-09-27T23:06Z,2026-09-28T06:00Z,6.9,Itanagar,0.3,5625
2026-09-27T23:06Z,2026-09-28T07:00Z,7.9,Itanagar,0.2,5613
2026-09-28T04:46Z,2026-09-28T02:00Z,-2.77,Gilgit,0.0,3911
2026-09-28T04:46Z,2026-09-28T03:00Z,-1.77,Gilgit,0.0,3859
2026-09-28T04:46Z,2026-09-28T04:00Z,-0.77,Gilgit,0.0,3838
2026-09-28T04:46Z,2026-09-28T05:00Z,0.23,Gilgit,0.2,3849
2026-09-28T04:46Z,2026-09-28T06:00Z,1.23,Gilgit,0.1,3864
2026-09-28T04:46Z,2026-09-28T07:00Z,2.23,Gilgit,0.0,3977
2026-09-28T04:46Z,2026-09-28T08:00Z,3.23,Gilgit,0.1,3996
2026-09-28T04:46Z,2026-09-28T09:00Z,4.23,Gilgit,0.2,4032
2026-09-28T04:46Z,2026-09-28T10:00Z,5.23,Gilgit,0.3,4034
2026-09-28T04:46Z,2026-09-28T11:00Z,6.23,Gilgit,0.0,4035
2026-09-28T04:46Z,2026-09-28T12:00Z,7.23,Gilgit,0.3,3986
2026-09-28T04:46Z,2026-09-28T02:00Z,-2.77,Skardu,0.0,4060
2026-09-28T04:46Z,2026-09-28T03:00Z,-1.77,Skardu,0.0,4161
2026-09-28T04:46Z,2026-09-28T04:00Z,-0.77,Skardu,0.0,4172
2026-09-28T04:46Z,2026-09-28T05:00Z,0.23,Skardu,0.0,4172
2026-09-28T04:46Z,2026-09-28T06:00Z,1.23,Skardu,0.0,4208
2026-09-28T04:46Z,2026-09-28T07:00Z,2.23,Skardu,0.0,4229
2026-09-28T04:46Z,2026-09-28T08:00Z,3.23,Skardu,0.1,4217
2026-09-28T04:46Z,2026-09-28T09:00Z,4.23,Skardu,0.1,4240
2026-09-28T04:46Z,2026-09-28T10:00Z,5.23,Skardu,0.2,4239
2026-09-28T04:46Z,2026-09-28T11:00Z,6.23,Skardu,0.2,4193
2026-09-28T04:46Z,2026-09-28T12:00Z,7.23,Skardu,0.1,4169
2026-09-28T04:46Z,2026-09-28T02:00Z,-2.77,Srinagar,0.0,4012
2026-09-28T04:46Z,2026-09-28T03:00Z,-1.77,Srinagar,0.0,4008
2026-09-28T04:46Z,2026-09-28T04:00Z,-0.77,Srinagar,0.0,3988
2026-09-28T04:46Z,2026-09-28T05:00Z,0.23,Srinagar,0.0,3970
2026-09-28T04:46Z,2026-09-28T06:00Z,1.23,Srinagar,0.1,3999
2026-09-28T04:46Z,2026-09-28T07:00Z,2.23,Srinagar,0.1,3981
2026-09-28T04:46Z,2026-09-28T08:00Z,3.23,Srinagar,0.5,3990
2026-09-28T04:46Z,2026-09-28T09:00Z,4.23,Srinagar,0.1,3981
2026-09-28T04:46Z,2026-09-28T10:00Z,5.23,Srinagar,0.5,3966
2026-09-28T04:46Z,2026-09-28T11:00Z,6.23,Srinagar,0.2,3997
2026-09-28T04:46Z,2026-09-28T12:00Z,7.23,Srinagar,0.1,3995
2026-09-28T04:46Z,2026-09-28T02:00Z,-2.77,Leh,0.0,4213
2026-09-28T04:46Z,2026-09-28T03:00Z,-1.77,Leh,0.0,4250
2026-09-28T04:46Z,2026-09-28T04:00Z,-0.77,Leh,0.0,4385
2026-09-28T04:46Z,2026-09-28T05:00Z,0.23,Leh,0.1,4491
2026-09-28T04:46Z,2026-09-28T06:00Z,1.23,Leh,0.1,4533
2026-09-28T04:46Z,2026-09-28T07:00Z,2.23,Leh,0.1,4547
2026-09-28T04:46Z,2026-09-28T08:00Z,3.23,Leh,0.1,4584
2026-09-28T04:46Z,2026-09-28T09:00Z,4.23,Leh,0.1,4622
2026-09-28T04:46Z,2026-09-28T10:00Z,5.23,Leh,0.1,4642
2026-09-28T04:46Z,2026-09-28T11:00Z,6.23,Leh,0.1,4628
2026-09-28T04:46Z,2026-09-28T12:00Z,7.23,Leh,0.1,4623
2026-09-28T04:46Z,2026-09-28T02:00Z,-2.77,Jammu,0.1,4032
2026-09-28T04:46Z,2026-09-28T03:00Z,-1.77,Jammu,0.1,4051
2026-09-28T04:46Z,2026-09-28T04:00Z,-0.77,Jammu,0.1,4084
2026-09-28T04:46Z,2026-09-28T05:00Z,0.23,Jammu,0.0,4044
2026-09-28T04:46Z,2026-09-28T06:00Z,1.23,Jammu,0.0,4022
2026-09-28T04:46Z,2026-09-28T07:00Z,2.23,Jammu,0.0,4059
2026-09-28T04:46Z,2026-09-28T08:00Z,3.23,Jammu,0.0,4129
2026-09-28T04:46Z,2026-09-28T09:00Z,4.23,Jammu,0.0,4084
2026-09-28T04:46Z,2026-09-28T10:00Z,5.23,Jammu,0.0,4002
2026-09-28T04:46Z,2026-09-28T11:00Z,6.23,Jammu,0.0,4119
2026-09-28T04:46Z,2026-09-28T12:00Z,7.23,Jammu,0.0,3957
2026-09-28T04:46Z,2026-09-28T02:00Z,-2.77,Dharamshala,0.0,4128
2026-09-28T04:46Z,2026-09-28T03:00Z,-1.77,Dharamshala,0.0,4116
2026-09-28T04:46Z,2026-09-28T04:00Z,-0.77,Dharamshala,0.1,4133
2026-09-28T04:46Z,2026-09-28T05:00Z,0.23,Dharamshala,0.3,4074
2026-09-28T04:46Z,2026-09-28T06:00Z,1.23,Dharamshala,1.1,4109
2026-09-28T04:46Z,2026-09-28T07:00Z,2.23,Dharamshala,0.5,4134
2026-09-28T04:46Z,2026-09-28T08:00Z,3.23,Dharamshala,0.4,4175
2026-09-28T04:46Z,2026-09-28T09:00Z,4.23,Dharamshala,0.4,4158
2026-09-28T04:46Z,2026-09-28T10:00Z,5.23,Dharamshala,0.4,4131
2026-09-28T04:46Z,2026-09-28T11:00Z,6.23,Dharamshala,0.1,4141
2026-09-28T04:46Z,2026-09-28T12:00Z,7.23,Dharamshala,0.1,4166
2026-09-28T04:46Z,2026-09-28T02:00Z,-2.77,Manali,0.0,4185
2026-09-28T04:46Z,2026-09-28T03:00Z,-1.77,Manali,0.4,4201
2026-09-28T04:46Z,2026-09-28T04:00Z,-0.77,Manali,0.8,4231
2026-09-28T04:46Z,2026-09-28T05:00Z,0.23,Manali,0.7,4203
2026-09-28T04:46Z,2026-09-28T06:00Z,1.23,Manali,0.8,4160
2026-09-28T04:46Z,2026-09-28T07:00Z,2.23,Manali,1.2,4197
2026-09-28T04:46Z,2026-09-28T08:00Z,3.23,Manali,1.1,4238
2026-09-28T04:46Z,2026-09-28T09:00Z,4.23,Manali,1.4,4255
2026-09-28T04:46Z,2026-09-28T10:00Z,5.23,Manali,0.5,4228
2026-09-28T04:46Z,2026-09-28T11:00Z,6.23,Manali,0.4,4266
2026-09-28T04:46Z,2026-09-28T12:00Z,7.23,Manali,0.7,4225
2026-09-28T04:46Z,2026-09-28T02:00Z,-2.77,Kaza,0.0,4386
2026-09-28T04:46Z,2026-09-28T03:00Z,-1.77,Kaza,0.1,4523
2026-09-28T04:46Z,2026-09-28T04:00Z,-0.77,Kaza,0.0,4650
2026-09-28T04:46Z,2026-09-28T05:00Z,0.23,Kaza,0.3,4642
2026-09-28T04:46Z,2026-09-28T06:00Z,1.23,Kaza,1.0,4650
2026-09-28T04:46Z,2026-09-28T07:00Z,2.23,Kaza,0.3,4673
2026-09-28T04:46Z,2026-09-28T08:00Z,3.23,Kaza,0.2,4692
2026-09-28T04:46Z,2026-09-28T09:00Z,4.23,Kaza,0.1,4696
2026-09-28T04:46Z,2026-09-28T10:00Z,5.23,Kaza,0.2,4701
2026-09-28T04:46Z,2026-09-28T11:00Z,6.23,Kaza,0.3,4687
2026-09-28T04:46Z,2026-09-28T12:00Z,7.23,Kaza,0.4,4673
2026-09-28T04:46Z,2026-09-28T02:00Z,-2.77,Shimla,0.3,4235
2026-09-28T04:46Z,2026-09-28T03:00Z,-1.77,Shimla,0.0,4253
2026-09-28T04:46Z,2026-09-28T04:00Z,-0.77,Shimla,0.1,4185
2026-09-28T04:46Z,2026-09-28T05:00Z,0.23,Shimla,0.2,4228
2026-09-28T04:46Z,2026-09-28T06:00Z,1.23,Shimla,0.3,4238
2026-09-28T04:46Z,2026-09-28T07:00Z,2.23,Shimla,0.3,4279
2026-09-28T04:46Z,2026-09-28T08:00Z,3.23,Shimla,0.4,4287
2026-09-28T04:46Z,2026-09-28T09:00Z,4.23,Shimla,0.4,4303
2026-09-28T04:46Z,2026-09-28T10:00Z,5.23,Shimla,1.4,4295
2026-09-28T04:46Z,2026-09-28T11:00Z,6.23,Shimla,2.8,4287
2026-09-28T04:46Z,2026-09-28T12:00Z,7.23,Shimla,2.4,4313
2026-09-28T04:46Z,2026-09-28T02:00Z,-2.77,Dehradun,0.1,4286
2026-09-28T04:46Z,2026-09-28T03:00Z,-1.77,Dehradun,0.4,4280
2026-09-28T04:46Z,2026-09-28T04:00Z,-0.77,Dehradun,0.0,4289
2026-09-28T04:46Z,2026-09-28T05:00Z,0.23,Dehradun,0.1,4345
2026-09-28T04:46Z,2026-09-28T06:00Z,1.23,Dehradun,0.2,4361
2026-09-28T04:46Z,2026-09-28T07:00Z,2.23,Dehradun,1.0,4377
2026-09-28T04:46Z,2026-09-28T08:00Z,3.23,Dehradun,0.9,4383
2026-09-28T04:46Z,2026-09-28T09:00Z,4.23,Dehradun,0.8,4382
2026-09-28T04:46Z,2026-09-28T10:00Z,5.23,Dehradun,1.1,4451
2026-09-28T04:46Z,2026-09-28T11:00Z,6.23,Dehradun,1.6,4426
2026-09-28T04:46Z,2026-09-28T12:00Z,7.23,Dehradun,0.2,4419
2026-09-28T04:46Z,2026-09-28T02:00Z,-2.77,Uttarkashi,0.1,4327
2026-09-28T04:46Z,2026-09-28T03:00Z,-1.77,Uttarkashi,0.4,4317
2026-09-28T04:46Z,2026-09-28T04:00Z,-0.77,Uttarkashi,0.1,4339
2026-09-28T04:46Z,2026-09-28T05:00Z,0.23,Uttarkashi,0.2,4349
2026-09-28T04:46Z,2026-09-28T06:00Z,1.23,Uttarkashi,0.1,4383
2026-09-28T04:46Z,2026-09-28T07:00Z,2.23,Uttarkashi,0.2,4404
2026-09-28T04:46Z,2026-09-28T08:00Z,3.23,Uttarkashi,1.0,4397
2026-09-28T04:46Z,2026-09-28T09:00Z,4.23,Uttarkashi,1.0,4394
2026-09-28T04:46Z,2026-09-28T10:00Z,5.23,Uttarkashi,0.7,4417
2026-09-28T04:46Z,2026-09-28T11:00Z,6.23,Uttarkashi,0.9,4396
2026-09-28T04:46Z,2026-09-28T12:00Z,7.23,Uttarkashi,0.4,4416
2026-09-28T04:46Z,2026-09-28T02:00Z,-2.77,Joshimath,0.0,4280
2026-09-28T04:46Z,2026-09-28T03:00Z,-1.77,Joshimath,0.0,4303
2026-09-28T04:46Z,2026-09-28T04:00Z,-0.77,Joshimath,0.0,4302
2026-09-28T04:46Z,2026-09-28T05:00Z,0.23,Joshimath,0.0,4312
2026-09-28T04:46Z,2026-09-28T06:00Z,1.23,Joshimath,0.0,4339
2026-09-28T04:46Z,2026-09-28T07:00Z,2.23,Joshimath,0.2,4348
2026-09-28T04:46Z,2026-09-28T08:00Z,3.23,Joshimath,0.3,4370
2026-09-28T04:46Z,2026-09-28T09:00Z,4.23,Joshimath,0.3,4372
2026-09-28T04:46Z,2026-09-28T10:00Z,5.23,Joshimath,0.4,4357
2026-09-28T04:46Z,2026-09-28T11:00Z,6.23,Joshimath,0.3,4384
2026-09-28T04:46Z,2026-09-28T12:00Z,7.23,Joshimath,0.0,4358
2026-09-28T04:46Z,2026-09-28T02:00Z,-2.77,Bhimtal,0.0,4293
2026-09-28T04:46Z,2026-09-28T03:00Z,-1.77,Bhimtal,0.0,4266
2026-09-28T04:46Z,2026-09-28T04:00Z,-0.77,Bhimtal,0.0,4364
2026-09-28T04:46Z,2026-09-28T05:00Z,0.23,Bhimtal,0.1,4339
2026-09-28T04:46Z,2026-09-28T06:00Z,1.23,Bhimtal,0.0,4395
2026-09-28T04:46Z,2026-09-28T07:00Z,2.23,Bhimtal,0.0,4422
2026-09-28T04:46Z,2026-09-28T08:00Z,3.23,Bhimtal,0.1,4505
2026-09-28T04:46Z,2026-09-28T09:00Z,4.23,Bhimtal,0.1,4557
2026-09-28T04:46Z,2026-09-28T10:00Z,5.23,Bhimtal,0.1,4608
2026-09-28T04:46Z,2026-09-28T11:00Z,6.23,Bhimtal,0.1,4645
2026-09-28T04:46Z,2026-09-28T12:00Z,7.23,Bhimtal,0.0,4654
2026-09-28T04:46Z,2026-09-28T02:00Z,-2.77,Pithoragarh,0.0,4234
2026-09-28T04:46Z,2026-09-28T03:00Z,-1.77,Pithoragarh,0.0,4255
2026-09-28T04:46Z,2026-09-28T04:00Z,-0.77,Pithoragarh,0.0,4271
2026-09-28T04:46Z,2026-09-28T05:00Z,0.23,Pithoragarh,0.0,4281
2026-09-28T04:46Z,2026-09-28T06:00Z,1.23,Pithoragarh,0.0,4353
2026-09-28T04:46Z,2026-09-28T07:00Z,2.23,Pithoragarh,0.0,4366
2026-09-28T04:46Z,2026-09-28T08:00Z,3.23,Pithoragarh,0.0,4431
2026-09-28T04:46Z,2026-09-28T09:00Z,4.23,Pithoragarh,0.1,4460
2026-09-28T04:46Z,2026-09-28T10:00Z,5.23,Pithoragarh,0.2,4494
2026-09-28T04:46Z,2026-09-28T11:00Z,6.23,Pithoragarh,0.1,4524
2026-09-28T04:46Z,2026-09-28T12:00Z,7.23,Pithoragarh,0.0,4517
2026-09-28T04:46Z,2026-09-28T02:00Z,-2.77,Jumla,0.0,4569
2026-09-28T04:46Z,2026-09-28T03:00Z,-1.77,Jumla,0.0,4543
2026-09-28T04:46Z,2026-09-28T04:00Z,-0.77,Jumla,0.0,4518
2026-09-28T04:46Z,2026-09-28T05:00Z,0.23,Jumla,0.1,4519
2026-09-28T04:46Z,2026-09-28T06:00Z,1.23,Jumla,0.1,4477
2026-09-28T04:46Z,2026-09-28T07:00Z,2.23,Jumla,0.2,4498
2026-09-28T04:46Z,2026-09-28T08:00Z,3.23,Jumla,0.2,4529
2026-09-28T04:46Z,2026-09-28T09:00Z,4.23,Jumla,0.4,4536
2026-09-28T04:46Z,2026-09-28T10:00Z,5.23,Jumla,0.3,4555
2026-09-28T04:46Z,2026-09-28T11:00Z,6.23,Jumla,0.1,4657
2026-09-28T04:46Z,2026-09-28T12:00Z,7.23,Jumla,0.0,4626
2026-09-28T04:46Z,2026-09-28T02:00Z,-2.77,Jomsom,0.0,4649
2026-09-28T04:46Z,2026-09-28T03:00Z,-1.77,Jomsom,0.0,4709
2026-09-28T04:46Z,2026-09-28T04:00Z,-0.77,Jomsom,0.0,4730
2026-09-28T04:46Z,2026-09-28T05:00Z,0.23,Jomsom,0.0,4733
2026-09-28T04:46Z,2026-09-28T06:00Z,1.23,Jomsom,0.1,4757
2026-09-28T04:46Z,2026-09-28T07:00Z,2.23,Jomsom,0.1,4746
2026-09-28T04:46Z,2026-09-28T08:00Z,3.23,Jomsom,0.1,4773
2026-09-28T04:46Z,2026-09-28T09:00Z,4.23,Jomsom,0.1,4821
2026-09-28T04:46Z,2026-09-28T10:00Z,5.23,Jomsom,0.0,4819
2026-09-28T04:46Z,2026-09-28T11:00Z,6.23,Jomsom,0.0,4821
2026-09-28T04:46Z,2026-09-28T12:00Z,7.23,Jomsom,0.0,4781
2026-09-28T04:46Z,2026-09-28T02:00Z,-2.77,Pokhara,0.0,4799
2026-09-28T04:46Z,2026-09-28T03:00Z,-1.77,Pokhara,0.0,4808
2026-09-28T04:46Z,2026-09-28T04:00Z,-0.77,Pokhara,0.0,4762
2026-09-28T04:46Z,2026-09-28T05:00Z,0.23,Pokhara,0.0,4763
2026-09-28T04:46Z,2026-09-28T06:00Z,1.23,Pokhara,0.0,4800
2026-09-28T04:46Z,2026-09-28T07:00Z,2.23,Pokhara,0.0,4796
2026-09-28T04:46Z,2026-09-28T08:00Z,3.23,Pokhara,0.0,4736
2026-09-28T04:46Z,2026-09-28T09:00Z,4.23,Pokhara,0.0,4702
2026-09-28T04:46Z,2026-09-28T10:00Z,5.23,Pokhara,0.0,4702
2026-09-28T04:46Z,2026-09-28T11:00Z,6.23,Pokhara,0.0,4731
2026-09-28T04:46Z,2026-09-28T12:00Z,7.23,Pokhara,0.0,4750
2026-09-28T04:46Z,2026-09-28T02:00Z,-2.77,Kathmandu,0.0,5021
2026-09-28T04:46Z,2026-09-28T03:00Z,-1.77,Kathmandu,0.0,5032
2026-09-28T04:46Z,2026-09-28T04:00Z,-0.77,Kathmandu,0.0,5059
2026-09-28T04:46Z,2026-09-28T05:00Z,0.23,Kathmandu,0.0,5061
2026-09-28T04:46Z,2026-09-28T06:00Z,1.23,Kathmandu,0.2,5058
2026-09-28T04:46Z,2026-09-28T07:00Z,2.23,Kathmandu,0.3,5045
2026-09-28T04:46Z,2026-09-28T08:00Z,3.23,Kathmandu,0.3,5031
2026-09-28T04:46Z,2026-09-28T09:00Z,4.23,Kathmandu,0.2,5016
2026-09-28T04:46Z,2026-09-28T10:00Z,5.23,Kathmandu,0.2,5012
2026-09-28T04:46Z,2026-09-28T11:00Z,6.23,Kathmandu,0.0,4972
2026-09-28T04:46Z,2026-09-28T12:00Z,7.23,Kathmandu,0.0,5058
2026-09-28T04:46Z,2026-09-28T02:00Z,-2.77,Namche Bazaar,0.0,4913
2026-09-28T04:46Z,2026-09-28T03:00Z,-1.77,Namche Bazaar,0.0,4935
2026-09-28T04:46Z,2026-09-28T04:00Z,-0.77,Namche Bazaar,0.0,4995
2026-09-28T04:46Z,2026-09-28T05:00Z,0.23,Namche Bazaar,0.0,5063
2026-09-28T04:46Z,2026-09-28T06:00Z,1.23,Namche Bazaar,0.1,5118
2026-09-28T04:46Z,2026-09-28T07:00Z,2.23,Namche Bazaar,0.2,5140
2026-09-28T04:46Z,2026-09-28T08:00Z,3.23,Namche Bazaar,0.3,5177
2026-09-28T04:46Z,2026-09-28T09:00Z,4.23,Namche Bazaar,0.1,5118
2026-09-28T04:46Z,2026-09-28T10:00Z,5.23,Namche Bazaar,0.0,5106
2026-09-28T04:46Z,2026-09-28T11:00Z,6.23,Namche Bazaar,0.0,5112
2026-09-28T04:46Z,2026-09-28T12:00Z,7.23,Namche Bazaar,0.0,5126
2026-09-28T04:46Z,2026-09-28T02:00Z,-2.77,Darjeeling,0.0,5251
2026-09-28T04:46Z,2026-09-28T03:00Z,-1.77,Darjeeling,0.0,5229
2026-09-28T04:46Z,2026-09-28T04:00Z,-0.77,Darjeeling,0.0,5213
2026-09-28T04:46Z,2026-09-28T05:00Z,0.23,Darjeeling,0.0,5229
2026-09-28T04:46Z,2026-09-28T06:00Z,1.23,Darjeeling,0.0,5209
2026-09-28T04:46Z,2026-09-28T07:00Z,2.23,Darjeeling,0.1,5207
2026-09-28T04:46Z,2026-09-28T08:00Z,3.23,Darjeeling,0.1,5212
2026-09-28T04:46Z,2026-09-28T09:00Z,4.23,Darjeeling,0.1,5174
2026-09-28T04:46Z,2026-09-28T10:00Z,5.23,Darjeeling,0.0,5121
2026-09-28T04:46Z,2026-09-28T11:00Z,6.23,Darjeeling,0.0,5186
2026-09-28T04:46Z,2026-09-28T12:00Z,7.23,Darjeeling,0.0,5206
2026-09-28T04:46Z,2026-09-28T02:00Z,-2.77,Gangtok,0.0,5307
2026-09-28T04:46Z,2026-09-28T03:00Z,-1.77,Gangtok,0.0,5289
2026-09-28T04:46Z,2026-09-28T04:00Z,-0.77,Gangtok,0.0,5244
2026-09-28T04:46Z,2026-09-28T05:00Z,0.23,Gangtok,0.0,5251
2026-09-28T04:46Z,2026-09-28T06:00Z,1.23,Gangtok,0.1,5244
2026-09-28T04:46Z,2026-09-28T07:00Z,2.23,Gangtok,0.3,5201
2026-09-28T04:46Z,2026-09-28T08:00Z,3.23,Gangtok,0.3,5221
2026-09-28T04:46Z,2026-09-28T09:00Z,4.23,Gangtok,0.3,5127
2026-09-28T04:46Z,2026-09-28T10:00Z,5.23,Gangtok,0.1,5017
2026-09-28T04:46Z,2026-09-28T11:00Z,6.23,Gangtok,0.1,5182
2026-09-28T04:46Z,2026-09-28T12:00Z,7.23,Gangtok,0.0,5217
2026-09-28T04:46Z,2026-09-28T02:00Z,-2.77,Thimphu,0.0,5188
2026-09-28T04:46Z,2026-09-28T03:00Z,-1.77,Thimphu,0.0,5201
2026-09-28T04:46Z,2026-09-28T04:00Z,-0.77,Thimphu,0.0,5187
2026-09-28T04:46Z,2026-09-28T05:00Z,0.23,Thimphu,0.0,5181
2026-09-28T04:46Z,2026-09-28T06:00Z,1.23,Thimphu,0.0,5193
2026-09-28T04:46Z,2026-09-28T07:00Z,2.23,Thimphu,0.0,5049
2026-09-28T04:46Z,2026-09-28T08:00Z,3.23,Thimphu,0.0,4981
2026-09-28T04:46Z,2026-09-28T09:00Z,4.23,Thimphu,0.1,4977
2026-09-28T04:46Z,2026-09-28T10:00Z,5.23,Thimphu,0.0,5001
2026-09-28T04:46Z,2026-09-28T11:00Z,6.23,Thimphu,0.0,5047
2026-09-28T04:46Z,2026-09-28T12:00Z,7.23,Thimphu,0.0,5205
2026-09-28T04:46Z,2026-09-28T02:00Z,-2.77,Tawang,0.0,5355
2026-09-28T04:46Z,2026-09-28T03:00Z,-1.77,Tawang,0.0,5377
2026-09-28T04:46Z,2026-09-28T04:00Z,-0.77,Tawang,0.0,5383
2026-09-28T04:46Z,2026-09-28T05:00Z,0.23,Tawang,0.1,5330
2026-09-28T04:46Z,2026-09-28T06:00Z,1.23,Tawang,0.2,5313
2026-09-28T04:46Z,2026-09-28T07:00Z,2.23,Tawang,0.3,5190
2026-09-28T04:46Z,2026-09-28T08:00Z,3.23,Tawang,0.3,5141
2026-09-28T04:46Z,2026-09-28T09:00Z,4.23,Tawang,0.3,5222
2026-09-28T04:46Z,2026-09-28T10:00Z,5.23,Tawang,0.2,5163
2026-09-28T04:46Z,2026-09-28T11:00Z,6.23,Tawang,0.0,5298
2026-09-28T04:46Z,2026-09-28T12:00Z,7.23,Tawang,0.1,5312
2026-09-28T04:46Z,2026-09-28T02:00Z,-2.77,Lhasa,0.0,5206
2026-09-28T04:46Z,2026-09-28T03:00Z,-1.77,Lhasa,0.0,5220
2026-09-28T04:46Z,2026-09-28T04:00Z,-0.77,Lhasa,0.0,5288
2026-09-28T04:46Z,2026-09-28T05:00Z,0.23,Lhasa,0.0,5352
2026-09-28T04:46Z,2026-09-28T06:00Z,1.23,Lhasa,0.0,5470
2026-09-28T04:46Z,2026-09-28T07:00Z,2.23,Lhasa,0.0,5512
2026-09-28T04:46Z,2026-09-28T08:00Z,3.23,Lhasa,0.0,5601
2026-09-28T04:46Z,2026-09-28T09:00Z,4.23,Lhasa,0.0,5689
2026-09-28T04:46Z,2026-09-28T10:00Z,5.23,Lhasa,0.0,5729
2026-09-28T04:46Z,2026-09-28T11:00Z,6.23,Lhasa,0.0,5747
2026-09-28T04:46Z,2026-09-28T12:00Z,7.23,Lhasa,0.0,5725
2026-09-28T04:46Z,2026-09-28T02:00Z,-2.77,Shigatse,0.0,5054
2026-09-28T04:46Z,2026-09-28T03:00Z,-1.77,Shigatse,0.0,5079
2026-09-28T04:46Z,2026-09-28T04:00Z,-0.77,Shigatse,0.0,5158
2026-09-28T04:46Z,2026-09-28T05:00Z,0.23,Shigatse,0.0,5204
2026-09-28T04:46Z,2026-09-28T06:00Z,1.23,Shigatse,0.0,5304
2026-09-28T04:46Z,2026-09-28T07:00Z,2.23,Shigatse,0.0,5401
2026-09-28T04:46Z,2026-09-28T08:00Z,3.23,Shigatse,0.0,5473
2026-09-28T04:46Z,2026-09-28T09:00Z,4.23,Shigatse,0.0,5543
2026-09-28T04:46Z,2026-09-28T10:00Z,5.23,Shigatse,0.0,5585
2026-09-28T04:46Z,2026-09-28T11:00Z,6.23,Shigatse,0.0,5602
2026-09-28T04:46Z,2026-09-28T12:00Z,7.23,Shigatse,0.0,5609
2026-09-28T04:46Z,2026-09-28T02:00Z,-2.77,Itanagar,0.1,5463
2026-09-28T04:46Z,2026-09-28T03:00Z,-1.77,Itanagar,0.0,5515
2026-09-28T04:46Z,2026-09-28T04:00Z,-0.77,Itanagar,0.1,5562
2026-09-28T04:46Z,2026-09-28T05:00Z,0.23,Itanagar,0.1,5587
2026-09-28T04:46Z,2026-09-28T06:00Z,1.23,Itanagar,0.1,5587
2026-09-28T04:46Z,2026-09-28T07:00Z,2.23,Itanagar,0.1,5593
2026-09-28T04:46Z,2026-09-28T08:00Z,3.23,Itanagar,0.4,5448
2026-09-28T04:46Z,2026-09-28T09:00Z,4.23,Itanagar,0.5,5424
2026-09-28T04:46Z,2026-09-28T10:00Z,5.23,Itanagar,0.1,5407
2026-09-28T04:46Z,2026-09-28T11:00Z,6.23,Itanagar,0.1,5388
2026-09-28T04:46Z,2026-09-28T12:00Z,7.23,Itanagar,0.1,5419
2026-09-28T04:54Z,2026-09-28T02:00Z,-2.9,Gilgit,0.0,3911
2026-09-28T04:54Z,2026-09-28T03:00Z,-1.9,Gilgit,0.0,3859
2026-09-28T04:54Z,2026-09-28T04:00Z,-0.9,Gilgit,0.0,3838
2026-09-28T04:54Z,2026-09-28T05:00Z,0.1,Gilgit,0.2,3849
2026-09-28T04:54Z,2026-09-28T06:00Z,1.1,Gilgit,0.1,3864
2026-09-28T04:54Z,2026-09-28T07:00Z,2.1,Gilgit,0.0,3977
2026-09-28T04:54Z,2026-09-28T08:00Z,3.1,Gilgit,0.1,3996
2026-09-28T04:54Z,2026-09-28T09:00Z,4.1,Gilgit,0.2,4032
2026-09-28T04:54Z,2026-09-28T10:00Z,5.1,Gilgit,0.3,4034
2026-09-28T04:54Z,2026-09-28T11:00Z,6.1,Gilgit,0.0,4035
2026-09-28T04:54Z,2026-09-28T12:00Z,7.1,Gilgit,0.3,3986
2026-09-28T04:54Z,2026-09-28T02:00Z,-2.9,Skardu,0.0,4060
2026-09-28T04:54Z,2026-09-28T03:00Z,-1.9,Skardu,0.0,4161
2026-09-28T04:54Z,2026-09-28T04:00Z,-0.9,Skardu,0.0,4172
2026-09-28T04:54Z,2026-09-28T05:00Z,0.1,Skardu,0.0,4172
2026-09-28T04:54Z,2026-09-28T06:00Z,1.1,Skardu,0.0,4208
2026-09-28T04:54Z,2026-09-28T07:00Z,2.1,Skardu,0.0,4229
2026-09-28T04:54Z,2026-09-28T08:00Z,3.1,Skardu,0.1,4217
2026-09-28T04:54Z,2026-09-28T09:00Z,4.1,Skardu,0.1,4240
2026-09-28T04:54Z,2026-09-28T10:00Z,5.1,Skardu,0.2,4239
2026-09-28T04:54Z,2026-09-28T11:00Z,6.1,Skardu,0.2,4193
2026-09-28T04:54Z,2026-09-28T12:00Z,7.1,Skardu,0.1,4169
2026-09-28T04:54Z,2026-09-28T02:00Z,-2.9,Srinagar,0.0,4012
2026-09-28T04:54Z,2026-09-28T03:00Z,-1.9,Srinagar,0.0,4008
2026-09-28T04:54Z,2026-09-28T04:00Z,-0.9,Srinagar,0.0,3988
2026-09-28T04:54Z,2026-09-28T05:00Z,0.1,Srinagar,0.0,3970
2026-09-28T04:54Z,2026-09-28T06:00Z,1.1,Srinagar,0.1,3999
2026-09-28T04:54Z,2026-09-28T07:00Z,2.1,Srinagar,0.1,3981
2026-09-28T04:54Z,2026-09-28T08:00Z,3.1,Srinagar,0.5,3990
2026-09-28T04:54Z,2026-09-28T09:00Z,4.1,Srinagar,0.1,3981
2026-09-28T04:54Z,2026-09-28T10:00Z,5.1,Srinagar,0.5,3966
2026-09-28T04:54Z,2026-09-28T11:00Z,6.1,Srinagar,0.2,3997
2026-09-28T04:54Z,2026-09-28T12:00Z,7.1,Srinagar,0.1,3995
2026-09-28T04:54Z,2026-09-28T02:00Z,-2.9,Leh,0.0,4213
2026-09-28T04:54Z,2026-09-28T03:00Z,-1.9,Leh,0.0,4250
2026-09-28T04:54Z,2026-09-28T04:00Z,-0.9,Leh,0.0,4385
2026-09-28T04:54Z,2026-09-28T05:00Z,0.1,Leh,0.1,4491
2026-09-28T04:54Z,2026-09-28T06:00Z,1.1,Leh,0.1,4533
2026-09-28T04:54Z,2026-09-28T07:00Z,2.1,Leh,0.1,4547
2026-09-28T04:54Z,2026-09-28T08:00Z,3.1,Leh,0.1,4584
2026-09-28T04:54Z,2026-09-28T09:00Z,4.1,Leh,0.1,4622
2026-09-28T04:54Z,2026-09-28T10:00Z,5.1,Leh,0.1,4642
2026-09-28T04:54Z,2026-09-28T11:00Z,6.1,Leh,0.1,4628
2026-09-28T04:54Z,2026-09-28T12:00Z,7.1,Leh,0.1,4623
2026-09-28T04:54Z,2026-09-28T02:00Z,-2.9,Jammu,0.1,4032
2026-09-28T04:54Z,2026-09-28T03:00Z,-1.9,Jammu,0.1,4051
2026-09-28T04:54Z,2026-09-28T04:00Z,-0.9,Jammu,0.1,4084
2026-09-28T04:54Z,2026-09-28T05:00Z,0.1,Jammu,0.0,4044
2026-09-28T04:54Z,2026-09-28T06:00Z,1.1,Jammu,0.0,4022
2026-09-28T04:54Z,2026-09-28T07:00Z,2.1,Jammu,0.0,4059
2026-09-28T04:54Z,2026-09-28T08:00Z,3.1,Jammu,0.0,4129
2026-09-28T04:54Z,2026-09-28T09:00Z,4.1,Jammu,0.0,4084
2026-09-28T04:54Z,2026-09-28T10:00Z,5.1,Jammu,0.0,4002
2026-09-28T04:54Z,2026-09-28T11:00Z,6.1,Jammu,0.0,4119
2026-09-28T04:54Z,2026-09-28T12:00Z,7.1,Jammu,0.0,3957
2026-09-28T04:54Z,2026-09-28T02:00Z,-2.9,Dharamshala,0.0,4128
2026-09-28T04:54Z,2026-09-28T03:00Z,-1.9,Dharamshala,0.0,4116
2026-09-28T04:54Z,2026-09-28T04:00Z,-0.9,Dharamshala,0.1,4133
2026-09-28T04:54Z,2026-09-28T05:00Z,0.1,Dharamshala,0.3,4074
2026-09-28T04:54Z,2026-09-28T06:00Z,1.1,Dharamshala,1.1,4109
2026-09-28T04:54Z,2026-09-28T07:00Z,2.1,Dharamshala,0.5,4134
2026-09-28T04:54Z,2026-09-28T08:00Z,3.1,Dharamshala,0.4,4175
2026-09-28T04:54Z,2026-09-28T09:00Z,4.1,Dharamshala,0.4,4158
2026-09-28T04:54Z,2026-09-28T10:00Z,5.1,Dharamshala,0.4,4131
2026-09-28T04:54Z,2026-09-28T11:00Z,6.1,Dharamshala,0.1,4141
2026-09-28T04:54Z,2026-09-28T12:00Z,7.1,Dharamshala,0.1,4166
2026-09-28T04:54Z,2026-09-28T02:00Z,-2.9,Manali,0.0,4185
2026-09-28T04:54Z,2026-09-28T03:00Z,-1.9,Manali,0.4,4201
2026-09-28T04:54Z,2026-09-28T04:00Z,-0.9,Manali,0.8,4231
2026-09-28T04:54Z,2026-09-28T05:00Z,0.1,Manali,0.7,4203
2026-09-28T04:54Z,2026-09-28T06:00Z,1.1,Manali,0.8,4160
2026-09-28T04:54Z,2026-09-28T07:00Z,2.1,Manali,1.2,4197
2026-09-28T04:54Z,2026-09-28T08:00Z,3.1,Manali,1.1,4238
2026-09-28T04:54Z,2026-09-28T09:00Z,4.1,Manali,1.4,4255
2026-09-28T04:54Z,2026-09-28T10:00Z,5.1,Manali,0.5,4228
2026-09-28T04:54Z,2026-09-28T11:00Z,6.1,Manali,0.4,4266
2026-09-28T04:54Z,2026-09-28T12:00Z,7.1,Manali,0.7,4225
2026-09-28T04:54Z,2026-09-28T02:00Z,-2.9,Kaza,0.0,4386
2026-09-28T04:54Z,2026-09-28T03:00Z,-1.9,Kaza,0.1,4523
2026-09-28T04:54Z,2026-09-28T04:00Z,-0.9,Kaza,0.0,4650
2026-09-28T04:54Z,2026-09-28T05:00Z,0.1,Kaza,0.3,4642
2026-09-28T04:54Z,2026-09-28T06:00Z,1.1,Kaza,1.0,4650
2026-09-28T04:54Z,2026-09-28T07:00Z,2.1,Kaza,0.3,4673
2026-09-28T04:54Z,2026-09-28T08:00Z,3.1,Kaza,0.2,4692
2026-09-28T04:54Z,2026-09-28T09:00Z,4.1,Kaza,0.1,4696
2026-09-28T04:54Z,2026-09-28T10:00Z,5.1,Kaza,0.2,4701
2026-09-28T04:54Z,2026-09-28T11:00Z,6.1,Kaza,0.3,4687
2026-09-28T04:54Z,2026-09-28T12:00Z,7.1,Kaza,0.4,4673
2026-09-28T04:54Z,2026-09-28T02:00Z,-2.9,Shimla,0.3,4235
2026-09-28T04:54Z,2026-09-28T03:00Z,-1.9,Shimla,0.0,4253
2026-09-28T04:54Z,2026-09-28T04:00Z,-0.9,Shimla,0.1,4185
2026-09-28T04:54Z,2026-09-28T05:00Z,0.1,Shimla,0.2,4228
2026-09-28T04:54Z,2026-09-28T06:00Z,1.1,Shimla,0.3,4238
2026-09-28T04:54Z,2026-09-28T07:00Z,2.1,Shimla,0.3,4279
2026-09-28T04:54Z,2026-09-28T08:00Z,3.1,Shimla,0.4,4287
2026-09-28T04:54Z,2026-09-28T09:00Z,4.1,Shimla,0.4,4303
2026-09-28T04:54Z,2026-09-28T10:00Z,5.1,Shimla,1.4,4295
2026-09-28T04:54Z,2026-09-28T11:00Z,6.1,Shimla,2.8,4287
2026-09-28T04:54Z,2026-09-28T12:00Z,7.1,Shimla,2.4,4313
2026-09-28T04:54Z,2026-09-28T02:00Z,-2.9,Dehradun,0.1,4286
2026-09-28T04:54Z,2026-09-28T03:00Z,-1.9,Dehradun,0.4,4280
2026-09-28T04:54Z,2026-09-28T04:00Z,-0.9,Dehradun,0.0,4289
2026-09-28T04:54Z,2026-09-28T05:00Z,0.1,Dehradun,0.1,4345
2026-09-28T04:54Z,2026-09-28T06:00Z,1.1,Dehradun,0.2,4361
2026-09-28T04:54Z,2026-09-28T07:00Z,2.1,Dehradun,1.0,4377
2026-09-28T04:54Z,2026-09-28T08:00Z,3.1,Dehradun,0.9,4383
2026-09-28T04:54Z,2026-09-28T09:00Z,4.1,Dehradun,0.8,4382
2026-09-28T04:54Z,2026-09-28T10:00Z,5.1,Dehradun,1.1,4451
2026-09-28T04:54Z,2026-09-28T11:00Z,6.1,Dehradun,1.6,4426
2026-09-28T04:54Z,2026-09-28T12:00Z,7.1,Dehradun,0.2,4419
2026-09-28T04:54Z,2026-09-28T02:00Z,-2.9,Uttarkashi,0.1,4327
2026-09-28T04:54Z,2026-09-28T03:00Z,-1.9,Uttarkashi,0.4,4317
2026-09-28T04:54Z,2026-09-28T04:00Z,-0.9,Uttarkashi,0.1,4339
2026-09-28T04:54Z,2026-09-28T05:00Z,0.1,Uttarkashi,0.2,4349
2026-09-28T04:54Z,2026-09-28T06:00Z,1.1,Uttarkashi,0.1,4383
2026-09-28T04:54Z,2026-09-28T07:00Z,2.1,Uttarkashi,0.2,4404
2026-09-28T04:54Z,2026-09-28T08:00Z,3.1,Uttarkashi,1.0,4397
2026-09-28T04:54Z,2026-09-28T09:00Z,4.1,Uttarkashi,1.0,4394
2026-09-28T04:54Z,2026-09-28T10:00Z,5.1,Uttarkashi,0.7,4417
2026-09-28T04:54Z,2026-09-28T11:00Z,6.1,Uttarkashi,0.9,4396
2026-09-28T04:54Z,2026-09-28T12:00Z,7.1,Uttarkashi,0.4,4416
2026-09-28T04:54Z,2026-09-28T02:00Z,-2.9,Joshimath,0.0,4280
2026-09-28T04:54Z,2026-09-28T03:00Z,-1.9,Joshimath,0.0,4303
2026-09-28T04:54Z,2026-09-28T04:00Z,-0.9,Joshimath,0.0,4302
2026-09-28T04:54Z,2026-09-28T05:00Z,0.1,Joshimath,0.0,4312
2026-09-28T04:54Z,2026-09-28T06:00Z,1.1,Joshimath,0.0,4339
2026-09-28T04:54Z,2026-09-28T07:00Z,2.1,Joshimath,0.2,4348
2026-09-28T04:54Z,2026-09-28T08:00Z,3.1,Joshimath,0.3,4370
2026-09-28T04:54Z,2026-09-28T09:00Z,4.1,Joshimath,0.3,4372
2026-09-28T04:54Z,2026-09-28T10:00Z,5.1,Joshimath,0.4,4357
2026-09-28T04:54Z,2026-09-28T11:00Z,6.1,Joshimath,0.3,4384
2026-09-28T04:54Z,2026-09-28T12:00Z,7.1,Joshimath,0.0,4358
2026-09-28T04:54Z,2026-09-28T02:00Z,-2.9,Bhimtal,0.0,4293
2026-09-28T04:54Z,2026-09-28T03:00Z,-1.9,Bhimtal,0.0,4266
2026-09-28T04:54Z,2026-09-28T04:00Z,-0.9,Bhimtal,0.0,4364
2026-09-28T04:54Z,2026-09-28T05:00Z,0.1,Bhimtal,0.1,4339
2026-09-28T04:54Z,2026-09-28T06:00Z,1.1,Bhimtal,0.0,4395
2026-09-28T04:54Z,2026-09-28T07:00Z,2.1,Bhimtal,0.0,4422
2026-09-28T04:54Z,2026-09-28T08:00Z,3.1,Bhimtal,0.1,4505
2026-09-28T04:54Z,2026-09-28T09:00Z,4.1,Bhimtal,0.1,4557
2026-09-28T04:54Z,2026-09-28T10:00Z,5.1,Bhimtal,0.1,4608
2026-09-28T04:54Z,2026-09-28T11:00Z,6.1,Bhimtal,0.1,4645
2026-09-28T04:54Z,2026-09-28T12:00Z,7.1,Bhimtal,0.0,4654
2026-09-28T04:54Z,2026-09-28T02:00Z,-2.9,Pithoragarh,0.0,4234
2026-09-28T04:54Z,2026-09-28T03:00Z,-1.9,Pithoragarh,0.0,4255
2026-09-28T04:54Z,2026-09-28T04:00Z,-0.9,Pithoragarh,0.0,4271
2026-09-28T04:54Z,2026-09-28T05:00Z,0.1,Pithoragarh,0.0,4281
2026-09-28T04:54Z,2026-09-28T06:00Z,1.1,Pithoragarh,0.0,4353
2026-09-28T04:54Z,2026-09-28T07:00Z,2.1,Pithoragarh,0.0,4366
2026-09-28T04:54Z,2026-09-28T08:00Z,3.1,Pithoragarh,0.0,4431
2026-09-28T04:54Z,2026-09-28T09:00Z,4.1,Pithoragarh,0.1,4460
2026-09-28T04:54Z,2026-09-28T10:00Z,5.1,Pithoragarh,0.2,4494
2026-09-28T04:54Z,2026-09-28T11:00Z,6.1,Pithoragarh,0.1,4524
2026-09-28T04:54Z,2026-09-28T12:00Z,7.1,Pithoragarh,0.0,4517
2026-09-28T04:54Z,2026-09-28T02:00Z,-2.9,Jumla,0.0,4569
2026-09-28T04:54Z,2026-09-28T03:00Z,-1.9,Jumla,0.0,4543
2026-09-28T04:54Z,2026-09-28T04:00Z,-0.9,Jumla,0.0,4518
2026-09-28T04:54Z,2026-09-28T05:00Z,0.1,Jumla,0.1,4519
2026-09-28T04:54Z,2026-09-28T06:00Z,1.1,Jumla,0.1,4477
2026-09-28T04:54Z,2026-09-28T07:00Z,2.1,Jumla,0.2,4498
2026-09-28T04:54Z,2026-09-28T08:00Z,3.1,Jumla,0.2,4529
2026-09-28T04:54Z,2026-09-28T09:00Z,4.1,Jumla,0.4,4536
2026-09-28T04:54Z,2026-09-28T10:00Z,5.1,Jumla,0.3,4555
2026-09-28T04:54Z,2026-09-28T11:00Z,6.1,Jumla,0.1,4657
2026-09-28T04:54Z,2026-09-28T12:00Z,7.1,Jumla,0.0,4626
2026-09-28T04:54Z,2026-09-28T02:00Z,-2.9,Jomsom,0.0,4649
2026-09-28T04:54Z,2026-09-28T03:00Z,-1.9,Jomsom,0.0,4709
2026-09-28T04:54Z,2026-09-28T04:00Z,-0.9,Jomsom,0.0,4730
2026-09-28T04:54Z,2026-09-28T05:00Z,0.1,Jomsom,0.0,4733
2026-09-28T04:54Z,2026-09-28T06:00Z,1.1,Jomsom,0.1,4757
2026-09-28T04:54Z,2026-09-28T07:00Z,2.1,Jomsom,0.1,4746
2026-09-28T04:54Z,2026-09-28T08:00Z,3.1,Jomsom,0.1,4773
2026-09-28T04:54Z,2026-09-28T09:00Z,4.1,Jomsom,0.1,4821
2026-09-28T04:54Z,2026-09-28T10:00Z,5.1,Jomsom,0.0,4819
2026-09-28T04:54Z,2026-09-28T11:00Z,6.1,Jomsom,0.0,4821
2026-09-28T04:54Z,2026-09-28T12:00Z,7.1,Jomsom,0.0,4781
2026-09-28T04:54Z,2026-09-28T02:00Z,-2.9,Pokhara,0.0,4799
2026-09-28T04:54Z,2026-09-28T03:00Z,-1.9,Pokhara,0.0,4808
2026-09-28T04:54Z,2026-09-28T04:00Z,-0.9,Pokhara,0.0,4762
2026-09-28T04:54Z,2026-09-28T05:00Z,0.1,Pokhara,0.0,4763
2026-09-28T04:54Z,2026-09-28T06:00Z,1.1,Pokhara,0.0,4800
2026-09-28T04:54Z,2026-09-28T07:00Z,2.1,Pokhara,0.0,4796
2026-09-28T04:54Z,2026-09-28T08:00Z,3.1,Pokhara,0.0,4736
2026-09-28T04:54Z,2026-09-28T09:00Z,4.1,Pokhara,0.0,4702
2026-09-28T04:54Z,2026-09-28T10:00Z,5.1,Pokhara,0.0,4702
2026-09-28T04:54Z,2026-09-28T11:00Z,6.1,Pokhara,0.0,4731
2026-09-28T04:54Z,2026-09-28T12:00Z,7.1,Pokhara,0.0,4750
2026-09-28T04:54Z,2026-09-28T02:00Z,-2.9,Kathmandu,0.0,5021
2026-09-28T04:54Z,2026-09-28T03:00Z,-1.9,Kathmandu,0.0,5032
2026-09-28T04:54Z,2026-09-28T04:00Z,-0.9,Kathmandu,0.0,5059
2026-09-28T04:54Z,2026-09-28T05:00Z,0.1,Kathmandu,0.0,5061
2026-09-28T04:54Z,2026-09-28T06:00Z,1.1,Kathmandu,0.2,5058
2026-09-28T04:54Z,2026-09-28T07:00Z,2.1,Kathmandu,0.3,5045
2026-09-28T04:54Z,2026-09-28T08:00Z,3.1,Kathmandu,0.3,5031
2026-09-28T04:54Z,2026-09-28T09:00Z,4.1,Kathmandu,0.2,5016
2026-09-28T04:54Z,2026-09-28T10:00Z,5.1,Kathmandu,0.2,5012
2026-09-28T04:54Z,2026-09-28T11:00Z,6.1,Kathmandu,0.0,4972
2026-09-28T04:54Z,2026-09-28T12:00Z,7.1,Kathmandu,0.0,5058
2026-09-28T04:54Z,2026-09-28T02:00Z,-2.9,Namche Bazaar,0.0,4913
2026-09-28T04:54Z,2026-09-28T03:00Z,-1.9,Namche Bazaar,0.0,4935
2026-09-28T04:54Z,2026-09-28T04:00Z,-0.9,Namche Bazaar,0.0,4995
2026-09-28T04:54Z,2026-09-28T05:00Z,0.1,Namche Bazaar,0.0,5063
2026-09-28T04:54Z,2026-09-28T06:00Z,1.1,Namche Bazaar,0.1,5118
2026-09-28T04:54Z,2026-09-28T07:00Z,2.1,Namche Bazaar,0.2,5140
2026-09-28T04:54Z,2026-09-28T08:00Z,3.1,Namche Bazaar,0.3,5177
2026-09-28T04:54Z,2026-09-28T09:00Z,4.1,Namche Bazaar,0.1,5118
2026-09-28T04:54Z,2026-09-28T10:00Z,5.1,Namche Bazaar,0.0,5106
2026-09-28T04:54Z,2026-09-28T11:00Z,6.1,Namche Bazaar,0.0,5112
2026-09-28T04:54Z,2026-09-28T12:00Z,7.1,Namche Bazaar,0.0,5126
2026-09-28T04:54Z,2026-09-28T02:00Z,-2.9,Darjeeling,0.0,5251
2026-09-28T04:54Z,2026-09-28T03:00Z,-1.9,Darjeeling,0.0,5229
2026-09-28T04:54Z,2026-09-28T04:00Z,-0.9,Darjeeling,0.0,5213
2026-09-28T04:54Z,2026-09-28T05:00Z,0.1,Darjeeling,0.0,5229
2026-09-28T04:54Z,2026-09-28T06:00Z,1.1,Darjeeling,0.0,5209
2026-09-28T04:54Z,2026-09-28T07:00Z,2.1,Darjeeling,0.1,5207
2026-09-28T04:54Z,2026-09-28T08:00Z,3.1,Darjeeling,0.1,5212
2026-09-28T04:54Z,2026-09-28T09:00Z,4.1,Darjeeling,0.1,5174
2026-09-28T04:54Z,2026-09-28T10:00Z,5.1,Darjeeling,0.0,5121
2026-09-28T04:54Z,2026-09-28T11:00Z,6.1,Darjeeling,0.0,5186
2026-09-28T04:54Z,2026-09-28T12:00Z,7.1,Darjeeling,0.0,5206
2026-09-28T04:54Z,2026-09-28T02:00Z,-2.9,Gangtok,0.0,5307
2026-09-28T04:54Z,2026-09-28T03:00Z,-1.9,Gangtok,0.0,5289
2026-09-28T04:54Z,2026-09-28T04:00Z,-0.9,Gangtok,0.0,5244
2026-09-28T04:54Z,2026-09-28T05:00Z,0.1,Gangtok,0.0,5251
2026-09-28T04:54Z,2026-09-28T06:00Z,1.1,Gangtok,0.1,5244
2026-09-28T04:54Z,2026-09-28T07:00Z,2.1,Gangtok,0.3,5201
2026-09-28T04:54Z,2026-09-28T08:00Z,3.1,Gangtok,0.3,5221
2026-09-28T04:54Z,2026-09-28T09:00Z,4.1,Gangtok,0.3,5127
2026-09-28T04:54Z,2026-09-28T10:00Z,5.1,Gangtok,0.1,5017
2026-09-28T04:54Z,2026-09-28T11:00Z,6.1,Gangtok,0.1,5182
2026-09-28T04:54Z,2026-09-28T12:00Z,7.1,Gangtok,0.0,5217
2026-09-28T04:54Z,2026-09-28T02:00Z,-2.9,Thimphu,0.0,5188
2026-09-28T04:54Z,2026-09-28T03:00Z,-1.9,Thimphu,0.0,5201
2026-09-28T04:54Z,2026-09-28T04:00Z,-0.9,Thimphu,0.0,5187
2026-09-28T04:54Z,2026-09-28T05:00Z,0.1,Thimphu,0.0,5181
2026-09-28T04:54Z,2026-09-28T06:00Z,1.1,Thimphu,0.0,5193
2026-09-28T04:54Z,2026-09-28T07:00Z,2.1,Thimphu,0.0,5049
2026-09-28T04:54Z,2026-09-28T08:00Z,3.1,Thimphu,0.0,4981
2026-09-28T04:54Z,2026-09-28T09:00Z,4.1,Thimphu,0.1,4977
2026-09-28T04:54Z,2026-09-28T10:00Z,5.1,Thimphu,0.0,5001
2026-09-28T04:54Z,2026-09-28T11:00Z,6.1,Thimphu,0.0,5047
2026-09-28T04:54Z,2026-09-28T12:00Z,7.1,Thimphu,0.0,5205
2026-09-28T04:54Z,2026-09-28T02:00Z,-2.9,Tawang,0.0,5355
2026-09-28T04:54Z,2026-09-28T03:00Z,-1.9,Tawang,0.0,5377
2026-09-28T04:54Z,2026-09-28T04:00Z,-0.9,Tawang,0.0,5383
2026-09-28T04:54Z,2026-09-28T05:00Z,0.1,Tawang,0.1,5330
2026-09-28T04:54Z,2026-09-28T06:00Z,1.1,Tawang,0.2,5313
2026-09-28T04:54Z,2026-09-28T07:00Z,2.1,Tawang,0.3,5190
2026-09-28T04:54Z,2026-09-28T08:00Z,3.1,Tawang,0.3,5141
2026-09-28T04:54Z,2026-09-28T09:00Z,4.1,Tawang,0.3,5222
2026-09-28T04:54Z,2026-09-28T10:00Z,5.1,Tawang,0.2,5163
2026-09-28T04:54Z,2026-09-28T11:00Z,6.1,Tawang,0.0,5298
2026-09-28T04:54Z,2026-09-28T12:00Z,7.1,Tawang,0.1,5312
2026-09-28T04:54Z,2026-09-28T02:00Z,-2.9,Lhasa,0.0,5206
2026-09-28T04:54Z,2026-09-28T03:00Z,-1.9,Lhasa,0.0,5220
2026-09-28T04:54Z,2026-09-28T04:00Z,-0.9,Lhasa,0.0,5288
2026-09-28T04:54Z,2026-09-28T05:00Z,0.1,Lhasa,0.0,5352
2026-09-28T04:54Z,2026-09-28T06:00Z,1.1,Lhasa,0.0,5470
2026-09-28T04:54Z,2026-09-28T07:00Z,2.1,Lhasa,0.0,5512
2026-09-28T04:54Z,2026-09-28T08:00Z,3.1,Lhasa,0.0,5601
2026-09-28T04:54Z,2026-09-28T09:00Z,4.1,Lhasa,0.0,5689
2026-09-28T04:54Z,2026-09-28T10:00Z,5.1,Lhasa,0.0,5729
2026-09-28T04:54Z,2026-09-28T11:00Z,6.1,Lhasa,0.0,5747
2026-09-28T04:54Z,2026-09-28T12:00Z,7.1,Lhasa,0.0,5725
2026-09-28T04:54Z,2026-09-28T02:00Z,-2.9,Shigatse,0.0,5054
2026-09-28T04:54Z,2026-09-28T03:00Z,-1.9,Shigatse,0.0,5079
2026-09-28T04:54Z,2026-09-28T04:00Z,-0.9,Shigatse,0.0,5158
2026-09-28T04:54Z,2026-09-28T05:00Z,0.1,Shigatse,0.0,5204
2026-09-28T04:54Z,2026-09-28T06:00Z,1.1,Shigatse,0.0,5304
2026-09-28T04:54Z,2026-09-28T07:00Z,2.1,Shigatse,0.0,5401
2026-09-28T04:54Z,2026-09-28T08:00Z,3.1,Shigatse,0.0,5473
2026-09-28T04:54Z,2026-09-28T09:00Z,4.1,Shigatse,0.0,5543
2026-09-28T04:54Z,2026-09-28T10:00Z,5.1,Shigatse,0.0,5585
2026-09-28T04:54Z,2026-09-28T11:00Z,6.1,Shigatse,0.0,5602
2026-09-28T04:54Z,2026-09-28T12:00Z,7.1,Shigatse,0.0,5609
2026-09-28T04:54Z,2026-09-28T02:00Z,-2.9,Itanagar,0.1,5463
2026-09-28T04:54Z,2026-09-28T03:00Z,-1.9,Itanagar,0.0,5515
2026-09-28T04:54Z,2026-09-28T04:00Z,-0.9,Itanagar,0.1,5562
2026-09-28T04:54Z,2026-09-28T05:00Z,0.1,Itanagar,0.1,5587
2026-09-28T04:54Z,2026-09-28T06:00Z,1.1,Itanagar,0.1,5587
2026-09-28T04:54Z,2026-09-28T07:00Z,2.1,Itanagar,0.1,5593
2026-09-28T04:54Z,2026-09-28T08:00Z,3.1,Itanagar,0.4,5448
2026-09-28T04:54Z,2026-09-28T09:00Z,4.1,Itanagar,0.5,5424
2026-09-28T04:54Z,2026-09-28T10:00Z,5.1,Itanagar,0.1,5407
2026-09-28T04:54Z,2026-09-28T11:00Z,6.1,Itanagar,0.1,5388
2026-09-28T04:54Z,2026-09-28T12:00Z,7.1,Itanagar,0.1,5419
2026-09-28T05:15Z,2026-09-28T03:00Z,-2.25,Gilgit,0.0,3859
2026-09-28T05:15Z,2026-09-28T04:00Z,-1.25,Gilgit,0.0,3838
2026-09-28T05:15Z,2026-09-28T05:00Z,-0.25,Gilgit,0.2,3849
2026-09-28T05:15Z,2026-09-28T06:00Z,0.75,Gilgit,0.1,3864
2026-09-28T05:15Z,2026-09-28T07:00Z,1.75,Gilgit,0.0,3977
2026-09-28T05:15Z,2026-09-28T08:00Z,2.75,Gilgit,0.1,3996
2026-09-28T05:15Z,2026-09-28T09:00Z,3.75,Gilgit,0.2,4032
2026-09-28T05:15Z,2026-09-28T10:00Z,4.75,Gilgit,0.3,4034
2026-09-28T05:15Z,2026-09-28T11:00Z,5.75,Gilgit,0.0,4035
2026-09-28T05:15Z,2026-09-28T12:00Z,6.75,Gilgit,0.3,3986
2026-09-28T05:15Z,2026-09-28T13:00Z,7.75,Gilgit,0.0,3952
2026-09-28T05:15Z,2026-09-28T03:00Z,-2.25,Skardu,0.0,4161
2026-09-28T05:15Z,2026-09-28T04:00Z,-1.25,Skardu,0.0,4172
2026-09-28T05:15Z,2026-09-28T05:00Z,-0.25,Skardu,0.0,4172
2026-09-28T05:15Z,2026-09-28T06:00Z,0.75,Skardu,0.0,4208
2026-09-28T05:15Z,2026-09-28T07:00Z,1.75,Skardu,0.0,4229
2026-09-28T05:15Z,2026-09-28T08:00Z,2.75,Skardu,0.1,4217
2026-09-28T05:15Z,2026-09-28T09:00Z,3.75,Skardu,0.1,4240
2026-09-28T05:15Z,2026-09-28T10:00Z,4.75,Skardu,0.2,4239
2026-09-28T05:15Z,2026-09-28T11:00Z,5.75,Skardu,0.2,4193
2026-09-28T05:15Z,2026-09-28T12:00Z,6.75,Skardu,0.1,4169
2026-09-28T05:15Z,2026-09-28T13:00Z,7.75,Skardu,0.1,4118
2026-09-28T05:15Z,2026-09-28T03:00Z,-2.25,Srinagar,0.0,4008
2026-09-28T05:15Z,2026-09-28T04:00Z,-1.25,Srinagar,0.0,3988
2026-09-28T05:15Z,2026-09-28T05:00Z,-0.25,Srinagar,0.0,3970
2026-09-28T05:15Z,2026-09-28T06:00Z,0.75,Srinagar,0.1,3999
2026-09-28T05:15Z,2026-09-28T07:00Z,1.75,Srinagar,0.1,3981
2026-09-28T05:15Z,2026-09-28T08:00Z,2.75,Srinagar,0.5,3990
2026-09-28T05:15Z,2026-09-28T09:00Z,3.75,Srinagar,0.1,3981
2026-09-28T05:15Z,2026-09-28T10:00Z,4.75,Srinagar,0.5,3966
2026-09-28T05:15Z,2026-09-28T11:00Z,5.75,Srinagar,0.2,3997
2026-09-28T05:15Z,2026-09-28T12:00Z,6.75,Srinagar,0.1,3995
2026-09-28T05:15Z,2026-09-28T13:00Z,7.75,Srinagar,0.2,4007
2026-09-28T05:15Z,2026-09-28T03:00Z,-2.25,Leh,0.0,4250
2026-09-28T05:15Z,2026-09-28T04:00Z,-1.25,Leh,0.0,4385
2026-09-28T05:15Z,2026-09-28T05:00Z,-0.25,Leh,0.1,4491
2026-09-28T05:15Z,2026-09-28T06:00Z,0.75,Leh,0.1,4533
2026-09-28T05:15Z,2026-09-28T07:00Z,1.75,Leh,0.1,4547
2026-09-28T05:15Z,2026-09-28T08:00Z,2.75,Leh,0.1,4584
2026-09-28T05:15Z,2026-09-28T09:00Z,3.75,Leh,0.1,4622
2026-09-28T05:15Z,2026-09-28T10:00Z,4.75,Leh,0.1,4642
2026-09-28T05:15Z,2026-09-28T11:00Z,5.75,Leh,0.1,4628
2026-09-28T05:15Z,2026-09-28T12:00Z,6.75,Leh,0.1,4623
2026-09-28T05:15Z,2026-09-28T13:00Z,7.75,Leh,0.0,4549
2026-09-28T05:15Z,2026-09-28T03:00Z,-2.25,Jammu,0.1,4051
2026-09-28T05:15Z,2026-09-28T04:00Z,-1.25,Jammu,0.1,4084
2026-09-28T05:15Z,2026-09-28T05:00Z,-0.25,Jammu,0.0,4044
2026-09-28T05:15Z,2026-09-28T06:00Z,0.75,Jammu,0.0,4022
2026-09-28T05:15Z,2026-09-28T07:00Z,1.75,Jammu,0.0,4059
2026-09-28T05:15Z,2026-09-28T08:00Z,2.75,Jammu,0.0,4129
2026-09-28T05:15Z,2026-09-28T09:00Z,3.75,Jammu,0.0,4084
2026-09-28T05:15Z,2026-09-28T10:00Z,4.75,Jammu,0.0,4002
2026-09-28T05:15Z,2026-09-28T11:00Z,5.75,Jammu,0.0,4119
2026-09-28T05:15Z,2026-09-28T12:00Z,6.75,Jammu,0.0,3957
2026-09-28T05:15Z,2026-09-28T13:00Z,7.75,Jammu,0.0,3994
2026-09-28T05:15Z,2026-09-28T03:00Z,-2.25,Dharamshala,0.0,4116
2026-09-28T05:15Z,2026-09-28T04:00Z,-1.25,Dharamshala,0.1,4133
2026-09-28T05:15Z,2026-09-28T05:00Z,-0.25,Dharamshala,0.3,4074
2026-09-28T05:15Z,2026-09-28T06:00Z,0.75,Dharamshala,1.1,4109
2026-09-28T05:15Z,2026-09-28T07:00Z,1.75,Dharamshala,0.5,4134
2026-09-28T05:15Z,2026-09-28T08:00Z,2.75,Dharamshala,0.4,4175
2026-09-28T05:15Z,2026-09-28T09:00Z,3.75,Dharamshala,0.4,4158
2026-09-28T05:15Z,2026-09-28T10:00Z,4.75,Dharamshala,0.4,4131
2026-09-28T05:15Z,2026-09-28T11:00Z,5.75,Dharamshala,0.1,4141
2026-09-28T05:15Z,2026-09-28T12:00Z,6.75,Dharamshala,0.1,4166
2026-09-28T05:15Z,2026-09-28T13:00Z,7.75,Dharamshala,0.0,4129
2026-09-28T05:15Z,2026-09-28T03:00Z,-2.25,Manali,0.4,4201
2026-09-28T05:15Z,2026-09-28T04:00Z,-1.25,Manali,0.8,4231
2026-09-28T05:15Z,2026-09-28T05:00Z,-0.25,Manali,0.7,4203
2026-09-28T05:15Z,2026-09-28T06:00Z,0.75,Manali,0.8,4160
2026-09-28T05:15Z,2026-09-28T07:00Z,1.75,Manali,1.2,4197
2026-09-28T05:15Z,2026-09-28T08:00Z,2.75,Manali,1.1,4238
2026-09-28T05:15Z,2026-09-28T09:00Z,3.75,Manali,1.4,4255
2026-09-28T05:15Z,2026-09-28T10:00Z,4.75,Manali,0.5,4228
2026-09-28T05:15Z,2026-09-28T11:00Z,5.75,Manali,0.4,4266
2026-09-28T05:15Z,2026-09-28T12:00Z,6.75,Manali,0.7,4225
2026-09-28T05:15Z,2026-09-28T13:00Z,7.75,Manali,0.9,4191
2026-09-28T05:15Z,2026-09-28T03:00Z,-2.25,Kaza,0.1,4523
2026-09-28T05:15Z,2026-09-28T04:00Z,-1.25,Kaza,0.0,4650
2026-09-28T05:15Z,2026-09-28T05:00Z,-0.25,Kaza,0.3,4642
2026-09-28T05:15Z,2026-09-28T06:00Z,0.75,Kaza,1.0,4650
2026-09-28T05:15Z,2026-09-28T07:00Z,1.75,Kaza,0.3,4673
2026-09-28T05:15Z,2026-09-28T08:00Z,2.75,Kaza,0.2,4692
2026-09-28T05:15Z,2026-09-28T09:00Z,3.75,Kaza,0.1,4696
2026-09-28T05:15Z,2026-09-28T10:00Z,4.75,Kaza,0.2,4701
2026-09-28T05:15Z,2026-09-28T11:00Z,5.75,Kaza,0.3,4687
2026-09-28T05:15Z,2026-09-28T12:00Z,6.75,Kaza,0.4,4673
2026-09-28T05:15Z,2026-09-28T13:00Z,7.75,Kaza,1.0,4664
2026-09-28T05:15Z,2026-09-28T03:00Z,-2.25,Shimla,0.0,4253
2026-09-28T05:15Z,2026-09-28T04:00Z,-1.25,Shimla,0.1,4185
2026-09-28T05:15Z,2026-09-28T05:00Z,-0.25,Shimla,0.2,4228
2026-09-28T05:15Z,2026-09-28T06:00Z,0.75,Shimla,0.3,4238
2026-09-28T05:15Z,2026-09-28T07:00Z,1.75,Shimla,0.3,4279
2026-09-28T05:15Z,2026-09-28T08:00Z,2.75,Shimla,0.4,4287
2026-09-28T05:15Z,2026-09-28T09:00Z,3.75,Shimla,0.4,4303
2026-09-28T05:15Z,2026-09-28T10:00Z,4.75,Shimla,1.4,4295
2026-09-28T05:15Z,2026-09-28T11:00Z,5.75,Shimla,2.8,4287
2026-09-28T05:15Z,2026-09-28T12:00Z,6.75,Shimla,2.4,4313
2026-09-28T05:15Z,2026-09-28T13:00Z,7.75,Shimla,1.3,4283
2026-09-28T05:15Z,2026-09-28T03:00Z,-2.25,Dehradun,0.4,4280
2026-09-28T05:15Z,2026-09-28T04:00Z,-1.25,Dehradun,0.0,4289
2026-09-28T05:15Z,2026-09-28T05:00Z,-0.25,Dehradun,0.1,4345
2026-09-28T05:15Z,2026-09-28T06:00Z,0.75,Dehradun,0.2,4361
2026-09-28T05:15Z,2026-09-28T07:00Z,1.75,Dehradun,1.0,4377
2026-09-28T05:15Z,2026-09-28T08:00Z,2.75,Dehradun,0.9,4383
2026-09-28T05:15Z,2026-09-28T09:00Z,3.75,Dehradun,0.8,4382
2026-09-28T05:15Z,2026-09-28T10:00Z,4.75,Dehradun,1.1,4451
2026-09-28T05:15Z,2026-09-28T11:00Z,5.75,Dehradun,1.6,4426
2026-09-28T05:15Z,2026-09-28T12:00Z,6.75,Dehradun,0.2,4419
2026-09-28T05:15Z,2026-09-28T13:00Z,7.75,Dehradun,0.0,4415
2026-09-28T05:15Z,2026-09-28T03:00Z,-2.25,Uttarkashi,0.4,4317
2026-09-28T05:15Z,2026-09-28T04:00Z,-1.25,Uttarkashi,0.1,4339
2026-09-28T05:15Z,2026-09-28T05:00Z,-0.25,Uttarkashi,0.2,4349
2026-09-28T05:15Z,2026-09-28T06:00Z,0.75,Uttarkashi,0.1,4383
2026-09-28T05:15Z,2026-09-28T07:00Z,1.75,Uttarkashi,0.2,4404
2026-09-28T05:15Z,2026-09-28T08:00Z,2.75,Uttarkashi,1.0,4397
2026-09-28T05:15Z,2026-09-28T09:00Z,3.75,Uttarkashi,1.0,4394
2026-09-28T05:15Z,2026-09-28T10:00Z,4.75,Uttarkashi,0.7,4417
2026-09-28T05:15Z,2026-09-28T11:00Z,5.75,Uttarkashi,0.9,4396
2026-09-28T05:15Z,2026-09-28T12:00Z,6.75,Uttarkashi,0.4,4416
2026-09-28T05:15Z,2026-09-28T13:00Z,7.75,Uttarkashi,0.1,4392
2026-09-28T05:15Z,2026-09-28T03:00Z,-2.25,Joshimath,0.0,4303
2026-09-28T05:15Z,2026-09-28T04:00Z,-1.25,Joshimath,0.0,4302
2026-09-28T05:15Z,2026-09-28T05:00Z,-0.25,Joshimath,0.0,4312
2026-09-28T05:15Z,2026-09-28T06:00Z,0.75,Joshimath,0.0,4339
2026-09-28T05:15Z,2026-09-28T07:00Z,1.75,Joshimath,0.2,4348
2026-09-28T05:15Z,2026-09-28T08:00Z,2.75,Joshimath,0.3,4370
2026-09-28T05:15Z,2026-09-28T09:00Z,3.75,Joshimath,0.3,4372
2026-09-28T05:15Z,2026-09-28T10:00Z,4.75,Joshimath,0.4,4357
2026-09-28T05:15Z,2026-09-28T11:00Z,5.75,Joshimath,0.3,4384
2026-09-28T05:15Z,2026-09-28T12:00Z,6.75,Joshimath,0.0,4358
2026-09-28T05:15Z,2026-09-28T13:00Z,7.75,Joshimath,0.0,4377
2026-09-28T05:15Z,2026-09-28T03:00Z,-2.25,Bhimtal,0.0,4266
2026-09-28T05:15Z,2026-09-28T04:00Z,-1.25,Bhimtal,0.0,4364
2026-09-28T05:15Z,2026-09-28T05:00Z,-0.25,Bhimtal,0.1,4339
2026-09-28T05:15Z,2026-09-28T06:00Z,0.75,Bhimtal,0.0,4395
2026-09-28T05:15Z,2026-09-28T07:00Z,1.75,Bhimtal,0.0,4422
2026-09-28T05:15Z,2026-09-28T08:00Z,2.75,Bhimtal,0.1,4505
2026-09-28T05:15Z,2026-09-28T09:00Z,3.75,Bhimtal,0.1,4557
2026-09-28T05:15Z,2026-09-28T10:00Z,4.75,Bhimtal,0.1,4608
2026-09-28T05:15Z,2026-09-28T11:00Z,5.75,Bhimtal,0.1,4645
2026-09-28T05:15Z,2026-09-28T12:00Z,6.75,Bhimtal,0.0,4654
2026-09-28T05:15Z,2026-09-28T13:00Z,7.75,Bhimtal,0.0,4604
2026-09-28T05:15Z,2026-09-28T03:00Z,-2.25,Pithoragarh,0.0,4255
2026-09-28T05:15Z,2026-09-28T04:00Z,-1.25,Pithoragarh,0.0,4271
2026-09-28T05:15Z,2026-09-28T05:00Z,-0.25,Pithoragarh,0.0,4281
2026-09-28T05:15Z,2026-09-28T06:00Z,0.75,Pithoragarh,0.0,4353
2026-09-28T05:15Z,2026-09-28T07:00Z,1.75,Pithoragarh,0.0,4366
2026-09-28T05:15Z,2026-09-28T08:00Z,2.75,Pithoragarh,0.0,4431
2026-09-28T05:15Z,2026-09-28T09:00Z,3.75,Pithoragarh,0.1,4460
2026-09-28T05:15Z,2026-09-28T10:00Z,4.75,Pithoragarh,0.2,4494
2026-09-28T05:15Z,2026-09-28T11:00Z,5.75,Pithoragarh,0.1,4524
2026-09-28T05:15Z,2026-09-28T12:00Z,6.75,Pithoragarh,0.0,4517
2026-09-28T05:15Z,2026-09-28T13:00Z,7.75,Pithoragarh,0.0,4486
2026-09-28T05:15Z,2026-09-28T03:00Z,-2.25,Jumla,0.0,4543
2026-09-28T05:15Z,2026-09-28T04:00Z,-1.25,Jumla,0.0,4518
2026-09-28T05:15Z,2026-09-28T05:00Z,-0.25,Jumla,0.1,4519
2026-09-28T05:15Z,2026-09-28T06:00Z,0.75,Jumla,0.1,4477
2026-09-28T05:15Z,2026-09-28T07:00Z,1.75,Jumla,0.2,4498
2026-09-28T05:15Z,2026-09-28T08:00Z,2.75,Jumla,0.2,4529
2026-09-28T05:15Z,2026-09-28T09:00Z,3.75,Jumla,0.4,4536
2026-09-28T05:15Z,2026-09-28T10:00Z,4.75,Jumla,0.3,4555
2026-09-28T05:15Z,2026-09-28T11:00Z,5.75,Jumla,0.1,4657
2026-09-28T05:15Z,2026-09-28T12:00Z,6.75,Jumla,0.0,4626
2026-09-28T05:15Z,2026-09-28T13:00Z,7.75,Jumla,0.0,4595
2026-09-28T05:15Z,2026-09-28T03:00Z,-2.25,Jomsom,0.0,4709
2026-09-28T05:15Z,2026-09-28T04:00Z,-1.25,Jomsom,0.0,4730
2026-09-28T05:15Z,2026-09-28T05:00Z,-0.25,Jomsom,0.0,4733
2026-09-28T05:15Z,2026-09-28T06:00Z,0.75,Jomsom,0.1,4757
2026-09-28T05:15Z,2026-09-28T07:00Z,1.75,Jomsom,0.1,4746
2026-09-28T05:15Z,2026-09-28T08:00Z,2.75,Jomsom,0.1,4773
2026-09-28T05:15Z,2026-09-28T09:00Z,3.75,Jomsom,0.1,4821
2026-09-28T05:15Z,2026-09-28T10:00Z,4.75,Jomsom,0.0,4819
2026-09-28T05:15Z,2026-09-28T11:00Z,5.75,Jomsom,0.0,4821
2026-09-28T05:15Z,2026-09-28T12:00Z,6.75,Jomsom,0.0,4781
2026-09-28T05:15Z,2026-09-28T13:00Z,7.75,Jomsom,0.0,4709
2026-09-28T05:15Z,2026-09-28T03:00Z,-2.25,Pokhara,0.0,4808
2026-09-28T05:15Z,2026-09-28T04:00Z,-1.25,Pokhara,0.0,4762
2026-09-28T05:15Z,2026-09-28T05:00Z,-0.25,Pokhara,0.0,4763
2026-09-28T05:15Z,2026-09-28T06:00Z,0.75,Pokhara,0.0,4800
2026-09-28T05:15Z,2026-09-28T07:00Z,1.75,Pokhara,0.0,4796
2026-09-28T05:15Z,2026-09-28T08:00Z,2.75,Pokhara,0.0,4736
2026-09-28T05:15Z,2026-09-28T09:00Z,3.75,Pokhara,0.0,4702
2026-09-28T05:15Z,2026-09-28T10:00Z,4.75,Pokhara,0.0,4702
2026-09-28T05:15Z,2026-09-28T11:00Z,5.75,Pokhara,0.0,4731
2026-09-28T05:15Z,2026-09-28T12:00Z,6.75,Pokhara,0.0,4750
2026-09-28T05:15Z,2026-09-28T13:00Z,7.75,Pokhara,0.0,4768
2026-09-28T05:15Z,2026-09-28T03:00Z,-2.25,Kathmandu,0.0,5032
2026-09-28T05:15Z,2026-09-28T04:00Z,-1.25,Kathmandu,0.0,5059
2026-09-28T05:15Z,2026-09-28T05:00Z,-0.25,Kathmandu,0.0,5061
2026-09-28T05:15Z,2026-09-28T06:00Z,0.75,Kathmandu,0.2,5058
2026-09-28T05:15Z,2026-09-28T07:00Z,1.75,Kathmandu,0.3,5045
2026-09-28T05:15Z,2026-09-28T08:00Z,2.75,Kathmandu,0.3,5031
2026-09-28T05:15Z,2026-09-28T09:00Z,3.75,Kathmandu,0.2,5016
2026-09-28T05:15Z,2026-09-28T10:00Z,4.75,Kathmandu,0.2,5012
2026-09-28T05:15Z,2026-09-28T11:00Z,5.75,Kathmandu,0.0,4972
2026-09-28T05:15Z,2026-09-28T12:00Z,6.75,Kathmandu,0.0,5058
2026-09-28T05:15Z,2026-09-28T13:00Z,7.75,Kathmandu,0.0,5087
2026-09-28T05:15Z,2026-09-28T03:00Z,-2.25,Namche Bazaar,0.0,4935
2026-09-28T05:15Z,2026-09-28T04:00Z,-1.25,Namche Bazaar,0.0,4995
2026-09-28T05:15Z,2026-09-28T05:00Z,-0.25,Namche Bazaar,0.0,5063
2026-09-28T05:15Z,2026-09-28T06:00Z,0.75,Namche Bazaar,0.1,5118
2026-09-28T05:15Z,2026-09-28T07:00Z,1.75,Namche Bazaar,0.2,5140
2026-09-28T05:15Z,2026-09-28T08:00Z,2.75,Namche Bazaar,0.3,5177
2026-09-28T05:15Z,2026-09-28T09:00Z,3.75,Namche Bazaar,0.1,5118
2026-09-28T05:15Z,2026-09-28T10:00Z,4.75,Namche Bazaar,0.0,5106
2026-09-28T05:15Z,2026-09-28T11:00Z,5.75,Namche Bazaar,0.0,5112
2026-09-28T05:15Z,2026-09-28T12:00Z,6.75,Namche Bazaar,0.0,5126
2026-09-28T05:15Z,2026-09-28T13:00Z,7.75,Namche Bazaar,0.0,5163
2026-09-28T05:15Z,2026-09-28T03:00Z,-2.25,Darjeeling,0.0,5229
2026-09-28T05:15Z,2026-09-28T04:00Z,-1.25,Darjeeling,0.0,5213
2026-09-28T05:15Z,2026-09-28T05:00Z,-0.25,Darjeeling,0.0,5229
2026-09-28T05:15Z,2026-09-28T06:00Z,0.75,Darjeeling,0.0,5209
2026-09-28T05:15Z,2026-09-28T07:00Z,1.75,Darjeeling,0.1,5207
2026-09-28T05:15Z,2026-09-28T08:00Z,2.75,Darjeeling,0.1,5212
2026-09-28T05:15Z,2026-09-28T09:00Z,3.75,Darjeeling,0.1,5174
2026-09-28T05:15Z,2026-09-28T10:00Z,4.75,Darjeeling,0.0,5121
2026-09-28T05:15Z,2026-09-28T11:00Z,5.75,Darjeeling,0.0,5186
2026-09-28T05:15Z,2026-09-28T12:00Z,6.75,Darjeeling,0.0,5206
2026-09-28T05:15Z,2026-09-28T13:00Z,7.75,Darjeeling,0.0,5226
2026-09-28T05:15Z,2026-09-28T03:00Z,-2.25,Gangtok,0.0,5289
2026-09-28T05:15Z,2026-09-28T04:00Z,-1.25,Gangtok,0.0,5244
2026-09-28T05:15Z,2026-09-28T05:00Z,-0.25,Gangtok,0.0,5251
2026-09-28T05:15Z,2026-09-28T06:00Z,0.75,Gangtok,0.1,5244
2026-09-28T05:15Z,2026-09-28T07:00Z,1.75,Gangtok,0.3,5201
2026-09-28T05:15Z,2026-09-28T08:00Z,2.75,Gangtok,0.3,5221
2026-09-28T05:15Z,2026-09-28T09:00Z,3.75,Gangtok,0.3,5127
2026-09-28T05:15Z,2026-09-28T10:00Z,4.75,Gangtok,0.1,5017
2026-09-28T05:15Z,2026-09-28T11:00Z,5.75,Gangtok,0.1,5182
2026-09-28T05:15Z,2026-09-28T12:00Z,6.75,Gangtok,0.0,5217
2026-09-28T05:15Z,2026-09-28T13:00Z,7.75,Gangtok,0.0,5245
2026-09-28T05:15Z,2026-09-28T03:00Z,-2.25,Thimphu,0.0,5201
2026-09-28T05:15Z,2026-09-28T04:00Z,-1.25,Thimphu,0.0,5187
2026-09-28T05:15Z,2026-09-28T05:00Z,-0.25,Thimphu,0.0,5181
2026-09-28T05:15Z,2026-09-28T06:00Z,0.75,Thimphu,0.0,5193
2026-09-28T05:15Z,2026-09-28T07:00Z,1.75,Thimphu,0.0,5049
2026-09-28T05:15Z,2026-09-28T08:00Z,2.75,Thimphu,0.0,4981
2026-09-28T05:15Z,2026-09-28T09:00Z,3.75,Thimphu,0.1,4977
2026-09-28T05:15Z,2026-09-28T10:00Z,4.75,Thimphu,0.0,5001
2026-09-28T05:15Z,2026-09-28T11:00Z,5.75,Thimphu,0.0,5047
2026-09-28T05:15Z,2026-09-28T12:00Z,6.75,Thimphu,0.0,5205
2026-09-28T05:15Z,2026-09-28T13:00Z,7.75,Thimphu,0.0,5237
2026-09-28T05:15Z,2026-09-28T03:00Z,-2.25,Tawang,0.0,5377
2026-09-28T05:15Z,2026-09-28T04:00Z,-1.25,Tawang,0.0,5383
2026-09-28T05:15Z,2026-09-28T05:00Z,-0.25,Tawang,0.1,5330
2026-09-28T05:15Z,2026-09-28T06:00Z,0.75,Tawang,0.2,5313
2026-09-28T05:15Z,2026-09-28T07:00Z,1.75,Tawang,0.3,5190
2026-09-28T05:15Z,2026-09-28T08:00Z,2.75,Tawang,0.3,5141
2026-09-28T05:15Z,2026-09-28T09:00Z,3.75,Tawang,0.3,5222
2026-09-28T05:15Z,2026-09-28T10:00Z,4.75,Tawang,0.2,5163
2026-09-28T05:15Z,2026-09-28T11:00Z,5.75,Tawang,0.0,5298
2026-09-28T05:15Z,2026-09-28T12:00Z,6.75,Tawang,0.1,5312
2026-09-28T05:15Z,2026-09-28T13:00Z,7.75,Tawang,0.0,5330
2026-09-28T05:15Z,2026-09-28T03:00Z,-2.25,Lhasa,0.0,5220
2026-09-28T05:15Z,2026-09-28T04:00Z,-1.25,Lhasa,0.0,5288
2026-09-28T05:15Z,2026-09-28T05:00Z,-0.25,Lhasa,0.0,5352
2026-09-28T05:15Z,2026-09-28T06:00Z,0.75,Lhasa,0.0,5470
2026-09-28T05:15Z,2026-09-28T07:00Z,1.75,Lhasa,0.0,5512
2026-09-28T05:15Z,2026-09-28T08:00Z,2.75,Lhasa,0.0,5601
2026-09-28T05:15Z,2026-09-28T09:00Z,3.75,Lhasa,0.0,5689
2026-09-28T05:15Z,2026-09-28T10:00Z,4.75,Lhasa,0.0,5729
2026-09-28T05:15Z,2026-09-28T11:00Z,5.75,Lhasa,0.0,5747
2026-09-28T05:15Z,2026-09-28T12:00Z,6.75,Lhasa,0.0,5725
2026-09-28T05:15Z,2026-09-28T13:00Z,7.75,Lhasa,0.0,5691
2026-09-28T05:15Z,2026-09-28T03:00Z,-2.25,Shigatse,0.0,5079
2026-09-28T05:15Z,2026-09-28T04:00Z,-1.25,Shigatse,0.0,5158
2026-09-28T05:15Z,2026-09-28T05:00Z,-0.25,Shigatse,0.0,5204
2026-09-28T05:15Z,2026-09-28T06:00Z,0.75,Shigatse,0.0,5304
2026-09-28T05:15Z,2026-09-28T07:00Z,1.75,Shigatse,0.0,5401
2026-09-28T05:15Z,2026-09-28T08:00Z,2.75,Shigatse,0.0,5473
2026-09-28T05:15Z,2026-09-28T09:00Z,3.75,Shigatse,0.0,5543
2026-09-28T05:15Z,2026-09-28T10:00Z,4.75,Shigatse,0.0,5585
2026-09-28T05:15Z,2026-09-28T11:00Z,5.75,Shigatse,0.0,5602
2026-09-28T05:15Z,2026-09-28T12:00Z,6.75,Shigatse,0.0,5609
2026-09-28T05:15Z,2026-09-28T13:00Z,7.75,Shigatse,0.0,5587
2026-09-28T05:15Z,2026-09-28T03:00Z,-2.25,Itanagar,0.0,5515
2026-09-28T05:15Z,2026-09-28T04:00Z,-1.25,Itanagar,0.1,5562
2026-09-28T05:15Z,2026-09-28T05:00Z,-0.25,Itanagar,0.1,5587
2026-09-28T05:15Z,2026-09-28T06:00Z,0.75,Itanagar,0.1,5587
2026-09-28T05:15Z,2026-09-28T07:00Z,1.75,Itanagar,0.1,5593
2026-09-28T05:15Z,2026-09-28T08:00Z,2.75,Itanagar,0.4,5448
2026-09-28T05:15Z,2026-09-28T09:00Z,3.75,Itanagar,0.5,5424
2026-09-28T05:15Z,2026-09-28T10:00Z,4.75,Itanagar,0.1,5407
2026-09-28T05:15Z,2026-09-28T11:00Z,5.75,Itanagar,0.1,5388
2026-09-28T05:15Z,2026-09-28T12:00Z,6.75,Itanagar,0.1,5419
2026-09-28T05:15Z,2026-09-28T13:00Z,7.75,Itanagar,0.0,5440
2026-09-28T05:21Z,2026-09-28T03:00Z,-2.35,Gilgit,0.0,3859
2026-09-28T05:21Z,2026-09-28T04:00Z,-1.35,Gilgit,0.0,3838
2026-09-28T05:21Z,2026-09-28T05:00Z,-0.35,Gilgit,0.2,3849
2026-09-28T05:21Z,2026-09-28T06:00Z,0.65,Gilgit,0.1,3864
2026-09-28T05:21Z,2026-09-28T07:00Z,1.65,Gilgit,0.0,3977
2026-09-28T05:21Z,2026-09-28T08:00Z,2.65,Gilgit,0.1,3996
2026-09-28T05:21Z,2026-09-28T09:00Z,3.65,Gilgit,0.2,4032
2026-09-28T05:21Z,2026-09-28T10:00Z,4.65,Gilgit,0.3,4034
2026-09-28T05:21Z,2026-09-28T11:00Z,5.65,Gilgit,0.0,4035
2026-09-28T05:21Z,2026-09-28T12:00Z,6.65,Gilgit,0.3,3986
2026-09-28T05:21Z,2026-09-28T13:00Z,7.65,Gilgit,0.0,3952
2026-09-28T05:21Z,2026-09-28T03:00Z,-2.35,Skardu,0.0,4161
2026-09-28T05:21Z,2026-09-28T04:00Z,-1.35,Skardu,0.0,4172
2026-09-28T05:21Z,2026-09-28T05:00Z,-0.35,Skardu,0.0,4172
2026-09-28T05:21Z,2026-09-28T06:00Z,0.65,Skardu,0.0,4208
2026-09-28T05:21Z,2026-09-28T07:00Z,1.65,Skardu,0.0,4229
2026-09-28T05:21Z,2026-09-28T08:00Z,2.65,Skardu,0.1,4217
2026-09-28T05:21Z,2026-09-28T09:00Z,3.65,Skardu,0.1,4240
2026-09-28T05:21Z,2026-09-28T10:00Z,4.65,Skardu,0.2,4239
2026-09-28T05:21Z,2026-09-28T11:00Z,5.65,Skardu,0.2,4193
2026-09-28T05:21Z,2026-09-28T12:00Z,6.65,Skardu,0.1,4169
2026-09-28T05:21Z,2026-09-28T13:00Z,7.65,Skardu,0.1,4118
2026-09-28T05:21Z,2026-09-28T03:00Z,-2.35,Srinagar,0.0,4008
2026-09-28T05:21Z,2026-09-28T04:00Z,-1.35,Srinagar,0.0,3988
2026-09-28T05:21Z,2026-09-28T05:00Z,-0.35,Srinagar,0.0,3970
2026-09-28T05:21Z,2026-09-28T06:00Z,0.65,Srinagar,0.1,3999
2026-09-28T05:21Z,2026-09-28T07:00Z,1.65,Srinagar,0.1,3981
2026-09-28T05:21Z,2026-09-28T08:00Z,2.65,Srinagar,0.5,3990
2026-09-28T05:21Z,2026-09-28T09:00Z,3.65,Srinagar,0.1,3981
2026-09-28T05:21Z,2026-09-28T10:00Z,4.65,Srinagar,0.5,3966
2026-09-28T05:21Z,2026-09-28T11:00Z,5.65,Srinagar,0.2,3997
2026-09-28T05:21Z,2026-09-28T12:00Z,6.65,Srinagar,0.1,3995
2026-09-28T05:21Z,2026-09-28T13:00Z,7.65,Srinagar,0.2,4007
2026-09-28T05:21Z,2026-09-28T03:00Z,-2.35,Leh,0.0,4250
2026-09-28T05:21Z,2026-09-28T04:00Z,-1.35,Leh,0.0,4385
2026-09-28T05:21Z,2026-09-28T05:00Z,-0.35,Leh,0.1,4491
2026-09-28T05:21Z,2026-09-28T06:00Z,0.65,Leh,0.1,4533
2026-09-28T05:21Z,2026-09-28T07:00Z,1.65,Leh,0.1,4547
2026-09-28T05:21Z,2026-09-28T08:00Z,2.65,Leh,0.1,4584
2026-09-28T05:21Z,2026-09-28T09:00Z,3.65,Leh,0.1,4622
2026-09-28T05:21Z,2026-09-28T10:00Z,4.65,Leh,0.1,4642
2026-09-28T05:21Z,2026-09-28T11:00Z,5.65,Leh,0.1,4628
2026-09-28T05:21Z,2026-09-28T12:00Z,6.65,Leh,0.1,4623
2026-09-28T05:21Z,2026-09-28T13:00Z,7.65,Leh,0.0,4549
2026-09-28T05:21Z,2026-09-28T03:00Z,-2.35,Jammu,0.1,4051
2026-09-28T05:21Z,2026-09-28T04:00Z,-1.35,Jammu,0.1,4084
2026-09-28T05:21Z,2026-09-28T05:00Z,-0.35,Jammu,0.0,4044
2026-09-28T05:21Z,2026-09-28T06:00Z,0.65,Jammu,0.0,4022
2026-09-28T05:21Z,2026-09-28T07:00Z,1.65,Jammu,0.0,4059
2026-09-28T05:21Z,2026-09-28T08:00Z,2.65,Jammu,0.0,4129
2026-09-28T05:21Z,2026-09-28T09:00Z,3.65,Jammu,0.0,4084
2026-09-28T05:21Z,2026-09-28T10:00Z,4.65,Jammu,0.0,4002
2026-09-28T05:21Z,2026-09-28T11:00Z,5.65,Jammu,0.0,4119
2026-09-28T05:21Z,2026-09-28T12:00Z,6.65,Jammu,0.0,3957
2026-09-28T05:21Z,2026-09-28T13:00Z,7.65,Jammu,0.0,3994
2026-09-28T05:21Z,2026-09-28T03:00Z,-2.35,Dharamshala,0.0,4116
2026-09-28T05:21Z,2026-09-28T04:00Z,-1.35,Dharamshala,0.1,4133
2026-09-28T05:21Z,2026-09-28T05:00Z,-0.35,Dharamshala,0.3,4074
2026-09-28T05:21Z,2026-09-28T06:00Z,0.65,Dharamshala,1.1,4109
2026-09-28T05:21Z,2026-09-28T07:00Z,1.65,Dharamshala,0.5,4134
2026-09-28T05:21Z,2026-09-28T08:00Z,2.65,Dharamshala,0.4,4175
2026-09-28T05:21Z,2026-09-28T09:00Z,3.65,Dharamshala,0.4,4158
2026-09-28T05:21Z,2026-09-28T10:00Z,4.65,Dharamshala,0.4,4131
2026-09-28T05:21Z,2026-09-28T11:00Z,5.65,Dharamshala,0.1,4141
2026-09-28T05:21Z,2026-09-28T12:00Z,6.65,Dharamshala,0.1,4166
2026-09-28T05:21Z,2026-09-28T13:00Z,7.65,Dharamshala,0.0,4129
2026-09-28T05:21Z,2026-09-28T03:00Z,-2.35,Manali,0.4,4201
2026-09-28T05:21Z,2026-09-28T04:00Z,-1.35,Manali,0.8,4231
2026-09-28T05:21Z,2026-09-28T05:00Z,-0.35,Manali,0.7,4203
2026-09-28T05:21Z,2026-09-28T06:00Z,0.65,Manali,0.8,4160
2026-09-28T05:21Z,2026-09-28T07:00Z,1.65,Manali,1.2,4197
2026-09-28T05:21Z,2026-09-28T08:00Z,2.65,Manali,1.1,4238
2026-09-28T05:21Z,2026-09-28T09:00Z,3.65,Manali,1.4,4255
2026-09-28T05:21Z,2026-09-28T10:00Z,4.65,Manali,0.5,4228
2026-09-28T05:21Z,2026-09-28T11:00Z,5.65,Manali,0.4,4266
2026-09-28T05:21Z,2026-09-28T12:00Z,6.65,Manali,0.7,4225
2026-09-28T05:21Z,2026-09-28T13:00Z,7.65,Manali,0.9,4191
2026-09-28T05:21Z,2026-09-28T03:00Z,-2.35,Kaza,0.1,4523
2026-09-28T05:21Z,2026-09-28T04:00Z,-1.35,Kaza,0.0,4650
2026-09-28T05:21Z,2026-09-28T05:00Z,-0.35,Kaza,0.3,4642
2026-09-28T05:21Z,2026-09-28T06:00Z,0.65,Kaza,1.0,4650
2026-09-28T05:21Z,2026-09-28T07:00Z,1.65,Kaza,0.3,4673
2026-09-28T05:21Z,2026-09-28T08:00Z,2.65,Kaza,0.2,4692
2026-09-28T05:21Z,2026-09-28T09:00Z,3.65,Kaza,0.1,4696
2026-09-28T05:21Z,2026-09-28T10:00Z,4.65,Kaza,0.2,4701
2026-09-28T05:21Z,2026-09-28T11:00Z,5.65,Kaza,0.3,4687
2026-09-28T05:21Z,2026-09-28T12:00Z,6.65,Kaza,0.4,4673
2026-09-28T05:21Z,2026-09-28T13:00Z,7.65,Kaza,1.0,4664
2026-09-28T05:21Z,2026-09-28T03:00Z,-2.35,Shimla,0.0,4253
2026-09-28T05:21Z,2026-09-28T04:00Z,-1.35,Shimla,0.1,4185
2026-09-28T05:21Z,2026-09-28T05:00Z,-0.35,Shimla,0.2,4228
2026-09-28T05:21Z,2026-09-28T06:00Z,0.65,Shimla,0.3,4238
2026-09-28T05:21Z,2026-09-28T07:00Z,1.65,Shimla,0.3,4279
2026-09-28T05:21Z,2026-09-28T08:00Z,2.65,Shimla,0.4,4287
2026-09-28T05:21Z,2026-09-28T09:00Z,3.65,Shimla,0.4,4303
2026-09-28T05:21Z,2026-09-28T10:00Z,4.65,Shimla,1.4,4295
2026-09-28T05:21Z,2026-09-28T11:00Z,5.65,Shimla,2.8,4287
2026-09-28T05:21Z,2026-09-28T12:00Z,6.65,Shimla,2.4,4313
2026-09-28T05:21Z,2026-09-28T13:00Z,7.65,Shimla,1.3,4283
2026-09-28T05:21Z,2026-09-28T03:00Z,-2.35,Dehradun,0.4,4280
2026-09-28T05:21Z,2026-09-28T04:00Z,-1.35,Dehradun,0.0,4289
2026-09-28T05:21Z,2026-09-28T05:00Z,-0.35,Dehradun,0.1,4345
2026-09-28T05:21Z,2026-09-28T06:00Z,0.65,Dehradun,0.2,4361
2026-09-28T05:21Z,2026-09-28T07:00Z,1.65,Dehradun,1.0,4377
2026-09-28T05:21Z,2026-09-28T08:00Z,2.65,Dehradun,0.9,4383
2026-09-28T05:21Z,2026-09-28T09:00Z,3.65,Dehradun,0.8,4382
2026-09-28T05:21Z,2026-09-28T10:00Z,4.65,Dehradun,1.1,4451
2026-09-28T05:21Z,2026-09-28T11:00Z,5.65,Dehradun,1.6,4426
2026-09-28T05:21Z,2026-09-28T12:00Z,6.65,Dehradun,0.2,4419
2026-09-28T05:21Z,2026-09-28T13:00Z,7.65,Dehradun,0.0,4415
2026-09-28T05:21Z,2026-09-28T03:00Z,-2.35,Uttarkashi,0.4,4317
2026-09-28T05:21Z,2026-09-28T04:00Z,-1.35,Uttarkashi,0.1,4339
2026-09-28T05:21Z,2026-09-28T05:00Z,-0.35,Uttarkashi,0.2,4349
2026-09-28T05:21Z,2026-09-28T06:00Z,0.65,Uttarkashi,0.1,4383
2026-09-28T05:21Z,2026-09-28T07:00Z,1.65,Uttarkashi,0.2,4404
2026-09-28T05:21Z,2026-09-28T08:00Z,2.65,Uttarkashi,1.0,4397
2026-09-28T05:21Z,2026-09-28T09:00Z,3.65,Uttarkashi,1.0,4394
2026-09-28T05:21Z,2026-09-28T10:00Z,4.65,Uttarkashi,0.7,4417
2026-09-28T05:21Z,2026-09-28T11:00Z,5.65,Uttarkashi,0.9,4396
2026-09-28T05:21Z,2026-09-28T12:00Z,6.65,Uttarkashi,0.4,4416
2026-09-28T05:21Z,2026-09-28T13:00Z,7.65,Uttarkashi,0.1,4392
2026-09-28T05:21Z,2026-09-28T03:00Z,-2.35,Joshimath,0.0,4303
2026-09-28T05:21Z,2026-09-28T04:00Z,-1.35,Joshimath,0.0,4302
2026-09-28T05:21Z,2026-09-28T05:00Z,-0.35,Joshimath,0.0,4312
2026-09-28T05:21Z,2026-09-28T06:00Z,0.65,Joshimath,0.0,4339
2026-09-28T05:21Z,2026-09-28T07:00Z,1.65,Joshimath,0.2,4348
2026-09-28T05:21Z,2026-09-28T08:00Z,2.65,Joshimath,0.3,4370
2026-09-28T05:21Z,2026-09-28T09:00Z,3.65,Joshimath,0.3,4372
2026-09-28T05:21Z,2026-09-28T10:00Z,4.65,Joshimath,0.4,4357
2026-09-28T05:21Z,2026-09-28T11:00Z,5.65,Joshimath,0.3,4384
2026-09-28T05:21Z,2026-09-28T12:00Z,6.65,Joshimath,0.0,4358
2026-09-28T05:21Z,2026-09-28T13:00Z,7.65,Joshimath,0.0,4377
2026-09-28T05:21Z,2026-09-28T03:00Z,-2.35,Bhimtal,0.0,4266
2026-09-28T05:21Z,2026-09-28T04:00Z,-1.35,Bhimtal,0.0,4364
2026-09-28T05:21Z,2026-09-28T05:00Z,-0.35,Bhimtal,0.1,4339
2026-09-28T05:21Z,2026-09-28T06:00Z,0.65,Bhimtal,0.0,4395
2026-09-28T05:21Z,2026-09-28T07:00Z,1.65,Bhimtal,0.0,4422
2026-09-28T05:21Z,2026-09-28T08:00Z,2.65,Bhimtal,0.1,4505
2026-09-28T05:21Z,2026-09-28T09:00Z,3.65,Bhimtal,0.1,4557
2026-09-28T05:21Z,2026-09-28T10:00Z,4.65,Bhimtal,0.1,4608
2026-09-28T05:21Z,2026-09-28T11:00Z,5.65,Bhimtal,0.1,4645
2026-09-28T05:21Z,2026-09-28T12:00Z,6.65,Bhimtal,0.0,4654
2026-09-28T05:21Z,2026-09-28T13:00Z,7.65,Bhimtal,0.0,4604
2026-09-28T05:21Z,2026-09-28T03:00Z,-2.35,Pithoragarh,0.0,4255
2026-09-28T05:21Z,2026-09-28T04:00Z,-1.35,Pithoragarh,0.0,4271
2026-09-28T05:21Z,2026-09-28T05:00Z,-0.35,Pithoragarh,0.0,4281
2026-09-28T05:21Z,2026-09-28T06:00Z,0.65,Pithoragarh,0.0,4353
2026-09-28T05:21Z,2026-09-28T07:00Z,1.65,Pithoragarh,0.0,4366
2026-09-28T05:21Z,2026-09-28T08:00Z,2.65,Pithoragarh,0.0,4431
2026-09-28T05:21Z,2026-09-28T09:00Z,3.65,Pithoragarh,0.1,4460
2026-09-28T05:21Z,2026-09-28T10:00Z,4.65,Pithoragarh,0.2,4494
2026-09-28T05:21Z,2026-09-28T11:00Z,5.65,Pithoragarh,0.1,4524
2026-09-28T05:21Z,2026-09-28T12:00Z,6.65,Pithoragarh,0.0,4517
2026-09-28T05:21Z,2026-09-28T13:00Z,7.65,Pithoragarh,0.0,4486
2026-09-28T05:21Z,2026-09-28T03:00Z,-2.35,Jumla,0.0,4543
2026-09-28T05:21Z,2026-09-28T04:00Z,-1.35,Jumla,0.0,4518
2026-09-28T05:21Z,2026-09-28T05:00Z,-0.35,Jumla,0.1,4519
2026-09-28T05:21Z,2026-09-28T06:00Z,0.65,Jumla,0.1,4477
2026-09-28T05:21Z,2026-09-28T07:00Z,1.65,Jumla,0.2,4498
2026-09-28T05:21Z,2026-09-28T08:00Z,2.65,Jumla,0.2,4529
2026-09-28T05:21Z,2026-09-28T09:00Z,3.65,Jumla,0.4,4536
2026-09-28T05:21Z,2026-09-28T10:00Z,4.65,Jumla,0.3,4555
2026-09-28T05:21Z,2026-09-28T11:00Z,5.65,Jumla,0.1,4657
2026-09-28T05:21Z,2026-09-28T12:00Z,6.65,Jumla,0.0,4626
2026-09-28T05:21Z,2026-09-28T13:00Z,7.65,Jumla,0.0,4595
2026-09-28T05:21Z,2026-09-28T03:00Z,-2.35,Jomsom,0.0,4709
2026-09-28T05:21Z,2026-09-28T04:00Z,-1.35,Jomsom,0.0,4730
2026-09-28T05:21Z,2026-09-28T05:00Z,-0.35,Jomsom,0.0,4733
2026-09-28T05:21Z,2026-09-28T06:00Z,0.65,Jomsom,0.1,4757
2026-09-28T05:21Z,2026-09-28T07:00Z,1.65,Jomsom,0.1,4746
2026-09-28T05:21Z,2026-09-28T08:00Z,2.65,Jomsom,0.1,4773
2026-09-28T05:21Z,2026-09-28T09:00Z,3.65,Jomsom,0.1,4821
2026-09-28T05:21Z,2026-09-28T10:00Z,4.65,Jomsom,0.0,4819
2026-09-28T05:21Z,2026-09-28T11:00Z,5.65,Jomsom,0.0,4821
2026-09-28T05:21Z,2026-09-28T12:00Z,6.65,Jomsom,0.0,4781
2026-09-28T05:21Z,2026-09-28T13:00Z,7.65,Jomsom,0.0,4709
2026-09-28T05:21Z,2026-09-28T03:00Z,-2.35,Pokhara,0.0,4808
2026-09-28T05:21Z,2026-09-28T04:00Z,-1.35,Pokhara,0.0,4762
2026-09-28T05:21Z,2026-09-28T05:00Z,-0.35,Pokhara,0.0,4763
2026-09-28T05:21Z,2026-09-28T06:00Z,0.65,Pokhara,0.0,4800
2026-09-28T05:21Z,2026-09-28T07:00Z,1.65,Pokhara,0.0,4796
2026-09-28T05:21Z,2026-09-28T08:00Z,2.65,Pokhara,0.0,4736
2026-09-28T05:21Z,2026-09-28T09:00Z,3.65,Pokhara,0.0,4702
2026-09-28T05:21Z,2026-09-28T10:00Z,4.65,Pokhara,0.0,4702
2026-09-28T05:21Z,2026-09-28T11:00Z,5.65,Pokhara,0.0,4731
2026-09-28T05:21Z,2026-09-28T12:00Z,6.65,Pokhara,0.0,4750
2026-09-28T05:21Z,2026-09-28T13:00Z,7.65,Pokhara,0.0,4768
2026-09-28T05:21Z,2026-09-28T03:00Z,-2.35,Kathmandu,0.0,5032
2026-09-28T05:21Z,2026-09-28T04:00Z,-1.35,Kathmandu,0.0,5059
2026-09-28T05:21Z,2026-09-28T05:00Z,-0.35,Kathmandu,0.0,5061
2026-09-28T05:21Z,2026-09-28T06:00Z,0.65,Kathmandu,0.2,5058
2026-09-28T05:21Z,2026-09-28T07:00Z,1.65,Kathmandu,0.3,5045
2026-09-28T05:21Z,2026-09-28T08:00Z,2.65,Kathmandu,0.3,5031
2026-09-28T05:21Z,2026-09-28T09:00Z,3.65,Kathmandu,0.2,5016
2026-09-28T05:21Z,2026-09-28T10:00Z,4.65,Kathmandu,0.2,5012
2026-09-28T05:21Z,2026-09-28T11:00Z,5.65,Kathmandu,0.0,4972
2026-09-28T05:21Z,2026-09-28T12:00Z,6.65,Kathmandu,0.0,5058
2026-09-28T05:21Z,2026-09-28T13:00Z,7.65,Kathmandu,0.0,5087
2026-09-28T05:21Z,2026-09-28T03:00Z,-2.35,Namche Bazaar,0.0,4935
2026-09-28T05:21Z,2026-09-28T04:00Z,-1.35,Namche Bazaar,0.0,4995
2026-09-28T05:21Z,2026-09-28T05:00Z,-0.35,Namche Bazaar,0.0,5063
2026-09-28T05:21Z,2026-09-28T06:00Z,0.65,Namche Bazaar,0.1,5118
2026-09-28T05:21Z,2026-09-28T07:00Z,1.65,Namche Bazaar,0.2,5140
2026-09-28T05:21Z,2026-09-28T08:00Z,2.65,Namche Bazaar,0.3,5177
2026-09-28T05:21Z,2026-09-28T09:00Z,3.65,Namche Bazaar,0.1,5118
2026-09-28T05:21Z,2026-09-28T10:00Z,4.65,Namche Bazaar,0.0,5106
2026-09-28T05:21Z,2026-09-28T11:00Z,5.65,Namche Bazaar,0.0,5112
2026-09-28T05:21Z,2026-09-28T12:00Z,6.65,Namche Bazaar,0.0,5126
2026-09-28T05:21Z,2026-09-28T13:00Z,7.65,Namche Bazaar,0.0,5163
2026-09-28T05:21Z,2026-09-28T03:00Z,-2.35,Darjeeling,0.0,5229
2026-09-28T05:21Z,2026-09-28T04:00Z,-1.35,Darjeeling,0.0,5213
2026-09-28T05:21Z,2026-09-28T05:00Z,-0.35,Darjeeling,0.0,5229
2026-09-28T05:21Z,2026-09-28T06:00Z,0.65,Darjeeling,0.0,5209
2026-09-28T05:21Z,2026-09-28T07:00Z,1.65,Darjeeling,0.1,5207
2026-09-28T05:21Z,2026-09-28T08:00Z,2.65,Darjeeling,0.1,5212
2026-09-28T05:21Z,2026-09-28T09:00Z,3.65,Darjeeling,0.1,5174
2026-09-28T05:21Z,2026-09-28T10:00Z,4.65,Darjeeling,0.0,5121
2026-09-28T05:21Z,2026-09-28T11:00Z,5.65,Darjeeling,0.0,5186
2026-09-28T05:21Z,2026-09-28T12:00Z,6.65,Darjeeling,0.0,5206
2026-09-28T05:21Z,2026-09-28T13:00Z,7.65,Darjeeling,0.0,5226
2026-09-28T05:21Z,2026-09-28T03:00Z,-2.35,Gangtok,0.0,5289
2026-09-28T05:21Z,2026-09-28T04:00Z,-1.35,Gangtok,0.0,5244
2026-09-28T05:21Z,2026-09-28T05:00Z,-0.35,Gangtok,0.0,5251
2026-09-28T05:21Z,2026-09-28T06:00Z,0.65,Gangtok,0.1,5244
2026-09-28T05:21Z,2026-09-28T07:00Z,1.65,Gangtok,0.3,5201
2026-09-28T05:21Z,2026-09-28T08:00Z,2.65,Gangtok,0.3,5221
2026-09-28T05:21Z,2026-09-28T09:00Z,3.65,Gangtok,0.3,5127
2026-09-28T05:21Z,2026-09-28T10:00Z,4.65,Gangtok,0.1,5017
2026-09-28T05:21Z,2026-09-28T11:00Z,5.65,Gangtok,0.1,5182
2026-09-28T05:21Z,2026-09-28T12:00Z,6.65,Gangtok,0.0,5217
2026-09-28T05:21Z,2026-09-28T13:00Z,7.65,Gangtok,0.0,5245
2026-09-28T05:21Z,2026-09-28T03:00Z,-2.35,Thimphu,0.0,5201
2026-09-28T05:21Z,2026-09-28T04:00Z,-1.35,Thimphu,0.0,5187
2026-09-28T05:21Z,2026-09-28T05:00Z,-0.35,Thimphu,0.0,5181
2026-09-28T05:21Z,2026-09-28T06:00Z,0.65,Thimphu,0.0,5193
2026-09-28T05:21Z,2026-09-28T07:00Z,1.65,Thimphu,0.0,5049
2026-09-28T05:21Z,2026-09-28T08:00Z,2.65,Thimphu,0.0,4981
2026-09-28T05:21Z,2026-09-28T09:00Z,3.65,Thimphu,0.1,4977
2026-09-28T05:21Z,2026-09-28T10:00Z,4.65,Thimphu,0.0,5001
2026-09-28T05:21Z,2026-09-28T11:00Z,5.65,Thimphu,0.0,5047
2026-09-28T05:21Z,2026-09-28T12:00Z,6.65,Thimphu,0.0,5205
2026-09-28T05:21Z,2026-09-28T13:00Z,7.65,Thimphu,0.0,5237
2026-09-28T05:21Z,2026-09-28T03:00Z,-2.35,Tawang,0.0,5377
2026-09-28T05:21Z,2026-09-28T04:00Z,-1.35,Tawang,0.0,5383
2026-09-28T05:21Z,2026-09-28T05:00Z,-0.35,Tawang,0.1,5330
2026-09-28T05:21Z,2026-09-28T06:00Z,0.65,Tawang,0.2,5313
2026-09-28T05:21Z,2026-09-28T07:00Z,1.65,Tawang,0.3,5190
2026-09-28T05:21Z,2026-09-28T08:00Z,2.65,Tawang,0.3,5141
2026-09-28T05:21Z,2026-09-28T09:00Z,3.65,Tawang,0.3,5222
2026-09-28T05:21Z,2026-09-28T10:00Z,4.65,Tawang,0.2,5163
2026-09-28T05:21Z,2026-09-28T11:00Z,5.65,Tawang,0.0,5298
2026-09-28T05:21Z,2026-09-28T12:00Z,6.65,Tawang,0.1,5312
2026-09-28T05:21Z,2026-09-28T13:00Z,7.65,Tawang,0.0,5330
2026-09-28T05:21Z,2026-09-28T03:00Z,-2.35,Lhasa,0.0,5220
2026-09-28T05:21Z,2026-09-28T04:00Z,-1.35,Lhasa,0.0,5288
2026-09-28T05:21Z,2026-09-28T05:00Z,-0.35,Lhasa,0.0,5352
2026-09-28T05:21Z,2026-09-28T06:00Z,0.65,Lhasa,0.0,5470
2026-09-28T05:21Z,2026-09-28T07:00Z,1.65,Lhasa,0.0,5512
2026-09-28T05:21Z,2026-09-28T08:00Z,2.65,Lhasa,0.0,5601
2026-09-28T05:21Z,2026-09-28T09:00Z,3.65,Lhasa,0.0,5689
2026-09-28T05:21Z,2026-09-28T10:00Z,4.65,Lhasa,0.0,5729
2026-09-28T05:21Z,2026-09-28T11:00Z,5.65,Lhasa,0.0,5747
2026-09-28T05:21Z,2026-09-28T12:00Z,6.65,Lhasa,0.0,5725
2026-09-28T05:21Z,2026-09-28T13:00Z,7.65,Lhasa,0.0,5691
2026-09-28T05:21Z,2026-09-28T03:00Z,-2.35,Shigatse,0.0,5079
2026-09-28T05:21Z,2026-09-28T04:00Z,-1.35,Shigatse,0.0,5158
2026-09-28T05:21Z,2026-09-28T05:00Z,-0.35,Shigatse,0.0,5204
2026-09-28T05:21Z,2026-09-28T06:00Z,0.65,Shigatse,0.0,5304
2026-09-28T05:21Z,2026-09-28T07:00Z,1.65,Shigatse,0.0,5401
2026-09-28T05:21Z,2026-09-28T08:00Z,2.65,Shigatse,0.0,5473
2026-09-28T05:21Z,2026-09-28T09:00Z,3.65,Shigatse,0.0,5543
2026-09-28T05:21Z,2026-09-28T10:00Z,4.65,Shigatse,0.0,5585
2026-09-28T05:21Z,2026-09-28T11:00Z,5.65,Shigatse,0.0,5602
2026-09-28T05:21Z,2026-09-28T12:00Z,6.65,Shigatse,0.0,5609
2026-09-28T05:21Z,2026-09-28T13:00Z,7.65,Shigatse,0.0,5587
2026-09-28T05:21Z,2026-09-28T03:00Z,-2.35,Itanagar,0.0,5515
2026-09-28T05:21Z,2026-09-28T04:00Z,-1.35,Itanagar,0.1,5562
2026-09-28T05:21Z,2026-09-28T05:00Z,-0.35,Itanagar,0.1,5587
2026-09-28T05:21Z,2026-09-28T06:00Z,0.65,Itanagar,0.1,5587
2026-09-28T05:21Z,2026-09-28T07:00Z,1.65,Itanagar,0.1,5593
2026-09-28T05:21Z,2026-09-28T08:00Z,2.65,Itanagar,0.4,5448
2026-09-28T05:21Z,2026-09-28T09:00Z,3.65,Itanagar,0.5,5424
2026-09-28T05:21Z,2026-09-28T10:00Z,4.65,Itanagar,0.1,5407
2026-09-28T05:21Z,2026-09-28T11:00Z,5.65,Itanagar,0.1,5388
2026-09-28T05:21Z,2026-09-28T12:00Z,6.65,Itanagar,0.1,5419
2026-09-28T05:21Z,2026-09-28T13:00Z,7.65,Itanagar,0.0,5440
2026-09-28T05:29Z,2026-09-28T03:00Z,-2.48,Gilgit,0.0,3859
2026-09-28T05:29Z,2026-09-28T04:00Z,-1.48,Gilgit,0.0,3838
2026-09-28T05:29Z,2026-09-28T05:00Z,-0.48,Gilgit,0.2,3849
2026-09-28T05:29Z,2026-09-28T06:00Z,0.52,Gilgit,0.1,3864
2026-09-28T05:29Z,2026-09-28T07:00Z,1.52,Gilgit,0.0,3977
2026-09-28T05:29Z,2026-09-28T08:00Z,2.52,Gilgit,0.1,3996
2026-09-28T05:29Z,2026-09-28T09:00Z,3.52,Gilgit,0.2,4032
2026-09-28T05:29Z,2026-09-28T10:00Z,4.52,Gilgit,0.3,4034
2026-09-28T05:29Z,2026-09-28T11:00Z,5.52,Gilgit,0.0,4035
2026-09-28T05:29Z,2026-09-28T12:00Z,6.52,Gilgit,0.3,3986
2026-09-28T05:29Z,2026-09-28T13:00Z,7.52,Gilgit,0.0,3952
2026-09-28T05:29Z,2026-09-28T03:00Z,-2.48,Skardu,0.0,4161
2026-09-28T05:29Z,2026-09-28T04:00Z,-1.48,Skardu,0.0,4172
2026-09-28T05:29Z,2026-09-28T05:00Z,-0.48,Skardu,0.0,4172
2026-09-28T05:29Z,2026-09-28T06:00Z,0.52,Skardu,0.0,4208
2026-09-28T05:29Z,2026-09-28T07:00Z,1.52,Skardu,0.0,4229
2026-09-28T05:29Z,2026-09-28T08:00Z,2.52,Skardu,0.1,4217
2026-09-28T05:29Z,2026-09-28T09:00Z,3.52,Skardu,0.1,4240
2026-09-28T05:29Z,2026-09-28T10:00Z,4.52,Skardu,0.2,4239
2026-09-28T05:29Z,2026-09-28T11:00Z,5.52,Skardu,0.2,4193
2026-09-28T05:29Z,2026-09-28T12:00Z,6.52,Skardu,0.1,4169
2026-09-28T05:29Z,2026-09-28T13:00Z,7.52,Skardu,0.1,4118
2026-09-28T05:29Z,2026-09-28T03:00Z,-2.48,Srinagar,0.0,4008
2026-09-28T05:29Z,2026-09-28T04:00Z,-1.48,Srinagar,0.0,3988
2026-09-28T05:29Z,2026-09-28T05:00Z,-0.48,Srinagar,0.0,3970
2026-09-28T05:29Z,2026-09-28T06:00Z,0.52,Srinagar,0.1,3999
2026-09-28T05:29Z,2026-09-28T07:00Z,1.52,Srinagar,0.1,3981
2026-09-28T05:29Z,2026-09-28T08:00Z,2.52,Srinagar,0.5,3990
2026-09-28T05:29Z,2026-09-28T09:00Z,3.52,Srinagar,0.1,3981
2026-09-28T05:29Z,2026-09-28T10:00Z,4.52,Srinagar,0.5,3966
2026-09-28T05:29Z,2026-09-28T11:00Z,5.52,Srinagar,0.2,3997
2026-09-28T05:29Z,2026-09-28T12:00Z,6.52,Srinagar,0.1,3995
2026-09-28T05:29Z,2026-09-28T13:00Z,7.52,Srinagar,0.2,4007
2026-09-28T05:29Z,2026-09-28T03:00Z,-2.48,Leh,0.0,4250
2026-09-28T05:29Z,2026-09-28T04:00Z,-1.48,Leh,0.0,4385
2026-09-28T05:29Z,2026-09-28T05:00Z,-0.48,Leh,0.1,4491
2026-09-28T05:29Z,2026-09-28T06:00Z,0.52,Leh,0.1,4533
2026-09-28T05:29Z,2026-09-28T07:00Z,1.52,Leh,0.1,4547
2026-09-28T05:29Z,2026-09-28T08:00Z,2.52,Leh,0.1,4584
2026-09-28T05:29Z,2026-09-28T09:00Z,3.52,Leh,0.1,4622
2026-09-28T05:29Z,2026-09-28T10:00Z,4.52,Leh,0.1,4642
2026-09-28T05:29Z,2026-09-28T11:00Z,5.52,Leh,0.1,4628
2026-09-28T05:29Z,2026-09-28T12:00Z,6.52,Leh,0.1,4623
2026-09-28T05:29Z,2026-09-28T13:00Z,7.52,Leh,0.0,4549
2026-09-28T05:29Z,2026-09-28T03:00Z,-2.48,Jammu,0.1,4051
2026-09-28T05:29Z,2026-09-28T04:00Z,-1.48,Jammu,0.1,4084
2026-09-28T05:29Z,2026-09-28T05:00Z,-0.48,Jammu,0.0,4044
2026-09-28T05:29Z,2026-09-28T06:00Z,0.52,Jammu,0.0,4022
2026-09-28T05:29Z,2026-09-28T07:00Z,1.52,Jammu,0.0,4059
2026-09-28T05:29Z,2026-09-28T08:00Z,2.52,Jammu,0.0,4129
2026-09-28T05:29Z,2026-09-28T09:00Z,3.52,Jammu,0.0,4084
2026-09-28T05:29Z,2026-09-28T10:00Z,4.52,Jammu,0.0,4002
2026-09-28T05:29Z,2026-09-28T11:00Z,5.52,Jammu,0.0,4119
2026-09-28T05:29Z,2026-09-28T12:00Z,6.52,Jammu,0.0,3957
2026-09-28T05:29Z,2026-09-28T13:00Z,7.52,Jammu,0.0,3994
2026-09-28T05:29Z,2026-09-28T03:00Z,-2.48,Dharamshala,0.0,4116
2026-09-28T05:29Z,2026-09-28T04:00Z,-1.48,Dharamshala,0.1,4133
2026-09-28T05:29Z,2026-09-28T05:00Z,-0.48,Dharamshala,0.3,4074
2026-09-28T05:29Z,2026-09-28T06:00Z,0.52,Dharamshala,1.1,4109
2026-09-28T05:29Z,2026-09-28T07:00Z,1.52,Dharamshala,0.5,4134
2026-09-28T05:29Z,2026-09-28T08:00Z,2.52,Dharamshala,0.4,4175
2026-09-28T05:29Z,2026-09-28T09:00Z,3.52,Dharamshala,0.4,4158
2026-09-28T05:29Z,2026-09-28T10:00Z,4.52,Dharamshala,0.4,4131
2026-09-28T05:29Z,2026-09-28T11:00Z,5.52,Dharamshala,0.1,4141
2026-09-28T05:29Z,2026-09-28T12:00Z,6.52,Dharamshala,0.1,4166
2026-09-28T05:29Z,2026-09-28T13:00Z,7.52,Dharamshala,0.0,4129
2026-09-28T05:29Z,2026-09-28T03:00Z,-2.48,Manali,0.4,4201
2026-09-28T05:29Z,2026-09-28T04:00Z,-1.48,Manali,0.8,4231
2026-09-28T05:29Z,2026-09-28T05:00Z,-0.48,Manali,0.7,4203
2026-09-28T05:29Z,2026-09-28T06:00Z,0.52,Manali,0.8,4160
2026-09-28T05:29Z,2026-09-28T07:00Z,1.52,Manali,1.2,4197
2026-09-28T05:29Z,2026-09-28T08:00Z,2.52,Manali,1.1,4238
2026-09-28T05:29Z,2026-09-28T09:00Z,3.52,Manali,1.4,4255
2026-09-28T05:29Z,2026-09-28T10:00Z,4.52,Manali,0.5,4228
2026-09-28T05:29Z,2026-09-28T11:00Z,5.52,Manali,0.4,4266
2026-09-28T05:29Z,2026-09-28T12:00Z,6.52,Manali,0.7,4225
2026-09-28T05:29Z,2026-09-28T13:00Z,7.52,Manali,0.9,4191
2026-09-28T05:29Z,2026-09-28T03:00Z,-2.48,Kaza,0.1,4523
2026-09-28T05:29Z,2026-09-28T04:00Z,-1.48,Kaza,0.0,4650
2026-09-28T05:29Z,2026-09-28T05:00Z,-0.48,Kaza,0.3,4642
2026-09-28T05:29Z,2026-09-28T06:00Z,0.52,Kaza,1.0,4650
2026-09-28T05:29Z,2026-09-28T07:00Z,1.52,Kaza,0.3,4673
2026-09-28T05:29Z,2026-09-28T08:00Z,2.52,Kaza,0.2,4692
2026-09-28T05:29Z,2026-09-28T09:00Z,3.52,Kaza,0.1,4696
2026-09-28T05:29Z,2026-09-28T10:00Z,4.52,Kaza,0.2,4701
2026-09-28T05:29Z,2026-09-28T11:00Z,5.52,Kaza,0.3,4687
2026-09-28T05:29Z,2026-09-28T12:00Z,6.52,Kaza,0.4,4673
2026-09-28T05:29Z,2026-09-28T13:00Z,7.52,Kaza,1.0,4664
2026-09-28T05:29Z,2026-09-28T03:00Z,-2.48,Shimla,0.0,4253
2026-09-28T05:29Z,2026-09-28T04:00Z,-1.48,Shimla,0.1,4185
2026-09-28T05:29Z,2026-09-28T05:00Z,-0.48,Shimla,0.2,4228
2026-09-28T05:29Z,2026-09-28T06:00Z,0.52,Shimla,0.3,4238
2026-09-28T05:29Z,2026-09-28T07:00Z,1.52,Shimla,0.3,4279
2026-09-28T05:29Z,2026-09-28T08:00Z,2.52,Shimla,0.4,4287
2026-09-28T05:29Z,2026-09-28T09:00Z,3.52,Shimla,0.4,4303
2026-09-28T05:29Z,2026-09-28T10:00Z,4.52,Shimla,1.4,4295
2026-09-28T05:29Z,2026-09-28T11:00Z,5.52,Shimla,2.8,4287
2026-09-28T05:29Z,2026-09-28T12:00Z,6.52,Shimla,2.4,4313
2026-09-28T05:29Z,2026-09-28T13:00Z,7.52,Shimla,1.3,4283
2026-09-28T05:29Z,2026-09-28T03:00Z,-2.48,Dehradun,0.4,4280
2026-09-28T05:29Z,2026-09-28T04:00Z,-1.48,Dehradun,0.0,4289
2026-09-28T05:29Z,2026-09-28T05:00Z,-0.48,Dehradun,0.1,4345
2026-09-28T05:29Z,2026-09-28T06:00Z,0.52,Dehradun,0.2,4361
2026-09-28T05:29Z,2026-09-28T07:00Z,1.52,Dehradun,1.0,4377
2026-09-28T05:29Z,2026-09-28T08:00Z,2.52,Dehradun,0.9,4383
2026-09-28T05:29Z,2026-09-28T09:00Z,3.52,Dehradun,0.8,4382
2026-09-28T05:29Z,2026-09-28T10:00Z,4.52,Dehradun,1.1,4451
2026-09-28T05:29Z,2026-09-28T11:00Z,5.52,Dehradun,1.6,4426
2026-09-28T05:29Z,2026-09-28T12:00Z,6.52,Dehradun,0.2,4419
2026-09-28T05:29Z,2026-09-28T13:00Z,7.52,Dehradun,0.0,4415
2026-09-28T05:29Z,2026-09-28T03:00Z,-2.48,Uttarkashi,0.4,4317
2026-09-28T05:29Z,2026-09-28T04:00Z,-1.48,Uttarkashi,0.1,4339
2026-09-28T05:29Z,2026-09-28T05:00Z,-0.48,Uttarkashi,0.2,4349
2026-09-28T05:29Z,2026-09-28T06:00Z,0.52,Uttarkashi,0.1,4383
2026-09-28T05:29Z,2026-09-28T07:00Z,1.52,Uttarkashi,0.2,4404
2026-09-28T05:29Z,2026-09-28T08:00Z,2.52,Uttarkashi,1.0,4397
2026-09-28T05:29Z,2026-09-28T09:00Z,3.52,Uttarkashi,1.0,4394
2026-09-28T05:29Z,2026-09-28T10:00Z,4.52,Uttarkashi,0.7,4417
2026-09-28T05:29Z,2026-09-28T11:00Z,5.52,Uttarkashi,0.9,4396
2026-09-28T05:29Z,2026-09-28T12:00Z,6.52,Uttarkashi,0.4,4416
2026-09-28T05:29Z,2026-09-28T13:00Z,7.52,Uttarkashi,0.1,4392
2026-09-28T05:29Z,2026-09-28T03:00Z,-2.48,Joshimath,0.0,4303
2026-09-28T05:29Z,2026-09-28T04:00Z,-1.48,Joshimath,0.0,4302
2026-09-28T05:29Z,2026-09-28T05:00Z,-0.48,Joshimath,0.0,4312
2026-09-28T05:29Z,2026-09-28T06:00Z,0.52,Joshimath,0.0,4339
2026-09-28T05:29Z,2026-09-28T07:00Z,1.52,Joshimath,0.2,4348
2026-09-28T05:29Z,2026-09-28T08:00Z,2.52,Joshimath,0.3,4370
2026-09-28T05:29Z,2026-09-28T09:00Z,3.52,Joshimath,0.3,4372
2026-09-28T05:29Z,2026-09-28T10:00Z,4.52,Joshimath,0.4,4357
2026-09-28T05:29Z,2026-09-28T11:00Z,5.52,Joshimath,0.3,4384
2026-09-28T05:29Z,2026-09-28T12:00Z,6.52,Joshimath,0.0,4358
2026-09-28T05:29Z,2026-09-28T13:00Z,7.52,Joshimath,0.0,4377
2026-09-28T05:29Z,2026-09-28T03:00Z,-2.48,Bhimtal,0.0,4266
2026-09-28T05:29Z,2026-09-28T04:00Z,-1.48,Bhimtal,0.0,4364
2026-09-28T05:29Z,2026-09-28T05:00Z,-0.48,Bhimtal,0.1,4339
2026-09-28T05:29Z,2026-09-28T06:00Z,0.52,Bhimtal,0.0,4395
2026-09-28T05:29Z,2026-09-28T07:00Z,1.52,Bhimtal,0.0,4422
2026-09-28T05:29Z,2026-09-28T08:00Z,2.52,Bhimtal,0.1,4505
2026-09-28T05:29Z,2026-09-28T09:00Z,3.52,Bhimtal,0.1,4557
2026-09-28T05:29Z,2026-09-28T10:00Z,4.52,Bhimtal,0.1,4608
2026-09-28T05:29Z,2026-09-28T11:00Z,5.52,Bhimtal,0.1,4645
2026-09-28T05:29Z,2026-09-28T12:00Z,6.52,Bhimtal,0.0,4654
2026-09-28T05:29Z,2026-09-28T13:00Z,7.52,Bhimtal,0.0,4604
2026-09-28T05:29Z,2026-09-28T03:00Z,-2.48,Pithoragarh,0.0,4255
2026-09-28T05:29Z,2026-09-28T04:00Z,-1.48,Pithoragarh,0.0,4271
2026-09-28T05:29Z,2026-09-28T05:00Z,-0.48,Pithoragarh,0.0,4281
2026-09-28T05:29Z,2026-09-28T06:00Z,0.52,Pithoragarh,0.0,4353
2026-09-28T05:29Z,2026-09-28T07:00Z,1.52,Pithoragarh,0.0,4366
2026-09-28T05:29Z,2026-09-28T08:00Z,2.52,Pithoragarh,0.0,4431
2026-09-28T05:29Z,2026-09-28T09:00Z,3.52,Pithoragarh,0.1,4460
2026-09-28T05:29Z,2026-09-28T10:00Z,4.52,Pithoragarh,0.2,4494
2026-09-28T05:29Z,2026-09-28T11:00Z,5.52,Pithoragarh,0.1,4524
2026-09-28T05:29Z,2026-09-28T12:00Z,6.52,Pithoragarh,0.0,4517
2026-09-28T05:29Z,2026-09-28T13:00Z,7.52,Pithoragarh,0.0,4486
2026-09-28T05:29Z,2026-09-28T03:00Z,-2.48,Jumla,0.0,4543
2026-09-28T05:29Z,2026-09-28T04:00Z,-1.48,Jumla,0.0,4518
2026-09-28T05:29Z,2026-09-28T05:00Z,-0.48,Jumla,0.1,4519
2026-09-28T05:29Z,2026-09-28T06:00Z,0.52,Jumla,0.1,4477
2026-09-28T05:29Z,2026-09-28T07:00Z,1.52,Jumla,0.2,4498
2026-09-28T05:29Z,2026-09-28T08:00Z,2.52,Jumla,0.2,4529
2026-09-28T05:29Z,2026-09-28T09:00Z,3.52,Jumla,0.4,4536
2026-09-28T05:29Z,2026-09-28T10:00Z,4.52,Jumla,0.3,4555
2026-09-28T05:29Z,2026-09-28T11:00Z,5.52,Jumla,0.1,4657
2026-09-28T05:29Z,2026-09-28T12:00Z,6.52,Jumla,0.0,4626
2026-09-28T05:29Z,2026-09-28T13:00Z,7.52,Jumla,0.0,4595
2026-09-28T05:29Z,2026-09-28T03:00Z,-2.48,Jomsom,0.0,4709
2026-09-28T05:29Z,2026-09-28T04:00Z,-1.48,Jomsom,0.0,4730
2026-09-28T05:29Z,2026-09-28T05:00Z,-0.48,Jomsom,0.0,4733
2026-09-28T05:29Z,2026-09-28T06:00Z,0.52,Jomsom,0.1,4757
2026-09-28T05:29Z,2026-09-28T07:00Z,1.52,Jomsom,0.1,4746
2026-09-28T05:29Z,2026-09-28T08:00Z,2.52,Jomsom,0.1,4773
2026-09-28T05:29Z,2026-09-28T09:00Z,3.52,Jomsom,0.1,4821
2026-09-28T05:29Z,2026-09-28T10:00Z,4.52,Jomsom,0.0,4819
2026-09-28T05:29Z,2026-09-28T11:00Z,5.52,Jomsom,0.0,4821
2026-09-28T05:29Z,2026-09-28T12:00Z,6.52,Jomsom,0.0,4781
2026-09-28T05:29Z,2026-09-28T13:00Z,7.52,Jomsom,0.0,4709
2026-09-28T05:29Z,2026-09-28T03:00Z,-2.48,Pokhara,0.0,4808
2026-09-28T05:29Z,2026-09-28T04:00Z,-1.48,Pokhara,0.0,4762
2026-09-28T05:29Z,2026-09-28T05:00Z,-0.48,Pokhara,0.0,4763
2026-09-28T05:29Z,2026-09-28T06:00Z,0.52,Pokhara,0.0,4800
2026-09-28T05:29Z,2026-09-28T07:00Z,1.52,Pokhara,0.0,4796
2026-09-28T05:29Z,2026-09-28T08:00Z,2.52,Pokhara,0.0,4736
2026-09-28T05:29Z,2026-09-28T09:00Z,3.52,Pokhara,0.0,4702
2026-09-28T05:29Z,2026-09-28T10:00Z,4.52,Pokhara,0.0,4702
2026-09-28T05:29Z,2026-09-28T11:00Z,5.52,Pokhara,0.0,4731
2026-09-28T05:29Z,2026-09-28T12:00Z,6.52,Pokhara,0.0,4750
2026-09-28T05:29Z,2026-09-28T13:00Z,7.52,Pokhara,0.0,4768
2026-09-28T05:29Z,2026-09-28T03:00Z,-2.48,Kathmandu,0.0,5032
2026-09-28T05:29Z,2026-09-28T04:00Z,-1.48,Kathmandu,0.0,5059
2026-09-28T05:29Z,2026-09-28T05:00Z,-0.48,Kathmandu,0.0,5061
2026-09-28T05:29Z,2026-09-28T06:00Z,0.52,Kathmandu,0.2,5058
2026-09-28T05:29Z,2026-09-28T07:00Z,1.52,Kathmandu,0.3,5045
2026-09-28T05:29Z,2026-09-28T08:00Z,2.52,Kathmandu,0.3,5031
2026-09-28T05:29Z,2026-09-28T09:00Z,3.52,Kathmandu,0.2,5016
2026-09-28T05:29Z,2026-09-28T10:00Z,4.52,Kathmandu,0.2,5012
2026-09-28T05:29Z,2026-09-28T11:00Z,5.52,Kathmandu,0.0,4972
2026-09-28T05:29Z,2026-09-28T12:00Z,6.52,Kathmandu,0.0,5058
2026-09-28T05:29Z,2026-09-28T13:00Z,7.52,Kathmandu,0.0,5087
2026-09-28T05:29Z,2026-09-28T03:00Z,-2.48,Namche Bazaar,0.0,4935
2026-09-28T05:29Z,2026-09-28T04:00Z,-1.48,Namche Bazaar,0.0,4995
2026-09-28T05:29Z,2026-09-28T05:00Z,-0.48,Namche Bazaar,0.0,5063
2026-09-28T05:29Z,2026-09-28T06:00Z,0.52,Namche Bazaar,0.1,5118
2026-09-28T05:29Z,2026-09-28T07:00Z,1.52,Namche Bazaar,0.2,5140
2026-09-28T05:29Z,2026-09-28T08:00Z,2.52,Namche Bazaar,0.3,5177
2026-09-28T05:29Z,2026-09-28T09:00Z,3.52,Namche Bazaar,0.1,5118
2026-09-28T05:29Z,2026-09-28T10:00Z,4.52,Namche Bazaar,0.0,5106
2026-09-28T05:29Z,2026-09-28T11:00Z,5.52,Namche Bazaar,0.0,5112
2026-09-28T05:29Z,2026-09-28T12:00Z,6.52,Namche Bazaar,0.0,5126
2026-09-28T05:29Z,2026-09-28T13:00Z,7.52,Namche Bazaar,0.0,5163
2026-09-28T05:29Z,2026-09-28T03:00Z,-2.48,Darjeeling,0.0,5229
2026-09-28T05:29Z,2026-09-28T04:00Z,-1.48,Darjeeling,0.0,5213
2026-09-28T05:29Z,2026-09-28T05:00Z,-0.48,Darjeeling,0.0,5229
2026-09-28T05:29Z,2026-09-28T06:00Z,0.52,Darjeeling,0.0,5209
2026-09-28T05:29Z,2026-09-28T07:00Z,1.52,Darjeeling,0.1,5207
2026-09-28T05:29Z,2026-09-28T08:00Z,2.52,Darjeeling,0.1,5212
2026-09-28T05:29Z,2026-09-28T09:00Z,3.52,Darjeeling,0.1,5174
2026-09-28T05:29Z,2026-09-28T10:00Z,4.52,Darjeeling,0.0,5121
2026-09-28T05:29Z,2026-09-28T11:00Z,5.52,Darjeeling,0.0,5186
2026-09-28T05:29Z,2026-09-28T12:00Z,6.52,Darjeeling,0.0,5206
2026-09-28T05:29Z,2026-09-28T13:00Z,7.52,Darjeeling,0.0,5226
2026-09-28T05:29Z,2026-09-28T03:00Z,-2.48,Gangtok,0.0,5289
2026-09-28T05:29Z,2026-09-28T04:00Z,-1.48,Gangtok,0.0,5244
2026-09-28T05:29Z,2026-09-28T05:00Z,-0.48,Gangtok,0.0,5251
2026-09-28T05:29Z,2026-09-28T06:00Z,0.52,Gangtok,0.1,5244
2026-09-28T05:29Z,2026-09-28T07:00Z,1.52,Gangtok,0.3,5201
2026-09-28T05:29Z,2026-09-28T08:00Z,2.52,Gangtok,0.3,5221
2026-09-28T05:29Z,2026-09-28T09:00Z,3.52,Gangtok,0.3,5127
2026-09-28T05:29Z,2026-09-28T10:00Z,4.52,Gangtok,0.1,5017
2026-09-28T05:29Z,2026-09-28T11:00Z,5.52,Gangtok,0.1,5182
2026-09-28T05:29Z,2026-09-28T12:00Z,6.52,Gangtok,0.0,5217
2026-09-28T05:29Z,2026-09-28T13:00Z,7.52,Gangtok,0.0,5245
2026-09-28T05:29Z,2026-09-28T03:00Z,-2.48,Thimphu,0.0,5201
2026-09-28T05:29Z,2026-09-28T04:00Z,-1.48,Thimphu,0.0,5187
2026-09-28T05:29Z,2026-09-28T05:00Z,-0.48,Thimphu,0.0,5181
2026-09-28T05:29Z,2026-09-28T06:00Z,0.52,Thimphu,0.0,5193
2026-09-28T05:29Z,2026-09-28T07:00Z,1.52,Thimphu,0.0,5049
2026-09-28T05:29Z,2026-09-28T08:00Z,2.52,Thimphu,0.0,4981
2026-09-28T05:29Z,2026-09-28T09:00Z,3.52,Thimphu,0.1,4977
2026-09-28T05:29Z,2026-09-28T10:00Z,4.52,Thimphu,0.0,5001
2026-09-28T05:29Z,2026-09-28T11:00Z,5.52,Thimphu,0.0,5047
2026-09-28T05:29Z,2026-09-28T12:00Z,6.52,Thimphu,0.0,5205
2026-09-28T05:29Z,2026-09-28T13:00Z,7.52,Thimphu,0.0,5237
2026-09-28T05:29Z,2026-09-28T03:00Z,-2.48,Tawang,0.0,5377
2026-09-28T05:29Z,2026-09-28T04:00Z,-1.48,Tawang,0.0,5383
2026-09-28T05:29Z,2026-09-28T05:00Z,-0.48,Tawang,0.1,5330
2026-09-28T05:29Z,2026-09-28T06:00Z,0.52,Tawang,0.2,5313
2026-09-28T05:29Z,2026-09-28T07:00Z,1.52,Tawang,0.3,5190
2026-09-28T05:29Z,2026-09-28T08:00Z,2.52,Tawang,0.3,5141
2026-09-28T05:29Z,2026-09-28T09:00Z,3.52,Tawang,0.3,5222
2026-09-28T05:29Z,2026-09-28T10:00Z,4.52,Tawang,0.2,5163
2026-09-28T05:29Z,2026-09-28T11:00Z,5.52,Tawang,0.0,5298
2026-09-28T05:29Z,2026-09-28T12:00Z,6.52,Tawang,0.1,5312
2026-09-28T05:29Z,2026-09-28T13:00Z,7.52,Tawang,0.0,5330
2026-09-28T05:29Z,2026-09-28T03:00Z,-2.48,Lhasa,0.0,5220
2026-09-28T05:29Z,2026-09-28T04:00Z,-1.48,Lhasa,0.0,5288
2026-09-28T05:29Z,2026-09-28T05:00Z,-0.48,Lhasa,0.0,5352
2026-09-28T05:29Z,2026-09-28T06:00Z,0.52,Lhasa,0.0,5470
2026-09-28T05:29Z,2026-09-28T07:00Z,1.52,Lhasa,0.0,5512
2026-09-28T05:29Z,2026-09-28T08:00Z,2.52,Lhasa,0.0,5601
2026-09-28T05:29Z,2026-09-28T09:00Z,3.52,Lhasa,0.0,5689
2026-09-28T05:29Z,2026-09-28T10:00Z,4.52,Lhasa,0.0,5729
2026-09-28T05:29Z,2026-09-28T11:00Z,5.52,Lhasa,0.0,5747
2026-09-28T05:29Z,2026-09-28T12:00Z,6.52,Lhasa,0.0,5725
2026-09-28T05:29Z,2026-09-28T13:00Z,7.52,Lhasa,0.0,5691
2026-09-28T05:29Z,2026-09-28T03:00Z,-2.48,Shigatse,0.0,5079
2026-09-28T05:29Z,2026-09-28T04:00Z,-1.48,Shigatse,0.0,5158
2026-09-28T05:29Z,2026-09-28T05:00Z,-0.48,Shigatse,0.0,5204
2026-09-28T05:29Z,2026-09-28T06:00Z,0.52,Shigatse,0.0,5304
2026-09-28T05:29Z,2026-09-28T07:00Z,1.52,Shigatse,0.0,5401
2026-09-28T05:29Z,2026-09-28T08:00Z,2.52,Shigatse,0.0,5473
2026-09-28T05:29Z,2026-09-28T09:00Z,3.52,Shigatse,0.0,5543
2026-09-28T05:29Z,2026-09-28T10:00Z,4.52,Shigatse,0.0,5585
2026-09-28T05:29Z,2026-09-28T11:00Z,5.52,Shigatse,0.0,5602
2026-09-28T05:29Z,2026-09-28T12:00Z,6.52,Shigatse,0.0,5609
2026-09-28T05:29Z,2026-09-28T13:00Z,7.52,Shigatse,0.0,5587
2026-09-28T05:29Z,2026-09-28T03:00Z,-2.48,Itanagar,0.0,5515
2026-09-28T05:29Z,2026-09-28T04:00Z,-1.48,Itanagar,0.1,5562
2026-09-28T05:29Z,2026-09-28T05:00Z,-0.48,Itanagar,0.1,5587
2026-09-28T05:29Z,2026-09-28T06:00Z,0.52,Itanagar,0.1,5587
2026-09-28T05:29Z,2026-09-28T07:00Z,1.52,Itanagar,0.1,5593
2026-09-28T05:29Z,2026-09-28T08:00Z,2.52,Itanagar,0.4,5448
2026-09-28T05:29Z,2026-09-28T09:00Z,3.52,Itanagar,0.5,5424
2026-09-28T05:29Z,2026-09-28T10:00Z,4.52,Itanagar,0.1,5407
2026-09-28T05:29Z,2026-09-28T11:00Z,5.52,Itanagar,0.1,5388
2026-09-28T05:29Z,2026-09-28T12:00Z,6.52,Itanagar,0.1,5419
2026-09-28T05:29Z,2026-09-28T13:00Z,7.52,Itanagar,0.0,5440
2026-09-28T14:04Z,2026-09-28T12:00Z,-2.07,Gilgit,0.2,3803
2026-09-28T14:04Z,2026-09-28T13:00Z,-1.07,Gilgit,0.0,3813
2026-09-28T14:04Z,2026-09-28T14:00Z,-0.07,Gilgit,0.0,3785
2026-09-28T14:04Z,2026-09-28T15:00Z,0.93,Gilgit,0.0,3780
2026-09-28T14:04Z,2026-09-28T16:00Z,1.93,Gilgit,0.0,3759
2026-09-28T14:04Z,2026-09-28T17:00Z,2.93,Gilgit,0.0,3764
2026-09-28T14:04Z,2026-09-28T18:00Z,3.93,Gilgit,0.0,3753
2026-09-28T14:04Z,2026-09-28T19:00Z,4.93,Gilgit,0.0,3743
2026-09-28T14:04Z,2026-09-28T20:00Z,5.93,Gilgit,0.0,3723
2026-09-28T14:04Z,2026-09-28T21:00Z,6.93,Gilgit,0.0,3704
2026-09-28T14:04Z,2026-09-28T22:00Z,7.93,Gilgit,0.0,3694
2026-09-28T14:04Z,2026-09-28T12:00Z,-2.07,Skardu,0.2,4116
2026-09-28T14:04Z,2026-09-28T13:00Z,-1.07,Skardu,0.3,4103
2026-09-28T14:04Z,2026-09-28T14:00Z,-0.07,Skardu,0.3,4083
2026-09-28T14:04Z,2026-09-28T15:00Z,0.93,Skardu,0.4,4070
2026-09-28T14:04Z,2026-09-28T16:00Z,1.93,Skardu,0.4,4050
2026-09-28T14:04Z,2026-09-28T17:00Z,2.93,Skardu,0.2,4029
2026-09-28T14:04Z,2026-09-28T18:00Z,3.93,Skardu,0.1,4006
2026-09-28T14:04Z,2026-09-28T19:00Z,4.93,Skardu,0.1,3977
2026-09-28T14:04Z,2026-09-28T20:00Z,5.93,Skardu,0.0,3994
2026-09-28T14:04Z,2026-09-28T21:00Z,6.93,Skardu,0.0,3976
2026-09-28T14:04Z,2026-09-28T22:00Z,7.93,Skardu,0.0,3978
2026-09-28T14:04Z,2026-09-28T12:00Z,-2.07,Srinagar,0.1,3899
2026-09-28T14:04Z,2026-09-28T13:00Z,-1.07,Srinagar,0.2,3913
2026-09-28T14:04Z,2026-09-28T14:00Z,-0.07,Srinagar,0.3,3917
2026-09-28T14:04Z,2026-09-28T15:00Z,0.93,Srinagar,0.2,3913
2026-09-28T14:04Z,2026-09-28T16:00Z,1.93,Srinagar,0.1,3918
2026-09-28T14:04Z,2026-09-28T17:00Z,2.93,Srinagar,0.0,3919
2026-09-28T14:04Z,2026-09-28T18:00Z,3.93,Srinagar,0.0,3915
2026-09-28T14:04Z,2026-09-28T19:00Z,4.93,Srinagar,0.0,3909
2026-09-28T14:04Z,2026-09-28T20:00Z,5.93,Srinagar,0.0,3909
2026-09-28T14:04Z,2026-09-28T21:00Z,6.93,Srinagar,0.0,3905
2026-09-28T14:04Z,2026-09-28T22:00Z,7.93,Srinagar,0.0,3904
2026-09-28T14:04Z,2026-09-28T12:00Z,-2.07,Leh,0.7,4643
2026-09-28T14:04Z,2026-09-28T13:00Z,-1.07,Leh,1.0,4593
2026-09-28T14:04Z,2026-09-28T14:00Z,-0.07,Leh,0.3,4544
2026-09-28T14:04Z,2026-09-28T15:00Z,0.93,Leh,0.1,4509
2026-09-28T14:04Z,2026-09-28T16:00Z,1.93,Leh,0.1,4452
2026-09-28T14:04Z,2026-09-28T17:00Z,2.93,Leh,0.0,4391
2026-09-28T14:04Z,2026-09-28T18:00Z,3.93,Leh,0.0,4371
2026-09-28T14:04Z,2026-09-28T19:00Z,4.93,Leh,0.0,4330
2026-09-28T14:04Z,2026-09-28T20:00Z,5.93,Leh,0.0,4227
2026-09-28T14:04Z,2026-09-28T21:00Z,6.93,Leh,0.0,4190
2026-09-28T14:04Z,2026-09-28T22:00Z,7.93,Leh,0.0,4152
2026-09-28T14:04Z,2026-09-28T12:00Z,-2.07,Jammu,0.0,3989
2026-09-28T14:04Z,2026-09-28T13:00Z,-1.07,Jammu,0.0,3993
2026-09-28T14:04Z,2026-09-28T14:00Z,-0.07,Jammu,0.0,4031
2026-09-28T14:04Z,2026-09-28T15:00Z,0.93,Jammu,0.0,4056
2026-09-28T14:04Z,2026-09-28T16:00Z,1.93,Jammu,0.0,4046
2026-09-28T14:04Z,2026-09-28T17:00Z,2.93,Jammu,0.0,4034
2026-09-28T14:04Z,2026-09-28T18:00Z,3.93,Jammu,0.0,4034
2026-09-28T14:04Z,2026-09-28T19:00Z,4.93,Jammu,0.0,4051
2026-09-28T14:04Z,2026-09-28T20:00Z,5.93,Jammu,0.0,4071
2026-09-28T14:04Z,2026-09-28T21:00Z,6.93,Jammu,0.0,4078
2026-09-28T14:04Z,2026-09-28T22:00Z,7.93,Jammu,0.0,4068
2026-09-28T14:04Z,2026-09-28T12:00Z,-2.07,Dharamshala,0.1,4187
2026-09-28T14:04Z,2026-09-28T13:00Z,-1.07,Dharamshala,0.1,4156
2026-09-28T14:04Z,2026-09-28T14:00Z,-0.07,Dharamshala,0.0,4263
2026-09-28T14:04Z,2026-09-28T15:00Z,0.93,Dharamshala,0.0,4100
2026-09-28T14:04Z,2026-09-28T16:00Z,1.93,Dharamshala,0.0,4038
2026-09-28T14:04Z,2026-09-28T17:00Z,2.93,Dharamshala,0.0,4061
2026-09-28T14:04Z,2026-09-28T18:00Z,3.93,Dharamshala,0.0,4064
2026-09-28T14:04Z,2026-09-28T19:00Z,4.93,Dharamshala,0.0,4065
2026-09-28T14:04Z,2026-09-28T20:00Z,5.93,Dharamshala,0.0,4074
2026-09-28T14:04Z,2026-09-28T21:00Z,6.93,Dharamshala,0.0,4093
2026-09-28T14:04Z,2026-09-28T22:00Z,7.93,Dharamshala,0.0,4086
2026-09-28T14:04Z,2026-09-28T12:00Z,-2.07,Manali,1.4,4170
2026-09-28T14:04Z,2026-09-28T13:00Z,-1.07,Manali,1.4,4188
2026-09-28T14:04Z,2026-09-28T14:00Z,-0.07,Manali,0.9,4185
2026-09-28T14:04Z,2026-09-28T15:00Z,0.93,Manali,0.3,4181
2026-09-28T14:04Z,2026-09-28T16:00Z,1.93,Manali,0.0,4184
2026-09-28T14:04Z,2026-09-28T17:00Z,2.93,Manali,0.0,4155
2026-09-28T14:04Z,2026-09-28T18:00Z,3.93,Manali,0.0,4171
2026-09-28T14:04Z,2026-09-28T19:00Z,4.93,Manali,0.0,4129
2026-09-28T14:04Z,2026-09-28T20:00Z,5.93,Manali,0.0,4115
2026-09-28T14:04Z,2026-09-28T21:00Z,6.93,Manali,0.0,4129
2026-09-28T14:04Z,2026-09-28T22:00Z,7.93,Manali,0.0,4112
2026-09-28T14:04Z,2026-09-28T12:00Z,-2.07,Kaza,0.7,4687
2026-09-28T14:04Z,2026-09-28T13:00Z,-1.07,Kaza,0.7,4672
2026-09-28T14:04Z,2026-09-28T14:00Z,-0.07,Kaza,1.1,4663
2026-09-28T14:04Z,2026-09-28T15:00Z,0.93,Kaza,1.0,4599
2026-09-28T14:04Z,2026-09-28T16:00Z,1.93,Kaza,0.7,4587
2026-09-28T14:04Z,2026-09-28T17:00Z,2.93,Kaza,0.3,4566
2026-09-28T14:04Z,2026-09-28T18:00Z,3.93,Kaza,0.2,4543
2026-09-28T14:04Z,2026-09-28T19:00Z,4.93,Kaza,0.0,4514
2026-09-28T14:04Z,2026-09-28T20:00Z,5.93,Kaza,0.0,4477
2026-09-28T14:04Z,2026-09-28T21:00Z,6.93,Kaza,0.0,4442
2026-09-28T14:04Z,2026-09-28T22:00Z,7.93,Kaza,0.0,4410
2026-09-28T14:04Z,2026-09-28T12:00Z,-2.07,Shimla,0.0,4191
2026-09-28T14:04Z,2026-09-28T13:00Z,-1.07,Shimla,0.6,4160
2026-09-28T14:04Z,2026-09-28T14:00Z,-0.07,Shimla,0.6,4189
2026-09-28T14:04Z,2026-09-28T15:00Z,0.93,Shimla,0.1,4185
2026-09-28T14:04Z,2026-09-28T16:00Z,1.93,Shimla,0.0,4224
2026-09-28T14:04Z,2026-09-28T17:00Z,2.93,Shimla,0.0,4207
2026-09-28T14:04Z,2026-09-28T18:00Z,3.93,Shimla,0.0,4215
2026-09-28T14:04Z,2026-09-28T19:00Z,4.93,Shimla,0.0,4205
2026-09-28T14:04Z,2026-09-28T20:00Z,5.93,Shimla,0.0,4197
2026-09-28T14:04Z,2026-09-28T21:00Z,6.93,Shimla,0.0,4174
2026-09-28T14:04Z,2026-09-28T22:00Z,7.93,Shimla,0.0,4163
2026-09-28T14:04Z,2026-09-28T12:00Z,-2.07,Dehradun,0.2,4346
2026-09-28T14:04Z,2026-09-28T13:00Z,-1.07,Dehradun,0.4,4382
2026-09-28T14:04Z,2026-09-28T14:00Z,-0.07,Dehradun,0.1,4415
2026-09-28T14:04Z,2026-09-28T15:00Z,0.93,Dehradun,0.0,4422
2026-09-28T14:04Z,2026-09-28T16:00Z,1.93,Dehradun,0.0,4456
2026-09-28T14:04Z,2026-09-28T17:00Z,2.93,Dehradun,0.0,4465
2026-09-28T14:04Z,2026-09-28T18:00Z,3.93,Dehradun,0.0,4509
2026-09-28T14:04Z,2026-09-28T19:00Z,4.93,Dehradun,0.0,4473
2026-09-28T14:04Z,2026-09-28T20:00Z,5.93,Dehradun,0.0,4407
2026-09-28T14:04Z,2026-09-28T21:00Z,6.93,Dehradun,0.0,4343
2026-09-28T14:04Z,2026-09-28T22:00Z,7.93,Dehradun,0.0,4313
2026-09-28T14:04Z,2026-09-28T12:00Z,-2.07,Uttarkashi,0.2,4379
2026-09-28T14:04Z,2026-09-28T13:00Z,-1.07,Uttarkashi,0.2,4367
2026-09-28T14:04Z,2026-09-28T14:00Z,-0.07,Uttarkashi,0.1,4393
2026-09-28T14:04Z,2026-09-28T15:00Z,0.93,Uttarkashi,0.0,4429
2026-09-28T14:04Z,2026-09-28T16:00Z,1.93,Uttarkashi,0.0,4418
2026-09-28T14:04Z,2026-09-28T17:00Z,2.93,Uttarkashi,0.0,4406
2026-09-28T14:04Z,2026-09-28T18:00Z,3.93,Uttarkashi,0.0,4427
2026-09-28T14:04Z,2026-09-28T19:00Z,4.93,Uttarkashi,0.0,4390
2026-09-28T14:04Z,2026-09-28T20:00Z,5.93,Uttarkashi,0.0,4381
2026-09-28T14:04Z,2026-09-28T21:00Z,6.93,Uttarkashi,0.0,4368
2026-09-28T14:04Z,2026-09-28T22:00Z,7.93,Uttarkashi,0.0,4344
2026-09-28T14:04Z,2026-09-28T12:00Z,-2.07,Joshimath,0.0,4331
2026-09-28T14:04Z,2026-09-28T13:00Z,-1.07,Joshimath,0.0,4370
2026-09-28T14:04Z,2026-09-28T14:00Z,-0.07,Joshimath,0.0,4365
2026-09-28T14:04Z,2026-09-28T15:00Z,0.93,Joshimath,0.0,4326
2026-09-28T14:04Z,2026-09-28T16:00Z,1.93,Joshimath,0.0,4414
2026-09-28T14:04Z,2026-09-28T17:00Z,2.93,Joshimath,0.0,4367
2026-09-28T14:04Z,2026-09-28T18:00Z,3.93,Joshimath,0.0,4421
2026-09-28T14:04Z,2026-09-28T19:00Z,4.93,Joshimath,0.0,4395
2026-09-28T14:04Z,2026-09-28T20:00Z,5.93,Joshimath,0.0,4371
2026-09-28T14:04Z,2026-09-28T21:00Z,6.93,Joshimath,0.0,4387
2026-09-28T14:04Z,2026-09-28T22:00Z,7.93,Joshimath,0.0,4350
2026-09-28T14:04Z,2026-09-28T12:00Z,-2.07,Bhimtal,0.0,4589
2026-09-28T14:04Z,2026-09-28T13:00Z,-1.07,Bhimtal,0.0,4580
2026-09-28T14:04Z,2026-09-28T14:00Z,-0.07,Bhimtal,0.0,4603
2026-09-28T14:04Z,2026-09-28T15:00Z,0.93,Bhimtal,0.0,4624
2026-09-28T14:04Z,2026-09-28T16:00Z,1.93,Bhimtal,0.0,4583
2026-09-28T14:04Z,2026-09-28T17:00Z,2.93,Bhimtal,0.0,4552
2026-09-28T14:04Z,2026-09-28T18:00Z,3.93,Bhimtal,0.0,4534
2026-09-28T14:04Z,2026-09-28T19:00Z,4.93,Bhimtal,0.0,4506
2026-09-28T14:04Z,2026-09-28T20:00Z,5.93,Bhimtal,0.0,4486
2026-09-28T14:04Z,2026-09-28T21:00Z,6.93,Bhimtal,0.0,4457
2026-09-28T14:04Z,2026-09-28T22:00Z,7.93,Bhimtal,0.0,4441
2026-09-28T14:04Z,2026-09-28T12:00Z,-2.07,Pithoragarh,0.0,4481
2026-09-28T14:04Z,2026-09-28T13:00Z,-1.07,Pithoragarh,0.0,4478
2026-09-28T14:04Z,2026-09-28T14:00Z,-0.07,Pithoragarh,0.0,4469
2026-09-28T14:04Z,2026-09-28T15:00Z,0.93,Pithoragarh,0.0,4502
2026-09-28T14:04Z,2026-09-28T16:00Z,1.93,Pithoragarh,0.0,4556
2026-09-28T14:04Z,2026-09-28T17:00Z,2.93,Pithoragarh,0.0,4552
2026-09-28T14:04Z,2026-09-28T18:00Z,3.93,Pithoragarh,0.0,4546
2026-09-28T14:04Z,2026-09-28T19:00Z,4.93,Pithoragarh,0.0,4522
2026-09-28T14:04Z,2026-09-28T20:00Z,5.93,Pithoragarh,0.0,4507
2026-09-28T14:04Z,2026-09-28T21:00Z,6.93,Pithoragarh,0.0,4474
2026-09-28T14:04Z,2026-09-28T22:00Z,7.93,Pithoragarh,0.0,4418
2026-09-28T14:04Z,2026-09-28T12:00Z,-2.07,Jumla,0.0,4627
2026-09-28T14:04Z,2026-09-28T13:00Z,-1.07,Jumla,0.0,4606
2026-09-28T14:04Z,2026-09-28T14:00Z,-0.07,Jumla,0.0,4584
2026-09-28T14:04Z,2026-09-28T15:00Z,0.93,Jumla,0.0,4563
2026-09-28T14:04Z,2026-09-28T16:00Z,1.93,Jumla,0.0,4538
2026-09-28T14:04Z,2026-09-28T17:00Z,2.93,Jumla,0.0,4500
2026-09-28T14:04Z,2026-09-28T18:00Z,3.93,Jumla,0.0,4455
2026-09-28T14:04Z,2026-09-28T19:00Z,4.93,Jumla,0.0,4402
2026-09-28T14:04Z,2026-09-28T20:00Z,5.93,Jumla,0.0,4388
2026-09-28T14:04Z,2026-09-28T21:00Z,6.93,Jumla,0.0,4399
2026-09-28T14:04Z,2026-09-28T22:00Z,7.93,Jumla,0.0,4405
2026-09-28T14:04Z,2026-09-28T12:00Z,-2.07,Jomsom,0.0,4788
2026-09-28T14:04Z,2026-09-28T13:00Z,-1.07,Jomsom,0.0,4725
2026-09-28T14:04Z,2026-09-28T14:00Z,-0.07,Jomsom,0.0,4704
2026-09-28T14:04Z,2026-09-28T15:00Z,0.93,Jomsom,0.0,4672
2026-09-28T14:04Z,2026-09-28T16:00Z,1.93,Jomsom,0.0,4677
2026-09-28T14:04Z,2026-09-28T17:00Z,2.93,Jomsom,0.0,4656
2026-09-28T14:04Z,2026-09-28T18:00Z,3.93,Jomsom,0.0,4647
2026-09-28T14:04Z,2026-09-28T19:00Z,4.93,Jomsom,0.0,4648
2026-09-28T14:04Z,2026-09-28T20:00Z,5.93,Jomsom,0.0,4639
2026-09-28T14:04Z,2026-09-28T21:00Z,6.93,Jomsom,0.0,4662
2026-09-28T14:04Z,2026-09-28T22:00Z,7.93,Jomsom,0.0,4677
2026-09-28T14:04Z,2026-09-28T12:00Z,-2.07,Pokhara,0.0,4742
2026-09-28T14:04Z,2026-09-28T13:00Z,-1.07,Pokhara,0.0,4799
2026-09-28T14:04Z,2026-09-28T14:00Z,-0.07,Pokhara,0.0,4869
2026-09-28T14:04Z,2026-09-28T15:00Z,0.93,Pokhara,0.0,4873
2026-09-28T14:04Z,2026-09-28T16:00Z,1.93,Pokhara,0.0,4891
2026-09-28T14:04Z,2026-09-28T17:00Z,2.93,Pokhara,0.0,4856
2026-09-28T14:04Z,2026-09-28T18:00Z,3.93,Pokhara,0.0,4867
2026-09-28T14:04Z,2026-09-28T19:00Z,4.93,Pokhara,0.0,4861
2026-09-28T14:04Z,2026-09-28T20:00Z,5.93,Pokhara,0.0,4861
2026-09-28T14:04Z,2026-09-28T21:00Z,6.93,Pokhara,0.0,4892
2026-09-28T14:04Z,2026-09-28T22:00Z,7.93,Pokhara,0.0,4942
2026-09-28T14:04Z,2026-09-28T12:00Z,-2.07,Kathmandu,0.0,5042
2026-09-28T14:04Z,2026-09-28T13:00Z,-1.07,Kathmandu,0.0,5088
2026-09-28T14:04Z,2026-09-28T14:00Z,-0.07,Kathmandu,0.0,5137
2026-09-28T14:04Z,2026-09-28T15:00Z,0.93,Kathmandu,0.0,5153
2026-09-28T14:04Z,2026-09-28T16:00Z,1.93,Kathmandu,0.0,5153
2026-09-28T14:04Z,2026-09-28T17:00Z,2.93,Kathmandu,0.0,5101
2026-09-28T14:04Z,2026-09-28T18:00Z,3.93,Kathmandu,0.0,5138
2026-09-28T14:04Z,2026-09-28T19:00Z,4.93,Kathmandu,0.0,5182
2026-09-28T14:04Z,2026-09-28T20:00Z,5.93,Kathmandu,0.0,5198
2026-09-28T14:04Z,2026-09-28T21:00Z,6.93,Kathmandu,0.0,5202
2026-09-28T14:04Z,2026-09-28T22:00Z,7.93,Kathmandu,0.0,5202
2026-09-28T14:04Z,2026-09-28T12:00Z,-2.07,Namche Bazaar,0.0,5188
2026-09-28T14:04Z,2026-09-28T13:00Z,-1.07,Namche Bazaar,0.0,5205
2026-09-28T14:04Z,2026-09-28T14:00Z,-0.07,Namche Bazaar,0.0,5238
2026-09-28T14:04Z,2026-09-28T15:00Z,0.93,Namche Bazaar,0.0,5253
2026-09-28T14:04Z,2026-09-28T16:00Z,1.93,Namche Bazaar,0.0,5246
2026-09-28T14:04Z,2026-09-28T17:00Z,2.93,Namche Bazaar,0.0,5216
2026-09-28T14:04Z,2026-09-28T18:00Z,3.93,Namche Bazaar,0.0,5188
2026-09-28T14:04Z,2026-09-28T19:00Z,4.93,Namche Bazaar,0.0,5157
2026-09-28T14:04Z,2026-09-28T20:00Z,5.93,Namche Bazaar,0.0,5132
2026-09-28T14:04Z,2026-09-28T21:00Z,6.93,Namche Bazaar,0.0,5116
2026-09-28T14:04Z,2026-09-28T22:00Z,7.93,Namche Bazaar,0.0,5096
2026-09-28T14:04Z,2026-09-28T12:00Z,-2.07,Darjeeling,0.0,5271
2026-09-28T14:04Z,2026-09-28T13:00Z,-1.07,Darjeeling,0.0,5279
2026-09-28T14:04Z,2026-09-28T14:00Z,-0.07,Darjeeling,0.0,5286
2026-09-28T14:04Z,2026-09-28T15:00Z,0.93,Darjeeling,0.0,5301
2026-09-28T14:04Z,2026-09-28T16:00Z,1.93,Darjeeling,0.0,5297
2026-09-28T14:04Z,2026-09-28T17:00Z,2.93,Darjeeling,0.0,5248
2026-09-28T14:04Z,2026-09-28T18:00Z,3.93,Darjeeling,0.0,5195
2026-09-28T14:04Z,2026-09-28T19:00Z,4.93,Darjeeling,0.0,5160
2026-09-28T14:04Z,2026-09-28T20:00Z,5.93,Darjeeling,0.0,5139
2026-09-28T14:04Z,2026-09-28T21:00Z,6.93,Darjeeling,0.0,5129
2026-09-28T14:04Z,2026-09-28T22:00Z,7.93,Darjeeling,0.0,5130
2026-09-28T14:04Z,2026-09-28T12:00Z,-2.07,Gangtok,0.0,5280
2026-09-28T14:04Z,2026-09-28T13:00Z,-1.07,Gangtok,0.0,5292
2026-09-28T14:04Z,2026-09-28T14:00Z,-0.07,Gangtok,0.0,5306
2026-09-28T14:04Z,2026-09-28T15:00Z,0.93,Gangtok,0.0,5299
2026-09-28T14:04Z,2026-09-28T16:00Z,1.93,Gangtok,0.0,5278
2026-09-28T14:04Z,2026-09-28T17:00Z,2.93,Gangtok,0.0,5235
2026-09-28T14:04Z,2026-09-28T18:00Z,3.93,Gangtok,0.0,5194
2026-09-28T14:04Z,2026-09-28T19:00Z,4.93,Gangtok,0.0,5154
2026-09-28T14:04Z,2026-09-28T20:00Z,5.93,Gangtok,0.0,5136
2026-09-28T14:04Z,2026-09-28T21:00Z,6.93,Gangtok,0.0,5119
2026-09-28T14:04Z,2026-09-28T22:00Z,7.93,Gangtok,0.0,5136
2026-09-28T14:04Z,2026-09-28T12:00Z,-2.07,Thimphu,0.0,5281
2026-09-28T14:04Z,2026-09-28T13:00Z,-1.07,Thimphu,0.0,5286
2026-09-28T14:04Z,2026-09-28T14:00Z,-0.07,Thimphu,0.0,5271
2026-09-28T14:04Z,2026-09-28T15:00Z,0.93,Thimphu,0.0,5241
2026-09-28T14:04Z,2026-09-28T16:00Z,1.93,Thimphu,0.0,5221
2026-09-28T14:04Z,2026-09-28T17:00Z,2.93,Thimphu,0.0,5173
2026-09-28T14:04Z,2026-09-28T18:00Z,3.93,Thimphu,0.0,5120
2026-09-28T14:04Z,2026-09-28T19:00Z,4.93,Thimphu,0.0,5104
2026-09-28T14:04Z,2026-09-28T20:00Z,5.93,Thimphu,0.0,5108
2026-09-28T14:04Z,2026-09-28T21:00Z,6.93,Thimphu,0.0,5098
2026-09-28T14:04Z,2026-09-28T22:00Z,7.93,Thimphu,0.0,5103
2026-09-28T14:04Z,2026-09-28T12:00Z,-2.07,Tawang,0.0,5350
2026-09-28T14:04Z,2026-09-28T13:00Z,-1.07,Tawang,0.0,5378
2026-09-28T14:04Z,2026-09-28T14:00Z,-0.07,Tawang,0.0,5366
2026-09-28T14:04Z,2026-09-28T15:00Z,0.93,Tawang,0.0,5335
2026-09-28T14:04Z,2026-09-28T16:00Z,1.93,Tawang,0.0,5289
2026-09-28T14:04Z,2026-09-28T17:00Z,2.93,Tawang,0.0,5228
2026-09-28T14:04Z,2026-09-28T18:00Z,3.93,Tawang,0.0,5191
2026-09-28T14:04Z,2026-09-28T19:00Z,4.93,Tawang,0.0,5113
2026-09-28T14:04Z,2026-09-28T20:00Z,5.93,Tawang,0.0,5113
2026-09-28T14:04Z,2026-09-28T21:00Z,6.93,Tawang,0.0,5115
2026-09-28T14:04Z,2026-09-28T22:00Z,7.93,Tawang,0.0,5127
2026-09-28T14:04Z,2026-09-28T12:00Z,-2.07,Lhasa,0.0,5748
2026-09-28T14:04Z,2026-09-28T13:00Z,-1.07,Lhasa,0.0,5710
2026-09-28T14:04Z,2026-09-28T14:00Z,-0.07,Lhasa,0.0,5686
2026-09-28T14:04Z,2026-09-28T15:00Z,0.93,Lhasa,0.0,5654
2026-09-28T14:04Z,2026-09-28T16:00Z,1.93,Lhasa,0.0,5619
2026-09-28T14:04Z,2026-09-28T17:00Z,2.93,Lhasa,0.0,5576
2026-09-28T14:04Z,2026-09-28T18:00Z,3.93,Lhasa,0.0,5524
2026-09-28T14:04Z,2026-09-28T19:00Z,4.93,Lhasa,0.0,5477
2026-09-28T14:04Z,2026-09-28T20:00Z,5.93,Lhasa,0.0,5422
2026-09-28T14:04Z,2026-09-28T21:00Z,6.93,Lhasa,0.0,5365
2026-09-28T14:04Z,2026-09-28T22:00Z,7.93,Lhasa,0.0,5310
2026-09-28T14:04Z,2026-09-28T12:00Z,-2.07,Shigatse,0.0,5620
2026-09-28T14:04Z,2026-09-28T13:00Z,-1.07,Shigatse,0.0,5599
2026-09-28T14:04Z,2026-09-28T14:00Z,-0.07,Shigatse,0.0,5588
2026-09-28T14:04Z,2026-09-28T15:00Z,0.93,Shigatse,0.0,5570
2026-09-28T14:04Z,2026-09-28T16:00Z,1.93,Shigatse,0.0,5546
2026-09-28T14:04Z,2026-09-28T17:00Z,2.93,Shigatse,0.0,5512
2026-09-28T14:04Z,2026-09-28T18:00Z,3.93,Shigatse,0.0,5460
2026-09-28T14:04Z,2026-09-28T19:00Z,4.93,Shigatse,0.0,5403
2026-09-28T14:04Z,2026-09-28T20:00Z,5.93,Shigatse,0.0,5351
2026-09-28T14:04Z,2026-09-28T21:00Z,6.93,Shigatse,0.0,5289
2026-09-28T14:04Z,2026-09-28T22:00Z,7.93,Shigatse,0.0,5241
2026-09-28T14:04Z,2026-09-28T12:00Z,-2.07,Itanagar,0.0,5413
2026-09-28T14:04Z,2026-09-28T13:00Z,-1.07,Itanagar,0.0,5365
2026-09-28T14:04Z,2026-09-28T14:00Z,-0.07,Itanagar,0.0,5366
2026-09-28T14:04Z,2026-09-28T15:00Z,0.93,Itanagar,0.0,5399
2026-09-28T14:04Z,2026-09-28T16:00Z,1.93,Itanagar,0.0,5315
2026-09-28T14:04Z,2026-09-28T17:00Z,2.93,Itanagar,0.0,5262
2026-09-28T14:04Z,2026-09-28T18:00Z,3.93,Itanagar,0.0,5200
2026-09-28T14:04Z,2026-09-28T19:00Z,4.93,Itanagar,0.0,5112
2026-09-28T14:04Z,2026-09-28T20:00Z,5.93,Itanagar,0.0,5080
2026-09-28T14:04Z,2026-09-28T21:00Z,6.93,Itanagar,0.1,5046
2026-09-28T14:04Z,2026-09-28T22:00Z,7.93,Itanagar,0.0,5075
2026-09-28T14:41Z,2026-09-28T12:00Z,-2.68,Gilgit,0.2,3803
2026-09-28T14:41Z,2026-09-28T13:00Z,-1.68,Gilgit,0.0,3813
2026-09-28T14:41Z,2026-09-28T14:00Z,-0.68,Gilgit,0.0,3785
2026-09-28T14:41Z,2026-09-28T15:00Z,0.32,Gilgit,0.0,3780
2026-09-28T14:41Z,2026-09-28T16:00Z,1.32,Gilgit,0.0,3759
2026-09-28T14:41Z,2026-09-28T17:00Z,2.32,Gilgit,0.0,3764
2026-09-28T14:41Z,2026-09-28T18:00Z,3.32,Gilgit,0.0,3753
2026-09-28T14:41Z,2026-09-28T19:00Z,4.32,Gilgit,0.0,3743
2026-09-28T14:41Z,2026-09-28T20:00Z,5.32,Gilgit,0.0,3723
2026-09-28T14:41Z,2026-09-28T21:00Z,6.32,Gilgit,0.0,3704
2026-09-28T14:41Z,2026-09-28T22:00Z,7.32,Gilgit,0.0,3694
2026-09-28T14:41Z,2026-09-28T12:00Z,-2.68,Skardu,0.2,4116
2026-09-28T14:41Z,2026-09-28T13:00Z,-1.68,Skardu,0.3,4103
2026-09-28T14:41Z,2026-09-28T14:00Z,-0.68,Skardu,0.3,4083
2026-09-28T14:41Z,2026-09-28T15:00Z,0.32,Skardu,0.4,4070
2026-09-28T14:41Z,2026-09-28T16:00Z,1.32,Skardu,0.4,4050
2026-09-28T14:41Z,2026-09-28T17:00Z,2.32,Skardu,0.2,4029
2026-09-28T14:41Z,2026-09-28T18:00Z,3.32,Skardu,0.1,4006
2026-09-28T14:41Z,2026-09-28T19:00Z,4.32,Skardu,0.1,3977
2026-09-28T14:41Z,2026-09-28T20:00Z,5.32,Skardu,0.0,3994
2026-09-28T14:41Z,2026-09-28T21:00Z,6.32,Skardu,0.0,3976
2026-09-28T14:41Z,2026-09-28T22:00Z,7.32,Skardu,0.0,3978
2026-09-28T14:41Z,2026-09-28T12:00Z,-2.68,Srinagar,0.1,3899
2026-09-28T14:41Z,2026-09-28T13:00Z,-1.68,Srinagar,0.2,3913
2026-09-28T14:41Z,2026-09-28T14:00Z,-0.68,Srinagar,0.3,3917
2026-09-28T14:41Z,2026-09-28T15:00Z,0.32,Srinagar,0.2,3913
2026-09-28T14:41Z,2026-09-28T16:00Z,1.32,Srinagar,0.1,3918
2026-09-28T14:41Z,2026-09-28T17:00Z,2.32,Srinagar,0.0,3919
2026-09-28T14:41Z,2026-09-28T18:00Z,3.32,Srinagar,0.0,3915
2026-09-28T14:41Z,2026-09-28T19:00Z,4.32,Srinagar,0.0,3909
2026-09-28T14:41Z,2026-09-28T20:00Z,5.32,Srinagar,0.0,3909
2026-09-28T14:41Z,2026-09-28T21:00Z,6.32,Srinagar,0.0,3905
2026-09-28T14:41Z,2026-09-28T22:00Z,7.32,Srinagar,0.0,3904
2026-09-28T14:41Z,2026-09-28T12:00Z,-2.68,Leh,0.7,4643
2026-09-28T14:41Z,2026-09-28T13:00Z,-1.68,Leh,1.0,4593
2026-09-28T14:41Z,2026-09-28T14:00Z,-0.68,Leh,0.3,4544
2026-09-28T14:41Z,2026-09-28T15:00Z,0.32,Leh,0.1,4509
2026-09-28T14:41Z,2026-09-28T16:00Z,1.32,Leh,0.1,4452
2026-09-28T14:41Z,2026-09-28T17:00Z,2.32,Leh,0.0,4391
2026-09-28T14:41Z,2026-09-28T18:00Z,3.32,Leh,0.0,4371
2026-09-28T14:41Z,2026-09-28T19:00Z,4.32,Leh,0.0,4330
2026-09-28T14:41Z,2026-09-28T20:00Z,5.32,Leh,0.0,4227
2026-09-28T14:41Z,2026-09-28T21:00Z,6.32,Leh,0.0,4190
2026-09-28T14:41Z,2026-09-28T22:00Z,7.32,Leh,0.0,4152
2026-09-28T14:41Z,2026-09-28T12:00Z,-2.68,Jammu,0.0,3989
2026-09-28T14:41Z,2026-09-28T13:00Z,-1.68,Jammu,0.0,3993
2026-09-28T14:41Z,2026-09-28T14:00Z,-0.68,Jammu,0.0,4031
2026-09-28T14:41Z,2026-09-28T15:00Z,0.32,Jammu,0.0,4056
2026-09-28T14:41Z,2026-09-28T16:00Z,1.32,Jammu,0.0,4046
2026-09-28T14:41Z,2026-09-28T17:00Z,2.32,Jammu,0.0,4034
2026-09-28T14:41Z,2026-09-28T18:00Z,3.32,Jammu,0.0,4034
2026-09-28T14:41Z,2026-09-28T19:00Z,4.32,Jammu,0.0,4051
2026-09-28T14:41Z,2026-09-28T20:00Z,5.32,Jammu,0.0,4071
2026-09-28T14:41Z,2026-09-28T21:00Z,6.32,Jammu,0.0,4078
2026-09-28T14:41Z,2026-09-28T22:00Z,7.32,Jammu,0.0,4068
2026-09-28T14:41Z,2026-09-28T12:00Z,-2.68,Dharamshala,0.1,4187
2026-09-28T14:41Z,2026-09-28T13:00Z,-1.68,Dharamshala,0.1,4156
2026-09-28T14:41Z,2026-09-28T14:00Z,-0.68,Dharamshala,0.0,4263
2026-09-28T14:41Z,2026-09-28T15:00Z,0.32,Dharamshala,0.0,4100
2026-09-28T14:41Z,2026-09-28T16:00Z,1.32,Dharamshala,0.0,4038
2026-09-28T14:41Z,2026-09-28T17:00Z,2.32,Dharamshala,0.0,4061
2026-09-28T14:41Z,2026-09-28T18:00Z,3.32,Dharamshala,0.0,4064
2026-09-28T14:41Z,2026-09-28T19:00Z,4.32,Dharamshala,0.0,4065
2026-09-28T14:41Z,2026-09-28T20:00Z,5.32,Dharamshala,0.0,4074
2026-09-28T14:41Z,2026-09-28T21:00Z,6.32,Dharamshala,0.0,4093
2026-09-28T14:41Z,2026-09-28T22:00Z,7.32,Dharamshala,0.0,4086
2026-09-28T14:41Z,2026-09-28T12:00Z,-2.68,Manali,1.4,4170
2026-09-28T14:41Z,2026-09-28T13:00Z,-1.68,Manali,1.4,4188
2026-09-28T14:41Z,2026-09-28T14:00Z,-0.68,Manali,0.9,4185
2026-09-28T14:41Z,2026-09-28T15:00Z,0.32,Manali,0.3,4181
2026-09-28T14:41Z,2026-09-28T16:00Z,1.32,Manali,0.0,4184
2026-09-28T14:41Z,2026-09-28T17:00Z,2.32,Manali,0.0,4155
2026-09-28T14:41Z,2026-09-28T18:00Z,3.32,Manali,0.0,4171
2026-09-28T14:41Z,2026-09-28T19:00Z,4.32,Manali,0.0,4129
2026-09-28T14:41Z,2026-09-28T20:00Z,5.32,Manali,0.0,4115
2026-09-28T14:41Z,2026-09-28T21:00Z,6.32,Manali,0.0,4129
2026-09-28T14:41Z,2026-09-28T22:00Z,7.32,Manali,0.0,4112
2026-09-28T14:41Z,2026-09-28T12:00Z,-2.68,Kaza,0.7,4687
2026-09-28T14:41Z,2026-09-28T13:00Z,-1.68,Kaza,0.7,4672
2026-09-28T14:41Z,2026-09-28T14:00Z,-0.68,Kaza,1.1,4663
2026-09-28T14:41Z,2026-09-28T15:00Z,0.32,Kaza,1.0,4599
2026-09-28T14:41Z,2026-09-28T16:00Z,1.32,Kaza,0.7,4587
2026-09-28T14:41Z,2026-09-28T17:00Z,2.32,Kaza,0.3,4566
2026-09-28T14:41Z,2026-09-28T18:00Z,3.32,Kaza,0.2,4543
2026-09-28T14:41Z,2026-09-28T19:00Z,4.32,Kaza,0.0,4514
2026-09-28T14:41Z,2026-09-28T20:00Z,5.32,Kaza,0.0,4477
2026-09-28T14:41Z,2026-09-28T21:00Z,6.32,Kaza,0.0,4442
2026-09-28T14:41Z,2026-09-28T22:00Z,7.32,Kaza,0.0,4410
2026-09-28T14:41Z,2026-09-28T12:00Z,-2.68,Shimla,0.0,4191
2026-09-28T14:41Z,2026-09-28T13:00Z,-1.68,Shimla,0.6,4160
2026-09-28T14:41Z,2026-09-28T14:00Z,-0.68,Shimla,0.6,4189
2026-09-28T14:41Z,2026-09-28T15:00Z,0.32,Shimla,0.1,4185
2026-09-28T14:41Z,2026-09-28T16:00Z,1.32,Shimla,0.0,4224
2026-09-28T14:41Z,2026-09-28T17:00Z,2.32,Shimla,0.0,4207
2026-09-28T14:41Z,2026-09-28T18:00Z,3.32,Shimla,0.0,4215
2026-09-28T14:41Z,2026-09-28T19:00Z,4.32,Shimla,0.0,4205
2026-09-28T14:41Z,2026-09-28T20:00Z,5.32,Shimla,0.0,4197
2026-09-28T14:41Z,2026-09-28T21:00Z,6.32,Shimla,0.0,4174
2026-09-28T14:41Z,2026-09-28T22:00Z,7.32,Shimla,0.0,4163
2026-09-28T14:41Z,2026-09-28T12:00Z,-2.68,Dehradun,0.2,4346
2026-09-28T14:41Z,2026-09-28T13:00Z,-1.68,Dehradun,0.4,4382
2026-09-28T14:41Z,2026-09-28T14:00Z,-0.68,Dehradun,0.1,4415
2026-09-28T14:41Z,2026-09-28T15:00Z,0.32,Dehradun,0.0,4422
2026-09-28T14:41Z,2026-09-28T16:00Z,1.32,Dehradun,0.0,4456
2026-09-28T14:41Z,2026-09-28T17:00Z,2.32,Dehradun,0.0,4465
2026-09-28T14:41Z,2026-09-28T18:00Z,3.32,Dehradun,0.0,4509
2026-09-28T14:41Z,2026-09-28T19:00Z,4.32,Dehradun,0.0,4473
2026-09-28T14:41Z,2026-09-28T20:00Z,5.32,Dehradun,0.0,4407
2026-09-28T14:41Z,2026-09-28T21:00Z,6.32,Dehradun,0.0,4343
2026-09-28T14:41Z,2026-09-28T22:00Z,7.32,Dehradun,0.0,4313
2026-09-28T14:41Z,2026-09-28T12:00Z,-2.68,Uttarkashi,0.2,4379
2026-09-28T14:41Z,2026-09-28T13:00Z,-1.68,Uttarkashi,0.2,4367
2026-09-28T14:41Z,2026-09-28T14:00Z,-0.68,Uttarkashi,0.1,4393
2026-09-28T14:41Z,2026-09-28T15:00Z,0.32,Uttarkashi,0.0,4429
2026-09-28T14:41Z,2026-09-28T16:00Z,1.32,Uttarkashi,0.0,4418
2026-09-28T14:41Z,2026-09-28T17:00Z,2.32,Uttarkashi,0.0,4406
2026-09-28T14:41Z,2026-09-28T18:00Z,3.32,Uttarkashi,0.0,4427
2026-09-28T14:41Z,2026-09-28T19:00Z,4.32,Uttarkashi,0.0,4390
2026-09-28T14:41Z,2026-09-28T20:00Z,5.32,Uttarkashi,0.0,4381
2026-09-28T14:41Z,2026-09-28T21:00Z,6.32,Uttarkashi,0.0,4368
2026-09-28T14:41Z,2026-09-28T22:00Z,7.32,Uttarkashi,0.0,4344
2026-09-28T14:41Z,2026-09-28T12:00Z,-2.68,Joshimath,0.0,4331
2026-09-28T14:41Z,2026-09-28T13:00Z,-1.68,Joshimath,0.0,4370
2026-09-28T14:41Z,2026-09-28T14:00Z,-0.68,Joshimath,0.0,4365
2026-09-28T14:41Z,2026-09-28T15:00Z,0.32,Joshimath,0.0,4326
2026-09-28T14:41Z,2026-09-28T16:00Z,1.32,Joshimath,0.0,4414
2026-09-28T14:41Z,2026-09-28T17:00Z,2.32,Joshimath,0.0,4367
2026-09-28T14:41Z,2026-09-28T18:00Z,3.32,Joshimath,0.0,4421
2026-09-28T14:41Z,2026-09-28T19:00Z,4.32,Joshimath,0.0,4395
2026-09-28T14:41Z,2026-09-28T20:00Z,5.32,Joshimath,0.0,4371
2026-09-28T14:41Z,2026-09-28T21:00Z,6.32,Joshimath,0.0,4387
2026-09-28T14:41Z,2026-09-28T22:00Z,7.32,Joshimath,0.0,4350
2026-09-28T14:41Z,2026-09-28T12:00Z,-2.68,Bhimtal,0.0,4589
2026-09-28T14:41Z,2026-09-28T13:00Z,-1.68,Bhimtal,0.0,4580
2026-09-28T14:41Z,2026-09-28T14:00Z,-0.68,Bhimtal,0.0,4603
2026-09-28T14:41Z,2026-09-28T15:00Z,0.32,Bhimtal,0.0,4624
2026-09-28T14:41Z,2026-09-28T16:00Z,1.32,Bhimtal,0.0,4583
2026-09-28T14:41Z,2026-09-28T17:00Z,2.32,Bhimtal,0.0,4552
2026-09-28T14:41Z,2026-09-28T18:00Z,3.32,Bhimtal,0.0,4534
2026-09-28T14:41Z,2026-09-28T19:00Z,4.32,Bhimtal,0.0,4506
2026-09-28T14:41Z,2026-09-28T20:00Z,5.32,Bhimtal,0.0,4486
2026-09-28T14:41Z,2026-09-28T21:00Z,6.32,Bhimtal,0.0,4457
2026-09-28T14:41Z,2026-09-28T22:00Z,7.32,Bhimtal,0.0,4441
2026-09-28T14:41Z,2026-09-28T12:00Z,-2.68,Pithoragarh,0.0,4481
2026-09-28T14:41Z,2026-09-28T13:00Z,-1.68,Pithoragarh,0.0,4478
2026-09-28T14:41Z,2026-09-28T14:00Z,-0.68,Pithoragarh,0.0,4469
2026-09-28T14:41Z,2026-09-28T15:00Z,0.32,Pithoragarh,0.0,4502
2026-09-28T14:41Z,2026-09-28T16:00Z,1.32,Pithoragarh,0.0,4556
2026-09-28T14:41Z,2026-09-28T17:00Z,2.32,Pithoragarh,0.0,4552
2026-09-28T14:41Z,2026-09-28T18:00Z,3.32,Pithoragarh,0.0,4546
2026-09-28T14:41Z,2026-09-28T19:00Z,4.32,Pithoragarh,0.0,4522
2026-09-28T14:41Z,2026-09-28T20:00Z,5.32,Pithoragarh,0.0,4507
2026-09-28T14:41Z,2026-09-28T21:00Z,6.32,Pithoragarh,0.0,4474
2026-09-28T14:41Z,2026-09-28T22:00Z,7.32,Pithoragarh,0.0,4418
2026-09-28T14:41Z,2026-09-28T12:00Z,-2.68,Jumla,0.0,4627
2026-09-28T14:41Z,2026-09-28T13:00Z,-1.68,Jumla,0.0,4606
2026-09-28T14:41Z,2026-09-28T14:00Z,-0.68,Jumla,0.0,4584
2026-09-28T14:41Z,2026-09-28T15:00Z,0.32,Jumla,0.0,4563
2026-09-28T14:41Z,2026-09-28T16:00Z,1.32,Jumla,0.0,4538
2026-09-28T14:41Z,2026-09-28T17:00Z,2.32,Jumla,0.0,4500
2026-09-28T14:41Z,2026-09-28T18:00Z,3.32,Jumla,0.0,4455
2026-09-28T14:41Z,2026-09-28T19:00Z,4.32,Jumla,0.0,4402
2026-09-28T14:41Z,2026-09-28T20:00Z,5.32,Jumla,0.0,4388
2026-09-28T14:41Z,2026-09-28T21:00Z,6.32,Jumla,0.0,4399
2026-09-28T14:41Z,2026-09-28T22:00Z,7.32,Jumla,0.0,4405
2026-09-28T14:41Z,2026-09-28T12:00Z,-2.68,Jomsom,0.0,4788
2026-09-28T14:41Z,2026-09-28T13:00Z,-1.68,Jomsom,0.0,4725
2026-09-28T14:41Z,2026-09-28T14:00Z,-0.68,Jomsom,0.0,4704
2026-09-28T14:41Z,2026-09-28T15:00Z,0.32,Jomsom,0.0,4672
2026-09-28T14:41Z,2026-09-28T16:00Z,1.32,Jomsom,0.0,4677
2026-09-28T14:41Z,2026-09-28T17:00Z,2.32,Jomsom,0.0,4656
2026-09-28T14:41Z,2026-09-28T18:00Z,3.32,Jomsom,0.0,4647
2026-09-28T14:41Z,2026-09-28T19:00Z,4.32,Jomsom,0.0,4648
2026-09-28T14:41Z,2026-09-28T20:00Z,5.32,Jomsom,0.0,4639
2026-09-28T14:41Z,2026-09-28T21:00Z,6.32,Jomsom,0.0,4662
2026-09-28T14:41Z,2026-09-28T22:00Z,7.32,Jomsom,0.0,4677
2026-09-28T14:41Z,2026-09-28T12:00Z,-2.68,Pokhara,0.0,4742
2026-09-28T14:41Z,2026-09-28T13:00Z,-1.68,Pokhara,0.0,4799
2026-09-28T14:41Z,2026-09-28T14:00Z,-0.68,Pokhara,0.0,4869
2026-09-28T14:41Z,2026-09-28T15:00Z,0.32,Pokhara,0.0,4873
2026-09-28T14:41Z,2026-09-28T16:00Z,1.32,Pokhara,0.0,4891
2026-09-28T14:41Z,2026-09-28T17:00Z,2.32,Pokhara,0.0,4856
2026-09-28T14:41Z,2026-09-28T18:00Z,3.32,Pokhara,0.0,4867
2026-09-28T14:41Z,2026-09-28T19:00Z,4.32,Pokhara,0.0,4861
2026-09-28T14:41Z,2026-09-28T20:00Z,5.32,Pokhara,0.0,4861
2026-09-28T14:41Z,2026-09-28T21:00Z,6.32,Pokhara,0.0,4892
2026-09-28T14:41Z,2026-09-28T22:00Z,7.32,Pokhara,0.0,4942
2026-09-28T14:41Z,2026-09-28T12:00Z,-2.68,Kathmandu,0.0,5042
2026-09-28T14:41Z,2026-09-28T13:00Z,-1.68,Kathmandu,0.0,5088
2026-09-28T14:41Z,2026-09-28T14:00Z,-0.68,Kathmandu,0.0,5137
2026-09-28T14:41Z,2026-09-28T15:00Z,0.32,Kathmandu,0.0,5153
2026-09-28T14:41Z,2026-09-28T16:00Z,1.32,Kathmandu,0.0,5153
2026-09-28T14:41Z,2026-09-28T17:00Z,2.32,Kathmandu,0.0,5101
2026-09-28T14:41Z,2026-09-28T18:00Z,3.32,Kathmandu,0.0,5138
2026-09-28T14:41Z,2026-09-28T19:00Z,4.32,Kathmandu,0.0,5182
2026-09-28T14:41Z,2026-09-28T20:00Z,5.32,Kathmandu,0.0,5198
2026-09-28T14:41Z,2026-09-28T21:00Z,6.32,Kathmandu,0.0,5202
2026-09-28T14:41Z,2026-09-28T22:00Z,7.32,Kathmandu,0.0,5202
2026-09-28T14:41Z,2026-09-28T12:00Z,-2.68,Namche Bazaar,0.0,5188
2026-09-28T14:41Z,2026-09-28T13:00Z,-1.68,Namche Bazaar,0.0,5205
2026-09-28T14:41Z,2026-09-28T14:00Z,-0.68,Namche Bazaar,0.0,5238
2026-09-28T14:41Z,2026-09-28T15:00Z,0.32,Namche Bazaar,0.0,5253
2026-09-28T14:41Z,2026-09-28T16:00Z,1.32,Namche Bazaar,0.0,5246
2026-09-28T14:41Z,2026-09-28T17:00Z,2.32,Namche Bazaar,0.0,5216
2026-09-28T14:41Z,2026-09-28T18:00Z,3.32,Namche Bazaar,0.0,5188
2026-09-28T14:41Z,2026-09-28T19:00Z,4.32,Namche Bazaar,0.0,5157
2026-09-28T14:41Z,2026-09-28T20:00Z,5.32,Namche Bazaar,0.0,5132
2026-09-28T14:41Z,2026-09-28T21:00Z,6.32,Namche Bazaar,0.0,5116
2026-09-28T14:41Z,2026-09-28T22:00Z,7.32,Namche Bazaar,0.0,5096
2026-09-28T14:41Z,2026-09-28T12:00Z,-2.68,Darjeeling,0.0,5271
2026-09-28T14:41Z,2026-09-28T13:00Z,-1.68,Darjeeling,0.0,5279
2026-09-28T14:41Z,2026-09-28T14:00Z,-0.68,Darjeeling,0.0,5286
2026-09-28T14:41Z,2026-09-28T15:00Z,0.32,Darjeeling,0.0,5301
2026-09-28T14:41Z,2026-09-28T16:00Z,1.32,Darjeeling,0.0,5297
2026-09-28T14:41Z,2026-09-28T17:00Z,2.32,Darjeeling,0.0,5248
2026-09-28T14:41Z,2026-09-28T18:00Z,3.32,Darjeeling,0.0,5195
2026-09-28T14:41Z,2026-09-28T19:00Z,4.32,Darjeeling,0.0,5160
2026-09-28T14:41Z,2026-09-28T20:00Z,5.32,Darjeeling,0.0,5139
2026-09-28T14:41Z,2026-09-28T21:00Z,6.32,Darjeeling,0.0,5129
2026-09-28T14:41Z,2026-09-28T22:00Z,7.32,Darjeeling,0.0,5130
2026-09-28T14:41Z,2026-09-28T12:00Z,-2.68,Gangtok,0.0,5280
2026-09-28T14:41Z,2026-09-28T13:00Z,-1.68,Gangtok,0.0,5292
2026-09-28T14:41Z,2026-09-28T14:00Z,-0.68,Gangtok,0.0,5306
2026-09-28T14:41Z,2026-09-28T15:00Z,0.32,Gangtok,0.0,5299
2026-09-28T14:41Z,2026-09-28T16:00Z,1.32,Gangtok,0.0,5278
2026-09-28T14:41Z,2026-09-28T17:00Z,2.32,Gangtok,0.0,5235
2026-09-28T14:41Z,2026-09-28T18:00Z,3.32,Gangtok,0.0,5194
2026-09-28T14:41Z,2026-09-28T19:00Z,4.32,Gangtok,0.0,5154
2026-09-28T14:41Z,2026-09-28T20:00Z,5.32,Gangtok,0.0,5136
2026-09-28T14:41Z,2026-09-28T21:00Z,6.32,Gangtok,0.0,5119
2026-09-28T14:41Z,2026-09-28T22:00Z,7.32,Gangtok,0.0,5136
2026-09-28T14:41Z,2026-09-28T12:00Z,-2.68,Thimphu,0.0,5281
2026-09-28T14:41Z,2026-09-28T13:00Z,-1.68,Thimphu,0.0,5286
2026-09-28T14:41Z,2026-09-28T14:00Z,-0.68,Thimphu,0.0,5271
2026-09-28T14:41Z,2026-09-28T15:00Z,0.32,Thimphu,0.0,5241
2026-09-28T14:41Z,2026-09-28T16:00Z,1.32,Thimphu,0.0,5221
2026-09-28T14:41Z,2026-09-28T17:00Z,2.32,Thimphu,0.0,5173
2026-09-28T14:41Z,2026-09-28T18:00Z,3.32,Thimphu,0.0,5120
2026-09-28T14:41Z,2026-09-28T19:00Z,4.32,Thimphu,0.0,5104
2026-09-28T14:41Z,2026-09-28T20:00Z,5.32,Thimphu,0.0,5108
2026-09-28T14:41Z,2026-09-28T21:00Z,6.32,Thimphu,0.0,5098
2026-09-28T14:41Z,2026-09-28T22:00Z,7.32,Thimphu,0.0,5103
2026-09-28T14:41Z,2026-09-28T12:00Z,-2.68,Tawang,0.0,5350
2026-09-28T14:41Z,2026-09-28T13:00Z,-1.68,Tawang,0.0,5378
2026-09-28T14:41Z,2026-09-28T14:00Z,-0.68,Tawang,0.0,5366
2026-09-28T14:41Z,2026-09-28T15:00Z,0.32,Tawang,0.0,5335
2026-09-28T14:41Z,2026-09-28T16:00Z,1.32,Tawang,0.0,5289
2026-09-28T14:41Z,2026-09-28T17:00Z,2.32,Tawang,0.0,5228
2026-09-28T14:41Z,2026-09-28T18:00Z,3.32,Tawang,0.0,5191
2026-09-28T14:41Z,2026-09-28T19:00Z,4.32,Tawang,0.0,5113
2026-09-28T14:41Z,2026-09-28T20:00Z,5.32,Tawang,0.0,5113
2026-09-28T14:41Z,2026-09-28T21:00Z,6.32,Tawang,0.0,5115
2026-09-28T14:41Z,2026-09-28T22:00Z,7.32,Tawang,0.0,5127
2026-09-28T14:41Z,2026-09-28T12:00Z,-2.68,Lhasa,0.0,5748
2026-09-28T14:41Z,2026-09-28T13:00Z,-1.68,Lhasa,0.0,5710
2026-09-28T14:41Z,2026-09-28T14:00Z,-0.68,Lhasa,0.0,5686
2026-09-28T14:41Z,2026-09-28T15:00Z,0.32,Lhasa,0.0,5654
2026-09-28T14:41Z,2026-09-28T16:00Z,1.32,Lhasa,0.0,5619
2026-09-28T14:41Z,2026-09-28T17:00Z,2.32,Lhasa,0.0,5576
2026-09-28T14:41Z,2026-09-28T18:00Z,3.32,Lhasa,0.0,5524
2026-09-28T14:41Z,2026-09-28T19:00Z,4.32,Lhasa,0.0,5477
2026-09-28T14:41Z,2026-09-28T20:00Z,5.32,Lhasa,0.0,5422
2026-09-28T14:41Z,2026-09-28T21:00Z,6.32,Lhasa,0.0,5365
2026-09-28T14:41Z,2026-09-28T22:00Z,7.32,Lhasa,0.0,5310
2026-09-28T14:41Z,2026-09-28T12:00Z,-2.68,Shigatse,0.0,5620
2026-09-28T14:41Z,2026-09-28T13:00Z,-1.68,Shigatse,0.0,5599
2026-09-28T14:41Z,2026-09-28T14:00Z,-0.68,Shigatse,0.0,5588
2026-09-28T14:41Z,2026-09-28T15:00Z,0.32,Shigatse,0.0,5570
2026-09-28T14:41Z,2026-09-28T16:00Z,1.32,Shigatse,0.0,5546
2026-09-28T14:41Z,2026-09-28T17:00Z,2.32,Shigatse,0.0,5512
2026-09-28T14:41Z,2026-09-28T18:00Z,3.32,Shigatse,0.0,5460
2026-09-28T14:41Z,2026-09-28T19:00Z,4.32,Shigatse,0.0,5403
2026-09-28T14:41Z,2026-09-28T20:00Z,5.32,Shigatse,0.0,5351
2026-09-28T14:41Z,2026-09-28T21:00Z,6.32,Shigatse,0.0,5289
2026-09-28T14:41Z,2026-09-28T22:00Z,7.32,Shigatse,0.0,5241
2026-09-28T14:41Z,2026-09-28T12:00Z,-2.68,Itanagar,0.0,5413
2026-09-28T14:41Z,2026-09-28T13:00Z,-1.68,Itanagar,0.0,5365
2026-09-28T14:41Z,2026-09-28T14:00Z,-0.68,Itanagar,0.0,5366
2026-09-28T14:41Z,2026-09-28T15:00Z,0.32,Itanagar,0.0,5399
2026-09-28T14:41Z,2026-09-28T16:00Z,1.32,Itanagar,0.0,5315
2026-09-28T14:41Z,2026-09-28T17:00Z,2.32,Itanagar,0.0,5262
2026-09-28T14:41Z,2026-09-28T18:00Z,3.32,Itanagar,0.0,5200
2026-09-28T14:41Z,2026-09-28T19:00Z,4.32,Itanagar,0.0,5112
2026-09-28T14:41Z,2026-09-28T20:00Z,5.32,Itanagar,0.0,5080
2026-09-28T14:41Z,2026-09-28T21:00Z,6.32,Itanagar,0.1,5046
2026-09-28T14:41Z,2026-09-28T22:00Z,7.32,Itanagar,0.0,5075
2026-09-28T20:36Z,2026-09-28T18:00Z,-2.6,Gilgit,0.0,3745
2026-09-28T20:36Z,2026-09-28T19:00Z,-1.6,Gilgit,0.0,3735
2026-09-28T20:36Z,2026-09-28T20:00Z,-0.6,Gilgit,0.1,3727
2026-09-28T20:36Z,2026-09-28T21:00Z,0.4,Gilgit,0.1,3705
2026-09-28T20:36Z,2026-09-28T22:00Z,1.4,Gilgit,0.1,3694
2026-09-28T20:36Z,2026-09-28T23:00Z,2.4,Gilgit,0.0,3685
2026-09-28T20:36Z,2026-09-29T00:00Z,3.4,Gilgit,0.0,3671
2026-09-28T20:36Z,2026-09-29T01:00Z,4.4,Gilgit,0.0,3660
2026-09-28T20:36Z,2026-09-29T02:00Z,5.4,Gilgit,0.0,3671
2026-09-28T20:36Z,2026-09-29T03:00Z,6.4,Gilgit,0.0,3741
2026-09-28T20:36Z,2026-09-29T04:00Z,7.4,Gilgit,0.0,3757
2026-09-28T20:36Z,2026-09-28T18:00Z,-2.6,Skardu,0.0,4014
2026-09-28T20:36Z,2026-09-28T19:00Z,-1.6,Skardu,0.0,4019
2026-09-28T20:36Z,2026-09-28T20:00Z,-0.6,Skardu,0.0,4017
2026-09-28T20:36Z,2026-09-28T21:00Z,0.4,Skardu,0.0,4005
2026-09-28T20:36Z,2026-09-28T22:00Z,1.4,Skardu,0.0,3976
2026-09-28T20:36Z,2026-09-28T23:00Z,2.4,Skardu,0.0,3949
2026-09-28T20:36Z,2026-09-29T00:00Z,3.4,Skardu,0.0,3928
2026-09-28T20:36Z,2026-09-29T01:00Z,4.4,Skardu,0.0,3922
2026-09-28T20:36Z,2026-09-29T02:00Z,5.4,Skardu,0.0,3973
2026-09-28T20:36Z,2026-09-29T03:00Z,6.4,Skardu,0.0,4059
2026-09-28T20:36Z,2026-09-29T04:00Z,7.4,Skardu,0.0,4136
2026-09-28T20:36Z,2026-09-28T18:00Z,-2.6,Srinagar,0.0,3870
2026-09-28T20:36Z,2026-09-28T19:00Z,-1.6,Srinagar,0.0,3891
2026-09-28T20:36Z,2026-09-28T20:00Z,-0.6,Srinagar,0.0,3881
2026-09-28T20:36Z,2026-09-28T21:00Z,0.4,Srinagar,0.0,3874
2026-09-28T20:36Z,2026-09-28T22:00Z,1.4,Srinagar,0.0,3871
2026-09-28T20:36Z,2026-09-28T23:00Z,2.4,Srinagar,0.0,3872
2026-09-28T20:36Z,2026-09-29T00:00Z,3.4,Srinagar,0.0,3881
2026-09-28T20:36Z,2026-09-29T01:00Z,4.4,Srinagar,0.0,3894
2026-09-28T20:36Z,2026-09-29T02:00Z,5.4,Srinagar,0.0,3915
2026-09-28T20:36Z,2026-09-29T03:00Z,6.4,Srinagar,0.0,3941
2026-09-28T20:36Z,2026-09-29T04:00Z,7.4,Srinagar,0.0,3968
2026-09-28T20:36Z,2026-09-28T18:00Z,-2.6,Leh,0.0,4381
2026-09-28T20:36Z,2026-09-28T19:00Z,-1.6,Leh,0.0,4346
2026-09-28T20:36Z,2026-09-28T20:00Z,-0.6,Leh,0.0,4281
2026-09-28T20:36Z,2026-09-28T21:00Z,0.4,Leh,0.0,4217
2026-09-28T20:36Z,2026-09-28T22:00Z,1.4,Leh,0.0,4159
2026-09-28T20:36Z,2026-09-28T23:00Z,2.4,Leh,0.0,4134
2026-09-28T20:36Z,2026-09-29T00:00Z,3.4,Leh,0.0,4087
2026-09-28T20:36Z,2026-09-29T01:00Z,4.4,Leh,0.0,4047
2026-09-28T20:36Z,2026-09-29T02:00Z,5.4,Leh,0.0,4069
2026-09-28T20:36Z,2026-09-29T03:00Z,6.4,Leh,0.0,4131
2026-09-28T20:36Z,2026-09-29T04:00Z,7.4,Leh,0.0,4197
2026-09-28T20:36Z,2026-09-28T18:00Z,-2.6,Jammu,0.0,4041
2026-09-28T20:36Z,2026-09-28T19:00Z,-1.6,Jammu,0.0,4036
2026-09-28T20:36Z,2026-09-28T20:00Z,-0.6,Jammu,0.0,4046
2026-09-28T20:36Z,2026-09-28T21:00Z,0.4,Jammu,0.0,4052
2026-09-28T20:36Z,2026-09-28T22:00Z,1.4,Jammu,0.0,4058
2026-09-28T20:36Z,2026-09-28T23:00Z,2.4,Jammu,0.0,4074
2026-09-28T20:36Z,2026-09-29T00:00Z,3.4,Jammu,0.0,4096
2026-09-28T20:36Z,2026-09-29T01:00Z,4.4,Jammu,0.0,4096
2026-09-28T20:36Z,2026-09-29T02:00Z,5.4,Jammu,0.0,4114
2026-09-28T20:36Z,2026-09-29T03:00Z,6.4,Jammu,0.0,4122
2026-09-28T20:36Z,2026-09-29T04:00Z,7.4,Jammu,0.0,4143
2026-09-28T20:36Z,2026-09-28T18:00Z,-2.6,Dharamshala,0.0,4115
2026-09-28T20:36Z,2026-09-28T19:00Z,-1.6,Dharamshala,0.0,4107
2026-09-28T20:36Z,2026-09-28T20:00Z,-0.6,Dharamshala,0.0,4104
2026-09-28T20:36Z,2026-09-28T21:00Z,0.4,Dharamshala,0.0,4082
2026-09-28T20:36Z,2026-09-28T22:00Z,1.4,Dharamshala,0.0,4060
2026-09-28T20:36Z,2026-09-28T23:00Z,2.4,Dharamshala,0.0,4058
2026-09-28T20:36Z,2026-09-29T00:00Z,3.4,Dharamshala,0.0,4094
2026-09-28T20:36Z,2026-09-29T01:00Z,4.4,Dharamshala,0.0,4066
2026-09-28T20:36Z,2026-09-29T02:00Z,5.4,Dharamshala,0.0,4106
2026-09-28T20:36Z,2026-09-29T03:00Z,6.4,Dharamshala,0.0,4152
2026-09-28T20:36Z,2026-09-29T04:00Z,7.4,Dharamshala,0.0,4175
2026-09-28T20:36Z,2026-09-28T18:00Z,-2.6,Manali,0.0,4146
2026-09-28T20:36Z,2026-09-28T19:00Z,-1.6,Manali,0.0,4129
2026-09-28T20:36Z,2026-09-28T20:00Z,-0.6,Manali,0.0,4101
2026-09-28T20:36Z,2026-09-28T21:00Z,0.4,Manali,0.0,4089
2026-09-28T20:36Z,2026-09-28T22:00Z,1.4,Manali,0.0,4081
2026-09-28T20:36Z,2026-09-28T23:00Z,2.4,Manali,0.0,4087
2026-09-28T20:36Z,2026-09-29T00:00Z,3.4,Manali,0.0,4091
2026-09-28T20:36Z,2026-09-29T01:00Z,4.4,Manali,0.0,4089
2026-09-28T20:36Z,2026-09-29T02:00Z,5.4,Manali,0.0,4133
2026-09-28T20:36Z,2026-09-29T03:00Z,6.4,Manali,0.0,4220
2026-09-28T20:36Z,2026-09-29T04:00Z,7.4,Manali,0.0,4253
2026-09-28T20:36Z,2026-09-28T18:00Z,-2.6,Kaza,0.5,4516
2026-09-28T20:36Z,2026-09-28T19:00Z,-1.6,Kaza,0.2,4472
2026-09-28T20:36Z,2026-09-28T20:00Z,-0.6,Kaza,0.1,4445
2026-09-28T20:36Z,2026-09-28T21:00Z,0.4,Kaza,0.0,4402
2026-09-28T20:36Z,2026-09-28T22:00Z,1.4,Kaza,0.0,4360
2026-09-28T20:36Z,2026-09-28T23:00Z,2.4,Kaza,0.1,4305
2026-09-28T20:36Z,2026-09-29T00:00Z,3.4,Kaza,0.1,4287
2026-09-28T20:36Z,2026-09-29T01:00Z,4.4,Kaza,0.0,4254
2026-09-28T20:36Z,2026-09-29T02:00Z,5.4,Kaza,0.1,4324
2026-09-28T20:36Z,2026-09-29T03:00Z,6.4,Kaza,0.1,4459
2026-09-28T20:36Z,2026-09-29T04:00Z,7.4,Kaza,0.0,4505
2026-09-28T20:36Z,2026-09-28T18:00Z,-2.6,Shimla,0.0,4264
2026-09-28T20:36Z,2026-09-28T19:00Z,-1.6,Shimla,0.0,4208
2026-09-28T20:36Z,2026-09-28T20:00Z,-0.6,Shimla,0.0,4164
2026-09-28T20:36Z,2026-09-28T21:00Z,0.4,Shimla,0.0,4157
2026-09-28T20:36Z,2026-09-28T22:00Z,1.4,Shimla,0.0,4160
2026-09-28T20:36Z,2026-09-28T23:00Z,2.4,Shimla,0.0,4167
2026-09-28T20:36Z,2026-09-29T00:00Z,3.4,Shimla,0.0,4214
2026-09-28T20:36Z,2026-09-29T01:00Z,4.4,Shimla,0.0,4213
2026-09-28T20:36Z,2026-09-29T02:00Z,5.4,Shimla,0.0,4250
2026-09-28T20:36Z,2026-09-29T03:00Z,6.4,Shimla,0.0,4279
2026-09-28T20:36Z,2026-09-29T04:00Z,7.4,Shimla,0.0,4313
2026-09-28T20:36Z,2026-09-28T18:00Z,-2.6,Dehradun,0.0,4457
2026-09-28T20:36Z,2026-09-28T19:00Z,-1.6,Dehradun,0.0,4468
2026-09-28T20:36Z,2026-09-28T20:00Z,-0.6,Dehradun,0.0,4461
2026-09-28T20:36Z,2026-09-28T21:00Z,0.4,Dehradun,0.0,4413
2026-09-28T20:36Z,2026-09-28T22:00Z,1.4,Dehradun,0.0,4351
2026-09-28T20:36Z,2026-09-28T23:00Z,2.4,Dehradun,0.0,4327
2026-09-28T20:36Z,2026-09-29T00:00Z,3.4,Dehradun,0.0,4342
2026-09-28T20:36Z,2026-09-29T01:00Z,4.4,Dehradun,0.0,4333
2026-09-28T20:36Z,2026-09-29T02:00Z,5.4,Dehradun,0.0,4319
2026-09-28T20:36Z,2026-09-29T03:00Z,6.4,Dehradun,0.0,4324
2026-09-28T20:36Z,2026-09-29T04:00Z,7.4,Dehradun,0.0,4330
2026-09-28T20:36Z,2026-09-28T18:00Z,-2.6,Uttarkashi,0.0,4453
2026-09-28T20:36Z,2026-09-28T19:00Z,-1.6,Uttarkashi,0.0,4443
2026-09-28T20:36Z,2026-09-28T20:00Z,-0.6,Uttarkashi,0.0,4431
2026-09-28T20:36Z,2026-09-28T21:00Z,0.4,Uttarkashi,0.0,4395
2026-09-28T20:36Z,2026-09-28T22:00Z,1.4,Uttarkashi,0.0,4356
2026-09-28T20:36Z,2026-09-28T23:00Z,2.4,Uttarkashi,0.0,4330
2026-09-28T20:36Z,2026-09-29T00:00Z,3.4,Uttarkashi,0.0,4311
2026-09-28T20:36Z,2026-09-29T01:00Z,4.4,Uttarkashi,0.0,4283
2026-09-28T20:36Z,2026-09-29T02:00Z,5.4,Uttarkashi,0.0,4273
2026-09-28T20:36Z,2026-09-29T03:00Z,6.4,Uttarkashi,0.0,4288
2026-09-28T20:36Z,2026-09-29T04:00Z,7.4,Uttarkashi,0.0,4298
2026-09-28T20:36Z,2026-09-28T18:00Z,-2.6,Joshimath,0.0,4446
2026-09-28T20:36Z,2026-09-28T19:00Z,-1.6,Joshimath,0.0,4479
2026-09-28T20:36Z,2026-09-28T20:00Z,-0.6,Joshimath,0.0,4404
2026-09-28T20:36Z,2026-09-28T21:00Z,0.4,Joshimath,0.0,4393
2026-09-28T20:36Z,2026-09-28T22:00Z,1.4,Joshimath,0.0,4348
2026-09-28T20:36Z,2026-09-28T23:00Z,2.4,Joshimath,0.0,4320
2026-09-28T20:36Z,2026-09-29T00:00Z,3.4,Joshimath,0.0,4292
2026-09-28T20:36Z,2026-09-29T01:00Z,4.4,Joshimath,0.0,4275
2026-09-28T20:36Z,2026-09-29T02:00Z,5.4,Joshimath,0.0,4280
2026-09-28T20:36Z,2026-09-29T03:00Z,6.4,Joshimath,0.0,4300
2026-09-28T20:36Z,2026-09-29T04:00Z,7.4,Joshimath,0.0,4322
2026-09-28T20:36Z,2026-09-28T18:00Z,-2.6,Bhimtal,0.0,4535
2026-09-28T20:36Z,2026-09-28T19:00Z,-1.6,Bhimtal,0.0,4530
2026-09-28T20:36Z,2026-09-28T20:00Z,-0.6,Bhimtal,0.0,4520
2026-09-28T20:36Z,2026-09-28T21:00Z,0.4,Bhimtal,0.0,4503
2026-09-28T20:36Z,2026-09-28T22:00Z,1.4,Bhimtal,0.0,4485
2026-09-28T20:36Z,2026-09-28T23:00Z,2.4,Bhimtal,0.0,4474
2026-09-28T20:36Z,2026-09-29T00:00Z,3.4,Bhimtal,0.0,4450
2026-09-28T20:36Z,2026-09-29T01:00Z,4.4,Bhimtal,0.0,4430
2026-09-28T20:36Z,2026-09-29T02:00Z,5.4,Bhimtal,0.0,4470
2026-09-28T20:36Z,2026-09-29T03:00Z,6.4,Bhimtal,0.0,4467
2026-09-28T20:36Z,2026-09-29T04:00Z,7.4,Bhimtal,0.0,4476
2026-09-28T20:36Z,2026-09-28T18:00Z,-2.6,Pithoragarh,0.0,4550
2026-09-28T20:36Z,2026-09-28T19:00Z,-1.6,Pithoragarh,0.0,4508
2026-09-28T20:36Z,2026-09-28T20:00Z,-0.6,Pithoragarh,0.0,4478
2026-09-28T20:36Z,2026-09-28T21:00Z,0.4,Pithoragarh,0.0,4442
2026-09-28T20:36Z,2026-09-28T22:00Z,1.4,Pithoragarh,0.0,4393
2026-09-28T20:36Z,2026-09-28T23:00Z,2.4,Pithoragarh,0.0,4352
2026-09-28T20:36Z,2026-09-29T00:00Z,3.4,Pithoragarh,0.0,4326
2026-09-28T20:36Z,2026-09-29T01:00Z,4.4,Pithoragarh,0.0,4311
2026-09-28T20:36Z,2026-09-29T02:00Z,5.4,Pithoragarh,0.0,4348
2026-09-28T20:36Z,2026-09-29T03:00Z,6.4,Pithoragarh,0.0,4352
2026-09-28T20:36Z,2026-09-29T04:00Z,7.4,Pithoragarh,0.0,4387
2026-09-28T20:36Z,2026-09-28T18:00Z,-2.6,Jumla,0.0,4459
2026-09-28T20:36Z,2026-09-28T19:00Z,-1.6,Jumla,0.0,4402
2026-09-28T20:36Z,2026-09-28T20:00Z,-0.6,Jumla,0.0,4369
2026-09-28T20:36Z,2026-09-28T21:00Z,0.4,Jumla,0.0,4373
2026-09-28T20:36Z,2026-09-28T22:00Z,1.4,Jumla,0.0,4395
2026-09-28T20:36Z,2026-09-28T23:00Z,2.4,Jumla,0.0,4408
2026-09-28T20:36Z,2026-09-29T00:00Z,3.4,Jumla,0.0,4428
2026-09-28T20:36Z,2026-09-29T01:00Z,4.4,Jumla,0.0,4442
2026-09-28T20:36Z,2026-09-29T02:00Z,5.4,Jumla,0.0,4475
2026-09-28T20:36Z,2026-09-29T03:00Z,6.4,Jumla,0.0,4469
2026-09-28T20:36Z,2026-09-29T04:00Z,7.4,Jumla,0.0,4482
2026-09-28T20:36Z,2026-09-28T18:00Z,-2.6,Jomsom,0.0,4662
2026-09-28T20:36Z,2026-09-28T19:00Z,-1.6,Jomsom,0.0,4655
2026-09-28T20:36Z,2026-09-28T20:00Z,-0.6,Jomsom,0.0,4659
2026-09-28T20:36Z,2026-09-28T21:00Z,0.4,Jomsom,0.0,4683
2026-09-28T20:36Z,2026-09-28T22:00Z,1.4,Jomsom,0.0,4706
2026-09-28T20:36Z,2026-09-28T23:00Z,2.4,Jomsom,0.0,4728
2026-09-28T20:36Z,2026-09-29T00:00Z,3.4,Jomsom,0.0,4731
2026-09-28T20:36Z,2026-09-29T01:00Z,4.4,Jomsom,0.0,4756
2026-09-28T20:36Z,2026-09-29T02:00Z,5.4,Jomsom,0.0,4799
2026-09-28T20:36Z,2026-09-29T03:00Z,6.4,Jomsom,0.0,4846
2026-09-28T20:36Z,2026-09-29T04:00Z,7.4,Jomsom,0.0,4874
2026-09-28T20:36Z,2026-09-28T18:00Z,-2.6,Pokhara,0.0,4868
2026-09-28T20:36Z,2026-09-28T19:00Z,-1.6,Pokhara,0.0,4875
2026-09-28T20:36Z,2026-09-28T20:00Z,-0.6,Pokhara,0.0,4893
2026-09-28T20:36Z,2026-09-28T21:00Z,0.4,Pokhara,0.0,4940
2026-09-28T20:36Z,2026-09-28T22:00Z,1.4,Pokhara,0.0,4995
2026-09-28T20:36Z,2026-09-28T23:00Z,2.4,Pokhara,0.0,5017
2026-09-28T20:36Z,2026-09-29T00:00Z,3.4,Pokhara,0.0,5027
2026-09-28T20:36Z,2026-09-29T01:00Z,4.4,Pokhara,0.0,5063
2026-09-28T20:36Z,2026-09-29T02:00Z,5.4,Pokhara,0.0,5007
2026-09-28T20:36Z,2026-09-29T03:00Z,6.4,Pokhara,0.0,4969
2026-09-28T20:36Z,2026-09-29T04:00Z,7.4,Pokhara,0.0,4968
2026-09-28T20:36Z,2026-09-28T18:00Z,-2.6,Kathmandu,0.0,5135
2026-09-28T20:36Z,2026-09-28T19:00Z,-1.6,Kathmandu,0.0,5167
2026-09-28T20:36Z,2026-09-28T20:00Z,-0.6,Kathmandu,0.0,5190
2026-09-28T20:36Z,2026-09-28T21:00Z,0.4,Kathmandu,0.0,5240
2026-09-28T20:36Z,2026-09-28T22:00Z,1.4,Kathmandu,0.0,5236
2026-09-28T20:36Z,2026-09-28T23:00Z,2.4,Kathmandu,0.0,5241
2026-09-28T20:36Z,2026-09-29T00:00Z,3.4,Kathmandu,0.0,5262
2026-09-28T20:36Z,2026-09-29T01:00Z,4.4,Kathmandu,0.0,5279
2026-09-28T20:36Z,2026-09-29T02:00Z,5.4,Kathmandu,0.0,5290
2026-09-28T20:36Z,2026-09-29T03:00Z,6.4,Kathmandu,0.0,5286
2026-09-28T20:36Z,2026-09-29T04:00Z,7.4,Kathmandu,0.1,5266
2026-09-28T20:36Z,2026-09-28T18:00Z,-2.6,Namche Bazaar,0.0,5200
2026-09-28T20:36Z,2026-09-28T19:00Z,-1.6,Namche Bazaar,0.0,5170
2026-09-28T20:36Z,2026-09-28T20:00Z,-0.6,Namche Bazaar,0.0,5155
2026-09-28T20:36Z,2026-09-28T21:00Z,0.4,Namche Bazaar,0.0,5145
2026-09-28T20:36Z,2026-09-28T22:00Z,1.4,Namche Bazaar,0.0,5141
2026-09-28T20:36Z,2026-09-28T23:00Z,2.4,Namche Bazaar,0.0,5139
2026-09-28T20:36Z,2026-09-29T00:00Z,3.4,Namche Bazaar,0.0,5128
2026-09-28T20:36Z,2026-09-29T01:00Z,4.4,Namche Bazaar,0.0,5129
2026-09-28T20:36Z,2026-09-29T02:00Z,5.4,Namche Bazaar,0.0,5125
2026-09-28T20:36Z,2026-09-29T03:00Z,6.4,Namche Bazaar,0.0,5136
2026-09-28T20:36Z,2026-09-29T04:00Z,7.4,Namche Bazaar,0.0,5147
2026-09-28T20:36Z,2026-09-28T18:00Z,-2.6,Darjeeling,0.0,5235
2026-09-28T20:36Z,2026-09-28T19:00Z,-1.6,Darjeeling,0.0,5205
2026-09-28T20:36Z,2026-09-28T20:00Z,-0.6,Darjeeling,0.0,5182
2026-09-28T20:36Z,2026-09-28T21:00Z,0.4,Darjeeling,0.0,5172
2026-09-28T20:36Z,2026-09-28T22:00Z,1.4,Darjeeling,0.0,5172
2026-09-28T20:36Z,2026-09-28T23:00Z,2.4,Darjeeling,0.0,5174
2026-09-28T20:36Z,2026-09-29T00:00Z,3.4,Darjeeling,0.0,5175
2026-09-28T20:36Z,2026-09-29T01:00Z,4.4,Darjeeling,0.0,5182
2026-09-28T20:36Z,2026-09-29T02:00Z,5.4,Darjeeling,0.0,5208
2026-09-28T20:36Z,2026-09-29T03:00Z,6.4,Darjeeling,0.0,5216
2026-09-28T20:36Z,2026-09-29T04:00Z,7.4,Darjeeling,0.0,5223
2026-09-28T20:36Z,2026-09-28T18:00Z,-2.6,Gangtok,0.0,5225
2026-09-28T20:36Z,2026-09-28T19:00Z,-1.6,Gangtok,0.0,5190
2026-09-28T20:36Z,2026-09-28T20:00Z,-0.6,Gangtok,0.0,5159
2026-09-28T20:36Z,2026-09-28T21:00Z,0.4,Gangtok,0.0,5162
2026-09-28T20:36Z,2026-09-28T22:00Z,1.4,Gangtok,0.0,5166
2026-09-28T20:36Z,2026-09-28T23:00Z,2.4,Gangtok,0.0,5180
2026-09-28T20:36Z,2026-09-29T00:00Z,3.4,Gangtok,0.0,5171
2026-09-28T20:36Z,2026-09-29T01:00Z,4.4,Gangtok,0.0,5182
2026-09-28T20:36Z,2026-09-29T02:00Z,5.4,Gangtok,0.0,5206
2026-09-28T20:36Z,2026-09-29T03:00Z,6.4,Gangtok,0.0,5214
2026-09-28T20:36Z,2026-09-29T04:00Z,7.4,Gangtok,0.0,5234
2026-09-28T20:36Z,2026-09-28T18:00Z,-2.6,Thimphu,0.0,5179
2026-09-28T20:36Z,2026-09-28T19:00Z,-1.6,Thimphu,0.0,5168
2026-09-28T20:36Z,2026-09-28T20:00Z,-0.6,Thimphu,0.0,5182
2026-09-28T20:36Z,2026-09-28T21:00Z,0.4,Thimphu,0.0,5182
2026-09-28T20:36Z,2026-09-28T22:00Z,1.4,Thimphu,0.0,5168
2026-09-28T20:36Z,2026-09-28T23:00Z,2.4,Thimphu,0.0,5167
2026-09-28T20:36Z,2026-09-29T00:00Z,3.4,Thimphu,0.0,5192
2026-09-28T20:36Z,2026-09-29T01:00Z,4.4,Thimphu,0.0,5231
2026-09-28T20:36Z,2026-09-29T02:00Z,5.4,Thimphu,0.0,5261
2026-09-28T20:36Z,2026-09-29T03:00Z,6.4,Thimphu,0.0,5279
2026-09-28T20:36Z,2026-09-29T04:00Z,7.4,Thimphu,0.0,5279
2026-09-28T20:36Z,2026-09-28T18:00Z,-2.6,Tawang,0.0,5181
2026-09-28T20:36Z,2026-09-28T19:00Z,-1.6,Tawang,0.0,5174
2026-09-28T20:36Z,2026-09-28T20:00Z,-0.6,Tawang,0.0,5235
2026-09-28T20:36Z,2026-09-28T21:00Z,0.4,Tawang,0.0,5231
2026-09-28T20:36Z,2026-09-28T22:00Z,1.4,Tawang,0.0,5207
2026-09-28T20:36Z,2026-09-28T23:00Z,2.4,Tawang,0.0,5219
2026-09-28T20:36Z,2026-09-29T00:00Z,3.4,Tawang,0.0,5284
2026-09-28T20:36Z,2026-09-29T01:00Z,4.4,Tawang,0.0,5379
2026-09-28T20:36Z,2026-09-29T02:00Z,5.4,Tawang,0.0,5382
2026-09-28T20:36Z,2026-09-29T03:00Z,6.4,Tawang,0.0,5367
2026-09-28T20:36Z,2026-09-29T04:00Z,7.4,Tawang,0.0,5373
2026-09-28T20:36Z,2026-09-28T18:00Z,-2.6,Lhasa,0.0,5549
2026-09-28T20:36Z,2026-09-28T19:00Z,-1.6,Lhasa,0.0,5497
2026-09-28T20:36Z,2026-09-28T20:00Z,-0.6,Lhasa,0.0,5449
2026-09-28T20:36Z,2026-09-28T21:00Z,0.4,Lhasa,0.0,5393
2026-09-28T20:36Z,2026-09-28T22:00Z,1.4,Lhasa,0.0,5344
2026-09-28T20:36Z,2026-09-28T23:00Z,2.4,Lhasa,0.0,5282
2026-09-28T20:36Z,2026-09-29T00:00Z,3.4,Lhasa,0.0,5248
2026-09-28T20:36Z,2026-09-29T01:00Z,4.4,Lhasa,0.0,5222
2026-09-28T20:36Z,2026-09-29T02:00Z,5.4,Lhasa,0.0,5225
2026-09-28T20:36Z,2026-09-29T03:00Z,6.4,Lhasa,0.0,5244
2026-09-28T20:36Z,2026-09-29T04:00Z,7.4,Lhasa,0.0,5291
2026-09-28T20:36Z,2026-09-28T18:00Z,-2.6,Shigatse,0.0,5476
2026-09-28T20:36Z,2026-09-28T19:00Z,-1.6,Shigatse,0.0,5424
2026-09-28T20:36Z,2026-09-28T20:00Z,-0.6,Shigatse,0.0,5369
2026-09-28T20:36Z,2026-09-28T21:00Z,0.4,Shigatse,0.0,5312
2026-09-28T20:36Z,2026-09-28T22:00Z,1.4,Shigatse,0.0,5264
2026-09-28T20:36Z,2026-09-28T23:00Z,2.4,Shigatse,0.0,5216
2026-09-28T20:36Z,2026-09-29T00:00Z,3.4,Shigatse,0.0,5184
2026-09-28T20:36Z,2026-09-29T01:00Z,4.4,Shigatse,0.0,5165
2026-09-28T20:36Z,2026-09-29T02:00Z,5.4,Shigatse,0.0,5169
2026-09-28T20:36Z,2026-09-29T03:00Z,6.4,Shigatse,0.0,5174
2026-09-28T20:36Z,2026-09-29T04:00Z,7.4,Shigatse,0.0,5219
2026-09-28T20:36Z,2026-09-28T18:00Z,-2.6,Itanagar,0.0,5205
2026-09-28T20:36Z,2026-09-28T19:00Z,-1.6,Itanagar,0.0,5156
2026-09-28T20:36Z,2026-09-28T20:00Z,-0.6,Itanagar,0.0,5179
2026-09-28T20:36Z,2026-09-28T21:00Z,0.4,Itanagar,0.0,5175
2026-09-28T20:36Z,2026-09-28T22:00Z,1.4,Itanagar,0.0,5153
2026-09-28T20:36Z,2026-09-28T23:00Z,2.4,Itanagar,0.0,5168
2026-09-28T20:36Z,2026-09-29T00:00Z,3.4,Itanagar,0.0,5186
2026-09-28T20:36Z,2026-09-29T01:00Z,4.4,Itanagar,0.0,5167
2026-09-28T20:36Z,2026-09-29T02:00Z,5.4,Itanagar,0.0,5171
2026-09-28T20:36Z,2026-09-29T03:00Z,6.4,Itanagar,0.0,5181
2026-09-28T20:36Z,2026-09-29T04:00Z,7.4,Itanagar,0.1,5210
2026-09-29T02:03Z,2026-09-29T00:00Z,-2.05,Gilgit,0.0,3664
2026-09-29T02:03Z,2026-09-29T01:00Z,-1.05,Gilgit,0.0,3648
2026-09-29T02:03Z,2026-09-29T02:00Z,-0.05,Gilgit,0.0,3664
2026-09-29T02:03Z,2026-09-29T03:00Z,0.95,Gilgit,0.0,3735
2026-09-29T02:03Z,2026-09-29T04:00Z,1.95,Gilgit,0.0,3757
2026-09-29T02:03Z,2026-09-29T05:00Z,2.95,Gilgit,0.1,3755
2026-09-29T02:03Z,2026-09-29T06:00Z,3.95,Gilgit,0.1,3748
2026-09-29T02:03Z,2026-09-29T07:00Z,4.95,Gilgit,1.4,3766
2026-09-29T02:03Z,2026-09-29T08:00Z,5.95,Gilgit,1.2,3783
2026-09-29T02:03Z,2026-09-29T09:00Z,6.95,Gilgit,0.1,4042
2026-09-29T02:03Z,2026-09-29T10:00Z,7.95,Gilgit,0.3,4184
2026-09-29T02:03Z,2026-09-29T00:00Z,-2.05,Skardu,0.0,3902
2026-09-29T02:03Z,2026-09-29T01:00Z,-1.05,Skardu,0.0,3879
2026-09-29T02:03Z,2026-09-29T02:00Z,-0.05,Skardu,0.0,3948
2026-09-29T02:03Z,2026-09-29T03:00Z,0.95,Skardu,0.0,4049
2026-09-29T02:03Z,2026-09-29T04:00Z,1.95,Skardu,0.0,4116
2026-09-29T02:03Z,2026-09-29T05:00Z,2.95,Skardu,0.0,4186
2026-09-29T02:03Z,2026-09-29T06:00Z,3.95,Skardu,0.0,4165
2026-09-29T02:03Z,2026-09-29T07:00Z,4.95,Skardu,0.1,4173
2026-09-29T02:03Z,2026-09-29T08:00Z,5.95,Skardu,0.1,4229
2026-09-29T02:03Z,2026-09-29T09:00Z,6.95,Skardu,0.1,4245
2026-09-29T02:03Z,2026-09-29T10:00Z,7.95,Skardu,0.0,4265
2026-09-29T02:03Z,2026-09-29T00:00Z,-2.05,Srinagar,0.0,3845
2026-09-29T02:03Z,2026-09-29T01:00Z,-1.05,Srinagar,0.0,3863
2026-09-29T02:03Z,2026-09-29T02:00Z,-0.05,Srinagar,0.0,3895
2026-09-29T02:03Z,2026-09-29T03:00Z,0.95,Srinagar,0.0,3928
2026-09-29T02:03Z,2026-09-29T04:00Z,1.95,Srinagar,0.0,3964
2026-09-29T02:03Z,2026-09-29T05:00Z,2.95,Srinagar,0.0,3999
2026-09-29T02:03Z,2026-09-29T06:00Z,3.95,Srinagar,0.1,4035
2026-09-29T02:03Z,2026-09-29T07:00Z,4.95,Srinagar,0.2,4063
2026-09-29T02:03Z,2026-09-29T08:00Z,5.95,Srinagar,0.1,4097
2026-09-29T02:03Z,2026-09-29T09:00Z,6.95,Srinagar,0.1,4113
2026-09-29T02:03Z,2026-09-29T10:00Z,7.95,Srinagar,0.1,4151
2026-09-29T02:03Z,2026-09-29T00:00Z,-2.05,Leh,0.0,4081
2026-09-29T02:03Z,2026-09-29T01:00Z,-1.05,Leh,0.0,4054
2026-09-29T02:03Z,2026-09-29T02:00Z,-0.05,Leh,0.0,4040
2026-09-29T02:03Z,2026-09-29T03:00Z,0.95,Leh,0.0,4104
2026-09-29T02:03Z,2026-09-29T04:00Z,1.95,Leh,0.0,4185
2026-09-29T02:03Z,2026-09-29T05:00Z,2.95,Leh,0.1,4296
2026-09-29T02:03Z,2026-09-29T06:00Z,3.95,Leh,0.1,4436
2026-09-29T02:03Z,2026-09-29T07:00Z,4.95,Leh,0.0,4531
2026-09-29T02:03Z,2026-09-29T08:00Z,5.95,Leh,0.1,4570
2026-09-29T02:03Z,2026-09-29T09:00Z,6.95,Leh,0.2,4613
2026-09-29T02:03Z,2026-09-29T10:00Z,7.95,Leh,0.0,4647
2026-09-29T02:03Z,2026-09-29T00:00Z,-2.05,Jammu,0.0,4100
2026-09-29T02:03Z,2026-09-29T01:00Z,-1.05,Jammu,0.0,4126
2026-09-29T02:03Z,2026-09-29T02:00Z,-0.05,Jammu,0.0,4137
2026-09-29T02:03Z,2026-09-29T03:00Z,0.95,Jammu,0.0,4149
2026-09-29T02:03Z,2026-09-29T04:00Z,1.95,Jammu,0.0,4172
2026-09-29T02:03Z,2026-09-29T05:00Z,2.95,Jammu,0.0,4184
2026-09-29T02:03Z,2026-09-29T06:00Z,3.95,Jammu,0.0,4215
2026-09-29T02:03Z,2026-09-29T07:00Z,4.95,Jammu,0.0,4239
2026-09-29T02:03Z,2026-09-29T08:00Z,5.95,Jammu,0.0,4268
2026-09-29T02:03Z,2026-09-29T09:00Z,6.95,Jammu,0.0,4280
2026-09-29T02:03Z,2026-09-29T10:00Z,7.95,Jammu,0.0,4294
2026-09-29T02:03Z,2026-09-29T00:00Z,-2.05,Dharamshala,0.0,4108
2026-09-29T02:03Z,2026-09-29T01:00Z,-1.05,Dharamshala,0.0,4092
2026-09-29T02:03Z,2026-09-29T02:00Z,-0.05,Dharamshala,0.0,4084
2026-09-29T02:03Z,2026-09-29T03:00Z,0.95,Dharamshala,0.0,4159
2026-09-29T02:03Z,2026-09-29T04:00Z,1.95,Dharamshala,0.0,4172
2026-09-29T02:03Z,2026-09-29T05:00Z,2.95,Dharamshala,0.1,4188
2026-09-29T02:03Z,2026-09-29T06:00Z,3.95,Dharamshala,0.2,4219
2026-09-29T02:03Z,2026-09-29T07:00Z,4.95,Dharamshala,0.1,4244
2026-09-29T02:03Z,2026-09-29T08:00Z,5.95,Dharamshala,0.1,4238
2026-09-29T02:03Z,2026-09-29T09:00Z,6.95,Dharamshala,0.1,4254
2026-09-29T02:03Z,2026-09-29T10:00Z,7.95,Dharamshala,0.1,4275
2026-09-29T02:03Z,2026-09-29T00:00Z,-2.05,Manali,0.0,4064
2026-09-29T02:03Z,2026-09-29T01:00Z,-1.05,Manali,0.0,4075
2026-09-29T02:03Z,2026-09-29T02:00Z,-0.05,Manali,0.0,4122
2026-09-29T02:03Z,2026-09-29T03:00Z,0.95,Manali,0.0,4193
2026-09-29T02:03Z,2026-09-29T04:00Z,1.95,Manali,0.0,4215
2026-09-29T02:03Z,2026-09-29T05:00Z,2.95,Manali,0.0,4235
2026-09-29T02:03Z,2026-09-29T06:00Z,3.95,Manali,0.0,4276
2026-09-29T02:03Z,2026-09-29T07:00Z,4.95,Manali,0.0,4308
2026-09-29T02:03Z,2026-09-29T08:00Z,5.95,Manali,0.1,4321
2026-09-29T02:03Z,2026-09-29T09:00Z,6.95,Manali,0.1,4308
2026-09-29T02:03Z,2026-09-29T10:00Z,7.95,Manali,0.2,4346
2026-09-29T02:03Z,2026-09-29T00:00Z,-2.05,Kaza,0.0,4295
2026-09-29T02:03Z,2026-09-29T01:00Z,-1.05,Kaza,0.0,4277
2026-09-29T02:03Z,2026-09-29T02:00Z,-0.05,Kaza,0.0,4340
2026-09-29T02:03Z,2026-09-29T03:00Z,0.95,Kaza,0.0,4465
2026-09-29T02:03Z,2026-09-29T04:00Z,1.95,Kaza,0.0,4509
2026-09-29T02:03Z,2026-09-29T05:00Z,2.95,Kaza,0.0,4612
2026-09-29T02:03Z,2026-09-29T06:00Z,3.95,Kaza,0.0,4676
2026-09-29T02:03Z,2026-09-29T07:00Z,4.95,Kaza,0.0,4737
2026-09-29T02:03Z,2026-09-29T08:00Z,5.95,Kaza,0.0,4771
2026-09-29T02:03Z,2026-09-29T09:00Z,6.95,Kaza,0.0,4789
2026-09-29T02:03Z,2026-09-29T10:00Z,7.95,Kaza,0.0,4789
2026-09-29T02:03Z,2026-09-29T00:00Z,-2.05,Shimla,0.0,4187
2026-09-29T02:03Z,2026-09-29T01:00Z,-1.05,Shimla,0.0,4198
2026-09-29T02:03Z,2026-09-29T02:00Z,-0.05,Shimla,0.0,4270
2026-09-29T02:03Z,2026-09-29T03:00Z,0.95,Shimla,0.0,4282
2026-09-29T02:03Z,2026-09-29T04:00Z,1.95,Shimla,0.0,4305
2026-09-29T02:03Z,2026-09-29T05:00Z,2.95,Shimla,0.0,4311
2026-09-29T02:03Z,2026-09-29T06:00Z,3.95,Shimla,0.0,4305
2026-09-29T02:03Z,2026-09-29T07:00Z,4.95,Shimla,0.1,4303
2026-09-29T02:03Z,2026-09-29T08:00Z,5.95,Shimla,0.1,4302
2026-09-29T02:03Z,2026-09-29T09:00Z,6.95,Shimla,0.1,4309
2026-09-29T02:03Z,2026-09-29T10:00Z,7.95,Shimla,0.1,4313
2026-09-29T02:03Z,2026-09-29T00:00Z,-2.05,Dehradun,0.0,4330
2026-09-29T02:03Z,2026-09-29T01:00Z,-1.05,Dehradun,0.0,4320
2026-09-29T02:03Z,2026-09-29T02:00Z,-0.05,Dehradun,0.0,4315
2026-09-29T02:03Z,2026-09-29T03:00Z,0.95,Dehradun,0.0,4311
2026-09-29T02:03Z,2026-09-29T04:00Z,1.95,Dehradun,0.0,4314
2026-09-29T02:03Z,2026-09-29T05:00Z,2.95,Dehradun,0.0,4344
2026-09-29T02:03Z,2026-09-29T06:00Z,3.95,Dehradun,0.0,4383
2026-09-29T02:03Z,2026-09-29T07:00Z,4.95,Dehradun,0.0,4396
2026-09-29T02:03Z,2026-09-29T08:00Z,5.95,Dehradun,0.1,4411
2026-09-29T02:03Z,2026-09-29T09:00Z,6.95,Dehradun,0.1,4425
2026-09-29T02:03Z,2026-09-29T10:00Z,7.95,Dehradun,0.1,4438
2026-09-29T02:03Z,2026-09-29T00:00Z,-2.05,Uttarkashi,0.0,4295
2026-09-29T02:03Z,2026-09-29T01:00Z,-1.05,Uttarkashi,0.0,4254
2026-09-29T02:03Z,2026-09-29T02:00Z,-0.05,Uttarkashi,0.0,4249
2026-09-29T02:03Z,2026-09-29T03:00Z,0.95,Uttarkashi,0.0,4256
2026-09-29T02:03Z,2026-09-29T04:00Z,1.95,Uttarkashi,0.0,4271
2026-09-29T02:03Z,2026-09-29T05:00Z,2.95,Uttarkashi,0.0,4296
2026-09-29T02:03Z,2026-09-29T06:00Z,3.95,Uttarkashi,0.0,4343
2026-09-29T02:03Z,2026-09-29T07:00Z,4.95,Uttarkashi,0.0,4368
2026-09-29T02:03Z,2026-09-29T08:00Z,5.95,Uttarkashi,0.0,4412
2026-09-29T02:03Z,2026-09-29T09:00Z,6.95,Uttarkashi,0.0,4440
2026-09-29T02:03Z,2026-09-29T10:00Z,7.95,Uttarkashi,0.0,4463
2026-09-29T02:03Z,2026-09-29T00:00Z,-2.05,Joshimath,0.0,4312
2026-09-29T02:03Z,2026-09-29T01:00Z,-1.05,Joshimath,0.0,4285
2026-09-29T02:03Z,2026-09-29T02:00Z,-0.05,Joshimath,0.0,4272
2026-09-29T02:03Z,2026-09-29T03:00Z,0.95,Joshimath,0.0,4283
2026-09-29T02:03Z,2026-09-29T04:00Z,1.95,Joshimath,0.0,4313
2026-09-29T02:03Z,2026-09-29T05:00Z,2.95,Joshimath,0.0,4326
2026-09-29T02:03Z,2026-09-29T06:00Z,3.95,Joshimath,0.0,4354
2026-09-29T02:03Z,2026-09-29T07:00Z,4.95,Joshimath,0.0,4384
2026-09-29T02:03Z,2026-09-29T08:00Z,5.95,Joshimath,0.0,4421
2026-09-29T02:03Z,2026-09-29T09:00Z,6.95,Joshimath,0.0,4442
2026-09-29T02:03Z,2026-09-29T10:00Z,7.95,Joshimath,0.0,4453
2026-09-29T02:03Z,2026-09-29T00:00Z,-2.05,Bhimtal,0.0,4454
2026-09-29T02:03Z,2026-09-29T01:00Z,-1.05,Bhimtal,0.0,4436
2026-09-29T02:03Z,2026-09-29T02:00Z,-0.05,Bhimtal,0.0,4417
2026-09-29T02:03Z,2026-09-29T03:00Z,0.95,Bhimtal,0.0,4378
2026-09-29T02:03Z,2026-09-29T04:00Z,1.95,Bhimtal,0.0,4383
2026-09-29T02:03Z,2026-09-29T05:00Z,2.95,Bhimtal,0.0,4370
2026-09-29T02:03Z,2026-09-29T06:00Z,3.95,Bhimtal,0.0,4408
2026-09-29T02:03Z,2026-09-29T07:00Z,4.95,Bhimtal,0.0,4500
2026-09-29T02:03Z,2026-09-29T08:00Z,5.95,Bhimtal,0.0,4540
2026-09-29T02:03Z,2026-09-29T09:00Z,6.95,Bhimtal,0.0,4548
2026-09-29T02:03Z,2026-09-29T10:00Z,7.95,Bhimtal,0.0,4554
2026-09-29T02:03Z,2026-09-29T00:00Z,-2.05,Pithoragarh,0.0,4288
2026-09-29T02:03Z,2026-09-29T01:00Z,-1.05,Pithoragarh,0.0,4282
2026-09-29T02:03Z,2026-09-29T02:00Z,-0.05,Pithoragarh,0.0,4296
2026-09-29T02:03Z,2026-09-29T03:00Z,0.95,Pithoragarh,0.0,4305
2026-09-29T02:03Z,2026-09-29T04:00Z,1.95,Pithoragarh,0.0,4311
2026-09-29T02:03Z,2026-09-29T05:00Z,2.95,Pithoragarh,0.0,4315
2026-09-29T02:03Z,2026-09-29T06:00Z,3.95,Pithoragarh,0.0,4342
2026-09-29T02:03Z,2026-09-29T07:00Z,4.95,Pithoragarh,0.0,4397
2026-09-29T02:03Z,2026-09-29T08:00Z,5.95,Pithoragarh,0.0,4465
2026-09-29T02:03Z,2026-09-29T09:00Z,6.95,Pithoragarh,0.0,4493
2026-09-29T02:03Z,2026-09-29T10:00Z,7.95,Pithoragarh,0.0,4515
2026-09-29T02:03Z,2026-09-29T00:00Z,-2.05,Jumla,0.0,4406
2026-09-29T02:03Z,2026-09-29T01:00Z,-1.05,Jumla,0.0,4399
2026-09-29T02:03Z,2026-09-29T02:00Z,-0.05,Jumla,0.0,4439
2026-09-29T02:03Z,2026-09-29T03:00Z,0.95,Jumla,0.0,4429
2026-09-29T02:03Z,2026-09-29T04:00Z,1.95,Jumla,0.0,4448
2026-09-29T02:03Z,2026-09-29T05:00Z,2.95,Jumla,0.1,4448
2026-09-29T02:03Z,2026-09-29T06:00Z,3.95,Jumla,0.1,4476
2026-09-29T02:03Z,2026-09-29T07:00Z,4.95,Jumla,0.1,4465
2026-09-29T02:03Z,2026-09-29T08:00Z,5.95,Jumla,0.1,4505
2026-09-29T02:03Z,2026-09-29T09:00Z,6.95,Jumla,0.3,4537
2026-09-29T02:03Z,2026-09-29T10:00Z,7.95,Jumla,0.1,4555
2026-09-29T02:03Z,2026-09-29T00:00Z,-2.05,Jomsom,0.0,4694
2026-09-29T02:03Z,2026-09-29T01:00Z,-1.05,Jomsom,0.0,4710
2026-09-29T02:03Z,2026-09-29T02:00Z,-0.05,Jomsom,0.0,4781
2026-09-29T02:03Z,2026-09-29T03:00Z,0.95,Jomsom,0.0,4837
2026-09-29T02:03Z,2026-09-29T04:00Z,1.95,Jomsom,0.0,4858
2026-09-29T02:03Z,2026-09-29T05:00Z,2.95,Jomsom,0.0,4863
2026-09-29T02:03Z,2026-09-29T06:00Z,3.95,Jomsom,0.0,4942
2026-09-29T02:03Z,2026-09-29T07:00Z,4.95,Jomsom,0.0,4932
2026-09-29T02:03Z,2026-09-29T08:00Z,5.95,Jomsom,0.0,4902
2026-09-29T02:03Z,2026-09-29T09:00Z,6.95,Jomsom,0.0,4889
2026-09-29T02:03Z,2026-09-29T10:00Z,7.95,Jomsom,0.0,4878
2026-09-29T02:03Z,2026-09-29T00:00Z,-2.05,Pokhara,0.0,4940
2026-09-29T02:03Z,2026-09-29T01:00Z,-1.05,Pokhara,0.0,4949
2026-09-29T02:03Z,2026-09-29T02:00Z,-0.05,Pokhara,0.0,4938
2026-09-29T02:03Z,2026-09-29T03:00Z,0.95,Pokhara,0.0,4948
2026-09-29T02:03Z,2026-09-29T04:00Z,1.95,Pokhara,0.0,4938
2026-09-29T02:03Z,2026-09-29T05:00Z,2.95,Pokhara,0.0,4928
2026-09-29T02:03Z,2026-09-29T06:00Z,3.95,Pokhara,0.0,4927
2026-09-29T02:03Z,2026-09-29T07:00Z,4.95,Pokhara,0.0,4922
2026-09-29T02:03Z,2026-09-29T08:00Z,5.95,Pokhara,0.0,4923
2026-09-29T02:03Z,2026-09-29T09:00Z,6.95,Pokhara,0.0,4873
2026-09-29T02:03Z,2026-09-29T10:00Z,7.95,Pokhara,0.1,4834
2026-09-29T02:03Z,2026-09-29T00:00Z,-2.05,Kathmandu,0.0,5199
2026-09-29T02:03Z,2026-09-29T01:00Z,-1.05,Kathmandu,0.0,5202
2026-09-29T02:03Z,2026-09-29T02:00Z,-0.05,Kathmandu,0.0,5218
2026-09-29T02:03Z,2026-09-29T03:00Z,0.95,Kathmandu,0.0,5213
2026-09-29T02:03Z,2026-09-29T04:00Z,1.95,Kathmandu,0.1,5190
2026-09-29T02:03Z,2026-09-29T05:00Z,2.95,Kathmandu,0.3,5158
2026-09-29T02:03Z,2026-09-29T06:00Z,3.95,Kathmandu,0.4,5126
2026-09-29T02:03Z,2026-09-29T07:00Z,4.95,Kathmandu,0.4,5107
2026-09-29T02:03Z,2026-09-29T08:00Z,5.95,Kathmandu,0.5,5113
2026-09-29T02:03Z,2026-09-29T09:00Z,6.95,Kathmandu,0.4,5040
2026-09-29T02:03Z,2026-09-29T10:00Z,7.95,Kathmandu,0.6,5061
2026-09-29T02:03Z,2026-09-29T00:00Z,-2.05,Namche Bazaar,0.0,5104
2026-09-29T02:03Z,2026-09-29T01:00Z,-1.05,Namche Bazaar,0.0,5094
2026-09-29T02:03Z,2026-09-29T02:00Z,-0.05,Namche Bazaar,0.0,5097
2026-09-29T02:03Z,2026-09-29T03:00Z,0.95,Namche Bazaar,0.0,5110
2026-09-29T02:03Z,2026-09-29T04:00Z,1.95,Namche Bazaar,0.0,5130
2026-09-29T02:03Z,2026-09-29T05:00Z,2.95,Namche Bazaar,0.0,5133
2026-09-29T02:03Z,2026-09-29T06:00Z,3.95,Namche Bazaar,0.2,5153
2026-09-29T02:03Z,2026-09-29T07:00Z,4.95,Namche Bazaar,0.3,5165
2026-09-29T02:03Z,2026-09-29T08:00Z,5.95,Namche Bazaar,0.2,5162
2026-09-29T02:03Z,2026-09-29T09:00Z,6.95,Namche Bazaar,0.2,5162
2026-09-29T02:03Z,2026-09-29T10:00Z,7.95,Namche Bazaar,0.1,5164
2026-09-29T02:03Z,2026-09-29T00:00Z,-2.05,Darjeeling,0.0,5163
2026-09-29T02:03Z,2026-09-29T01:00Z,-1.05,Darjeeling,0.0,5171
2026-09-29T02:03Z,2026-09-29T02:00Z,-0.05,Darjeeling,0.0,5186
2026-09-29T02:03Z,2026-09-29T03:00Z,0.95,Darjeeling,0.0,5195
2026-09-29T02:03Z,2026-09-29T04:00Z,1.95,Darjeeling,0.0,5208
2026-09-29T02:03Z,2026-09-29T05:00Z,2.95,Darjeeling,0.1,5205
2026-09-29T02:03Z,2026-09-29T06:00Z,3.95,Darjeeling,0.1,5206
2026-09-29T02:03Z,2026-09-29T07:00Z,4.95,Darjeeling,0.1,5191
2026-09-29T02:03Z,2026-09-29T08:00Z,5.95,Darjeeling,0.2,5170
2026-09-29T02:03Z,2026-09-29T09:00Z,6.95,Darjeeling,0.1,5145
2026-09-29T02:03Z,2026-09-29T10:00Z,7.95,Darjeeling,0.0,5153
2026-09-29T02:03Z,2026-09-29T00:00Z,-2.05,Gangtok,0.0,5169
2026-09-29T02:03Z,2026-09-29T01:00Z,-1.05,Gangtok,0.0,5187
2026-09-29T02:03Z,2026-09-29T02:00Z,-0.05,Gangtok,0.0,5202
2026-09-29T02:03Z,2026-09-29T03:00Z,0.95,Gangtok,0.0,5210
2026-09-29T02:03Z,2026-09-29T04:00Z,1.95,Gangtok,0.0,5217
2026-09-29T02:03Z,2026-09-29T05:00Z,2.95,Gangtok,0.2,5216
2026-09-29T02:03Z,2026-09-29T06:00Z,3.95,Gangtok,0.3,5226
2026-09-29T02:03Z,2026-09-29T07:00Z,4.95,Gangtok,0.2,5180
2026-09-29T02:03Z,2026-09-29T08:00Z,5.95,Gangtok,0.4,5128
2026-09-29T02:03Z,2026-09-29T09:00Z,6.95,Gangtok,0.2,5062
2026-09-29T02:03Z,2026-09-29T10:00Z,7.95,Gangtok,0.0,5085
2026-09-29T02:03Z,2026-09-29T00:00Z,-2.05,Thimphu,0.0,5172
2026-09-29T02:03Z,2026-09-29T01:00Z,-1.05,Thimphu,0.0,5206
2026-09-29T02:03Z,2026-09-29T02:00Z,-0.05,Thimphu,0.0,5241
2026-09-29T02:03Z,2026-09-29T03:00Z,0.95,Thimphu,0.0,5250
2026-09-29T02:03Z,2026-09-29T04:00Z,1.95,Thimphu,0.0,5260
2026-09-29T02:03Z,2026-09-29T05:00Z,2.95,Thimphu,0.0,5245
2026-09-29T02:03Z,2026-09-29T06:00Z,3.95,Thimphu,0.1,5234
2026-09-29T02:03Z,2026-09-29T07:00Z,4.95,Thimphu,0.2,5076
2026-09-29T02:03Z,2026-09-29T08:00Z,5.95,Thimphu,0.2,4979
2026-09-29T02:03Z,2026-09-29T09:00Z,6.95,Thimphu,0.1,5013
2026-09-29T02:03Z,2026-09-29T10:00Z,7.95,Thimphu,0.0,4978
2026-09-29T02:03Z,2026-09-29T00:00Z,-2.05,Tawang,0.0,5205
2026-09-29T02:03Z,2026-09-29T01:00Z,-1.05,Tawang,0.0,5331
2026-09-29T02:03Z,2026-09-29T02:00Z,-0.05,Tawang,0.0,5347
2026-09-29T02:03Z,2026-09-29T03:00Z,0.95,Tawang,0.0,5343
2026-09-29T02:03Z,2026-09-29T04:00Z,1.95,Tawang,0.0,5364
2026-09-29T02:03Z,2026-09-29T05:00Z,2.95,Tawang,0.0,5316
2026-09-29T02:03Z,2026-09-29T06:00Z,3.95,Tawang,0.1,5084
2026-09-29T02:03Z,2026-09-29T07:00Z,4.95,Tawang,0.3,5020
2026-09-29T02:03Z,2026-09-29T08:00Z,5.95,Tawang,0.2,5061
2026-09-29T02:03Z,2026-09-29T09:00Z,6.95,Tawang,0.2,5115
2026-09-29T02:03Z,2026-09-29T10:00Z,7.95,Tawang,0.2,5166
2026-09-29T02:03Z,2026-09-29T00:00Z,-2.05,Lhasa,0.0,5231
2026-09-29T02:03Z,2026-09-29T01:00Z,-1.05,Lhasa,0.0,5199
2026-09-29T02:03Z,2026-09-29T02:00Z,-0.05,Lhasa,0.0,5210
2026-09-29T02:03Z,2026-09-29T03:00Z,0.95,Lhasa,0.0,5227
2026-09-29T02:03Z,2026-09-29T04:00Z,1.95,Lhasa,0.0,5271
2026-09-29T02:03Z,2026-09-29T05:00Z,2.95,Lhasa,0.0,5370
2026-09-29T02:03Z,2026-09-29T06:00Z,3.95,Lhasa,0.0,5447
2026-09-29T02:03Z,2026-09-29T07:00Z,4.95,Lhasa,0.0,5533
2026-09-29T02:03Z,2026-09-29T08:00Z,5.95,Lhasa,0.0,5588
2026-09-29T02:03Z,2026-09-29T09:00Z,6.95,Lhasa,0.0,5629
2026-09-29T02:03Z,2026-09-29T10:00Z,7.95,Lhasa,0.0,5682
2026-09-29T02:03Z,2026-09-29T00:00Z,-2.05,Shigatse,0.0,5177
2026-09-29T02:03Z,2026-09-29T01:00Z,-1.05,Shigatse,0.0,5156
2026-09-29T02:03Z,2026-09-29T02:00Z,-0.05,Shigatse,0.0,5164
2026-09-29T02:03Z,2026-09-29T03:00Z,0.95,Shigatse,0.0,5168
2026-09-29T02:03Z,2026-09-29T04:00Z,1.95,Shigatse,0.0,5211
2026-09-29T02:03Z,2026-09-29T05:00Z,2.95,Shigatse,0.0,5279
2026-09-29T02:03Z,2026-09-29T06:00Z,3.95,Shigatse,0.0,5352
2026-09-29T02:03Z,2026-09-29T07:00Z,4.95,Shigatse,0.0,5434
2026-09-29T02:03Z,2026-09-29T08:00Z,5.95,Shigatse,0.0,5516
2026-09-29T02:03Z,2026-09-29T09:00Z,6.95,Shigatse,0.0,5570
2026-09-29T02:03Z,2026-09-29T10:00Z,7.95,Shigatse,0.0,5609
2026-09-29T02:03Z,2026-09-29T00:00Z,-2.05,Itanagar,0.0,5208
2026-09-29T02:03Z,2026-09-29T01:00Z,-1.05,Itanagar,0.0,5214
2026-09-29T02:03Z,2026-09-29T02:00Z,-0.05,Itanagar,0.0,5199
2026-09-29T02:03Z,2026-09-29T03:00Z,0.95,Itanagar,0.0,5213
2026-09-29T02:03Z,2026-09-29T04:00Z,1.95,Itanagar,0.0,5237
2026-09-29T02:03Z,2026-09-29T05:00Z,2.95,Itanagar,0.0,5204
2026-09-29T02:03Z,2026-09-29T06:00Z,3.95,Itanagar,0.0,5199
2026-09-29T02:03Z,2026-09-29T07:00Z,4.95,Itanagar,0.0,5228
2026-09-29T02:03Z,2026-09-29T08:00Z,5.95,Itanagar,0.0,5218
2026-09-29T02:03Z,2026-09-29T09:00Z,6.95,Itanagar,0.0,5190
2026-09-29T02:03Z,2026-09-29T10:00Z,7.95,Itanagar,0.0,5196
2026-09-29T08:40Z,2026-09-29T06:00Z,-2.67,Gilgit,0.3,3758
2026-09-29T08:40Z,2026-09-29T07:00Z,-1.67,Gilgit,1.0,3766
2026-09-29T08:40Z,2026-09-29T08:00Z,-0.67,Gilgit,0.8,3791
2026-09-29T08:40Z,2026-09-29T09:00Z,0.33,Gilgit,0.7,4036
2026-09-29T08:40Z,2026-09-29T10:00Z,1.33,Gilgit,0.9,4186
2026-09-29T08:40Z,2026-09-29T11:00Z,2.33,Gilgit,0.2,4221
2026-09-29T08:40Z,2026-09-29T12:00Z,3.33,Gilgit,0.1,4222
2026-09-29T08:40Z,2026-09-29T13:00Z,4.33,Gilgit,0.0,4188
2026-09-29T08:40Z,2026-09-29T14:00Z,5.33,Gilgit,0.2,4174
2026-09-29T08:40Z,2026-09-29T15:00Z,6.33,Gilgit,0.2,4173
2026-09-29T08:40Z,2026-09-29T16:00Z,7.33,Gilgit,0.4,4161
2026-09-29T08:40Z,2026-09-29T06:00Z,-2.67,Skardu,0.1,4169
2026-09-29T08:40Z,2026-09-29T07:00Z,-1.67,Skardu,0.1,4217
2026-09-29T08:40Z,2026-09-29T08:00Z,-0.67,Skardu,0.1,4233
2026-09-29T08:40Z,2026-09-29T09:00Z,0.33,Skardu,0.1,4252
2026-09-29T08:40Z,2026-09-29T10:00Z,1.33,Skardu,0.1,4267
2026-09-29T08:40Z,2026-09-29T11:00Z,2.33,Skardu,0.0,4294
2026-09-29T08:40Z,2026-09-29T12:00Z,3.33,Skardu,0.0,4399
2026-09-29T08:40Z,2026-09-29T13:00Z,4.33,Skardu,0.0,4363
2026-09-29T08:40Z,2026-09-29T14:00Z,5.33,Skardu,0.0,4329
2026-09-29T08:40Z,2026-09-29T15:00Z,6.33,Skardu,0.0,4300
2026-09-29T08:40Z,2026-09-29T16:00Z,7.33,Skardu,0.0,4231
2026-09-29T08:40Z,2026-09-29T06:00Z,-2.67,Srinagar,0.2,4051
2026-09-29T08:40Z,2026-09-29T07:00Z,-1.67,Srinagar,0.1,4084
2026-09-29T08:40Z,2026-09-29T08:00Z,-0.67,Srinagar,0.1,4093
2026-09-29T08:40Z,2026-09-29T09:00Z,0.33,Srinagar,0.1,4111
2026-09-29T08:40Z,2026-09-29T10:00Z,1.33,Srinagar,0.1,4148
2026-09-29T08:40Z,2026-09-29T11:00Z,2.33,Srinagar,0.0,4184
2026-09-29T08:40Z,2026-09-29T12:00Z,3.33,Srinagar,0.0,4191
2026-09-29T08:40Z,2026-09-29T13:00Z,4.33,Srinagar,0.0,4198
2026-09-29T08:40Z,2026-09-29T14:00Z,5.33,Srinagar,0.0,4205
2026-09-29T08:40Z,2026-09-29T15:00Z,6.33,Srinagar,0.0,4197
2026-09-29T08:40Z,2026-09-29T16:00Z,7.33,Srinagar,0.0,4194
2026-09-29T08:40Z,2026-09-29T06:00Z,-2.67,Leh,0.0,4441
2026-09-29T08:40Z,2026-09-29T07:00Z,-1.67,Leh,0.1,4526
2026-09-29T08:40Z,2026-09-29T08:00Z,-0.67,Leh,0.2,4575
2026-09-29T08:40Z,2026-09-29T09:00Z,0.33,Leh,0.1,4618
2026-09-29T08:40Z,2026-09-29T10:00Z,1.33,Leh,0.1,4647
2026-09-29T08:40Z,2026-09-29T11:00Z,2.33,Leh,0.0,4679
2026-09-29T08:40Z,2026-09-29T12:00Z,3.33,Leh,0.0,4691
2026-09-29T08:40Z,2026-09-29T13:00Z,4.33,Leh,0.0,4637
2026-09-29T08:40Z,2026-09-29T14:00Z,5.33,Leh,0.0,4597
2026-09-29T08:40Z,2026-09-29T15:00Z,6.33,Leh,0.0,4551
2026-09-29T08:40Z,2026-09-29T16:00Z,7.33,Leh,0.0,4511
2026-09-29T08:40Z,2026-09-29T06:00Z,-2.67,Jammu,0.0,4214
2026-09-29T08:40Z,2026-09-29T07:00Z,-1.67,Jammu,0.0,4242
2026-09-29T08:40Z,2026-09-29T08:00Z,-0.67,Jammu,0.0,4272
2026-09-29T08:40Z,2026-09-29T09:00Z,0.33,Jammu,0.0,4284
2026-09-29T08:40Z,2026-09-29T10:00Z,1.33,Jammu,0.0,4304
2026-09-29T08:40Z,2026-09-29T11:00Z,2.33,Jammu,0.0,4322
2026-09-29T08:40Z,2026-09-29T12:00Z,3.33,Jammu,0.0,4331
2026-09-29T08:40Z,2026-09-29T13:00Z,4.33,Jammu,0.0,4323
2026-09-29T08:40Z,2026-09-29T14:00Z,5.33,Jammu,0.0,4323
2026-09-29T08:40Z,2026-09-29T15:00Z,6.33,Jammu,0.0,4314
2026-09-29T08:40Z,2026-09-29T16:00Z,7.33,Jammu,0.0,4304
2026-09-29T08:40Z,2026-09-29T06:00Z,-2.67,Dharamshala,0.1,4196
2026-09-29T08:40Z,2026-09-29T07:00Z,-1.67,Dharamshala,0.1,4203
2026-09-29T08:40Z,2026-09-29T08:00Z,-0.67,Dharamshala,0.1,4220
2026-09-29T08:40Z,2026-09-29T09:00Z,0.33,Dharamshala,0.1,4229
2026-09-29T08:40Z,2026-09-29T10:00Z,1.33,Dharamshala,0.1,4248
2026-09-29T08:40Z,2026-09-29T11:00Z,2.33,Dharamshala,0.1,4256
2026-09-29T08:40Z,2026-09-29T12:00Z,3.33,Dharamshala,0.0,4262
2026-09-29T08:40Z,2026-09-29T13:00Z,4.33,Dharamshala,0.0,4256
2026-09-29T08:40Z,2026-09-29T14:00Z,5.33,Dharamshala,0.0,4268
2026-09-29T08:40Z,2026-09-29T15:00Z,6.33,Dharamshala,0.0,4274
2026-09-29T08:40Z,2026-09-29T16:00Z,7.33,Dharamshala,0.0,4277
2026-09-29T08:40Z,2026-09-29T06:00Z,-2.67,Manali,0.0,4274
2026-09-29T08:40Z,2026-09-29T07:00Z,-1.67,Manali,0.0,4323
2026-09-29T08:40Z,2026-09-29T08:00Z,-0.67,Manali,0.1,4310
2026-09-29T08:40Z,2026-09-29T09:00Z,0.33,Manali,0.1,4308
2026-09-29T08:40Z,2026-09-29T10:00Z,1.33,Manali,0.2,4340
2026-09-29T08:40Z,2026-09-29T11:00Z,2.33,Manali,0.1,4322
2026-09-29T08:40Z,2026-09-29T12:00Z,3.33,Manali,0.0,4351
2026-09-29T08:40Z,2026-09-29T13:00Z,4.33,Manali,0.0,4329
2026-09-29T08:40Z,2026-09-29T14:00Z,5.33,Manali,0.0,4331
2026-09-29T08:40Z,2026-09-29T15:00Z,6.33,Manali,0.0,4326
2026-09-29T08:40Z,2026-09-29T16:00Z,7.33,Manali,0.0,4327
2026-09-29T08:40Z,2026-09-29T06:00Z,-2.67,Kaza,0.0,4689
2026-09-29T08:40Z,2026-09-29T07:00Z,-1.67,Kaza,0.0,4737
2026-09-29T08:40Z,2026-09-29T08:00Z,-0.67,Kaza,0.0,4771
2026-09-29T08:40Z,2026-09-29T09:00Z,0.33,Kaza,0.0,4783
2026-09-29T08:40Z,2026-09-29T10:00Z,1.33,Kaza,0.0,4788
2026-09-29T08:40Z,2026-09-29T11:00Z,2.33,Kaza,0.0,4779
2026-09-29T08:40Z,2026-09-29T12:00Z,3.33,Kaza,0.0,4766
2026-09-29T08:40Z,2026-09-29T13:00Z,4.33,Kaza,0.0,4744
2026-09-29T08:40Z,2026-09-29T14:00Z,5.33,Kaza,0.0,4728
2026-09-29T08:40Z,2026-09-29T15:00Z,6.33,Kaza,0.0,4700
2026-09-29T08:40Z,2026-09-29T16:00Z,7.33,Kaza,0.0,4598
2026-09-29T08:40Z,2026-09-29T06:00Z,-2.67,Shimla,0.0,4306
2026-09-29T08:40Z,2026-09-29T07:00Z,-1.67,Shimla,0.1,4304
2026-09-29T08:40Z,2026-09-29T08:00Z,-0.67,Shimla,0.2,4295
2026-09-29T08:40Z,2026-09-29T09:00Z,0.33,Shimla,0.4,4319
2026-09-29T08:40Z,2026-09-29T10:00Z,1.33,Shimla,0.1,4312
2026-09-29T08:40Z,2026-09-29T11:00Z,2.33,Shimla,0.0,4330
2026-09-29T08:40Z,2026-09-29T12:00Z,3.33,Shimla,0.0,4332
2026-09-29T08:40Z,2026-09-29T13:00Z,4.33,Shimla,0.0,4315
2026-09-29T08:40Z,2026-09-29T14:00Z,5.33,Shimla,0.0,4330
2026-09-29T08:40Z,2026-09-29T15:00Z,6.33,Shimla,0.0,4338
2026-09-29T08:40Z,2026-09-29T16:00Z,7.33,Shimla,0.0,4345
2026-09-29T08:40Z,2026-09-29T06:00Z,-2.67,Dehradun,0.0,4394
2026-09-29T08:40Z,2026-09-29T07:00Z,-1.67,Dehradun,0.1,4404
2026-09-29T08:40Z,2026-09-29T08:00Z,-0.67,Dehradun,0.1,4415
2026-09-29T08:40Z,2026-09-29T09:00Z,0.33,Dehradun,0.1,4422
2026-09-29T08:40Z,2026-09-29T10:00Z,1.33,Dehradun,0.0,4420
2026-09-29T08:40Z,2026-09-29T11:00Z,2.33,Dehradun,0.0,4434
2026-09-29T08:40Z,2026-09-29T12:00Z,3.33,Dehradun,0.0,4426
2026-09-29T08:40Z,2026-09-29T13:00Z,4.33,Dehradun,0.0,4399
2026-09-29T08:40Z,2026-09-29T14:00Z,5.33,Dehradun,0.0,4416
2026-09-29T08:40Z,2026-09-29T15:00Z,6.33,Dehradun,0.0,4444
2026-09-29T08:40Z,2026-09-29T16:00Z,7.33,Dehradun,0.0,4452
2026-09-29T08:40Z,2026-09-29T06:00Z,-2.67,Uttarkashi,0.0,4355
2026-09-29T08:40Z,2026-09-29T07:00Z,-1.67,Uttarkashi,0.0,4375
2026-09-29T08:40Z,2026-09-29T08:00Z,-0.67,Uttarkashi,0.0,4399
2026-09-29T08:40Z,2026-09-29T09:00Z,0.33,Uttarkashi,0.0,4423
2026-09-29T08:40Z,2026-09-29T10:00Z,1.33,Uttarkashi,0.0,4435
2026-09-29T08:40Z,2026-09-29T11:00Z,2.33,Uttarkashi,0.0,4432
2026-09-29T08:40Z,2026-09-29T12:00Z,3.33,Uttarkashi,0.0,4419
2026-09-29T08:40Z,2026-09-29T13:00Z,4.33,Uttarkashi,0.0,4399
2026-09-29T08:40Z,2026-09-29T14:00Z,5.33,Uttarkashi,0.0,4409
2026-09-29T08:40Z,2026-09-29T15:00Z,6.33,Uttarkashi,0.0,4420
2026-09-29T08:40Z,2026-09-29T16:00Z,7.33,Uttarkashi,0.0,4429
2026-09-29T08:40Z,2026-09-29T06:00Z,-2.67,Joshimath,0.0,4347
2026-09-29T08:40Z,2026-09-29T07:00Z,-1.67,Joshimath,0.0,4369
2026-09-29T08:40Z,2026-09-29T08:00Z,-0.67,Joshimath,0.0,4398
2026-09-29T08:40Z,2026-09-29T09:00Z,0.33,Joshimath,0.0,4410
2026-09-29T08:40Z,2026-09-29T10:00Z,1.33,Joshimath,0.0,4429
2026-09-29T08:40Z,2026-09-29T11:00Z,2.33,Joshimath,0.0,4433
2026-09-29T08:40Z,2026-09-29T12:00Z,3.33,Joshimath,0.0,4428
2026-09-29T08:40Z,2026-09-29T13:00Z,4.33,Joshimath,0.0,4434
2026-09-29T08:40Z,2026-09-29T14:00Z,5.33,Joshimath,0.0,4447
2026-09-29T08:40Z,2026-09-29T15:00Z,6.33,Joshimath,0.0,4442
2026-09-29T08:40Z,2026-09-29T16:00Z,7.33,Joshimath,0.0,4447
2026-09-29T08:40Z,2026-09-29T06:00Z,-2.67,Bhimtal,0.0,4478
2026-09-29T08:40Z,2026-09-29T07:00Z,-1.67,Bhimtal,0.0,4535
2026-09-29T08:40Z,2026-09-29T08:00Z,-0.67,Bhimtal,0.0,4560
2026-09-29T08:40Z,2026-09-29T09:00Z,0.33,Bhimtal,0.0,4580
2026-09-29T08:40Z,2026-09-29T10:00Z,1.33,Bhimtal,0.0,4582
2026-09-29T08:40Z,2026-09-29T11:00Z,2.33,Bhimtal,0.0,4611
2026-09-29T08:40Z,2026-09-29T12:00Z,3.33,Bhimtal,0.0,4615
2026-09-29T08:40Z,2026-09-29T13:00Z,4.33,Bhimtal,0.0,4615
2026-09-29T08:40Z,2026-09-29T14:00Z,5.33,Bhimtal,0.0,4616
2026-09-29T08:40Z,2026-09-29T15:00Z,6.33,Bhimtal,0.0,4625
2026-09-29T08:40Z,2026-09-29T16:00Z,7.33,Bhimtal,0.0,4633
2026-09-29T08:40Z,2026-09-29T06:00Z,-2.67,Pithoragarh,0.0,4390
2026-09-29T08:40Z,2026-09-29T07:00Z,-1.67,Pithoragarh,0.0,4422
2026-09-29T08:40Z,2026-09-29T08:00Z,-0.67,Pithoragarh,0.0,4477
2026-09-29T08:40Z,2026-09-29T09:00Z,0.33,Pithoragarh,0.0,4505
2026-09-29T08:40Z,2026-09-29T10:00Z,1.33,Pithoragarh,0.0,4527
2026-09-29T08:40Z,2026-09-29T11:00Z,2.33,Pithoragarh,0.0,4553
2026-09-29T08:40Z,2026-09-29T12:00Z,3.33,Pithoragarh,0.0,4538
2026-09-29T08:40Z,2026-09-29T13:00Z,4.33,Pithoragarh,0.0,4546
2026-09-29T08:40Z,2026-09-29T14:00Z,5.33,Pithoragarh,0.0,4560
2026-09-29T08:40Z,2026-09-29T15:00Z,6.33,Pithoragarh,0.0,4568
2026-09-29T08:40Z,2026-09-29T16:00Z,7.33,Pithoragarh,0.0,4560
2026-09-29T08:40Z,2026-09-29T06:00Z,-2.67,Jumla,0.1,4502
2026-09-29T08:40Z,2026-09-29T07:00Z,-1.67,Jumla,0.1,4494
2026-09-29T08:40Z,2026-09-29T08:00Z,-0.67,Jumla,0.2,4526
2026-09-29T08:40Z,2026-09-29T09:00Z,0.33,Jumla,0.1,4553
2026-09-29T08:40Z,2026-09-29T10:00Z,1.33,Jumla,0.1,4611
2026-09-29T08:40Z,2026-09-29T11:00Z,2.33,Jumla,0.2,4717
2026-09-29T08:40Z,2026-09-29T12:00Z,3.33,Jumla,0.0,4712
2026-09-29T08:40Z,2026-09-29T13:00Z,4.33,Jumla,0.1,4684
2026-09-29T08:40Z,2026-09-29T14:00Z,5.33,Jumla,0.0,4656
2026-09-29T08:40Z,2026-09-29T15:00Z,6.33,Jumla,0.0,4654
2026-09-29T08:40Z,2026-09-29T16:00Z,7.33,Jumla,0.0,4640
2026-09-29T08:40Z,2026-09-29T06:00Z,-2.67,Jomsom,0.0,4949
2026-09-29T08:40Z,2026-09-29T07:00Z,-1.67,Jomsom,0.0,4978
2026-09-29T08:40Z,2026-09-29T08:00Z,-0.67,Jomsom,0.0,4915
2026-09-29T08:40Z,2026-09-29T09:00Z,0.33,Jomsom,0.0,4907
2026-09-29T08:40Z,2026-09-29T10:00Z,1.33,Jomsom,0.0,4906
2026-09-29T08:40Z,2026-09-29T11:00Z,2.33,Jomsom,0.1,4925
2026-09-29T08:40Z,2026-09-29T12:00Z,3.33,Jomsom,0.0,4913
2026-09-29T08:40Z,2026-09-29T13:00Z,4.33,Jomsom,0.0,4877
2026-09-29T08:40Z,2026-09-29T14:00Z,5.33,Jomsom,0.0,4873
2026-09-29T08:40Z,2026-09-29T15:00Z,6.33,Jomsom,0.0,4866
2026-09-29T08:40Z,2026-09-29T16:00Z,7.33,Jomsom,0.0,4884
2026-09-29T08:40Z,2026-09-29T06:00Z,-2.67,Pokhara,0.0,4939
2026-09-29T08:40Z,2026-09-29T07:00Z,-1.67,Pokhara,0.0,4956
2026-09-29T08:40Z,2026-09-29T08:00Z,-0.67,Pokhara,0.0,4944
2026-09-29T08:40Z,2026-09-29T09:00Z,0.33,Pokhara,0.0,4932
2026-09-29T08:40Z,2026-09-29T10:00Z,1.33,Pokhara,0.0,4915
2026-09-29T08:40Z,2026-09-29T11:00Z,2.33,Pokhara,0.1,4922
2026-09-29T08:40Z,2026-09-29T12:00Z,3.33,Pokhara,0.0,4934
2026-09-29T08:40Z,2026-09-29T13:00Z,4.33,Pokhara,0.0,4917
2026-09-29T08:40Z,2026-09-29T14:00Z,5.33,Pokhara,0.0,5020
2026-09-29T08:40Z,2026-09-29T15:00Z,6.33,Pokhara,0.0,5089
2026-09-29T08:40Z,2026-09-29T16:00Z,7.33,Pokhara,0.0,5110
2026-09-29T08:40Z,2026-09-29T06:00Z,-2.67,Kathmandu,0.2,5136
2026-09-29T08:40Z,2026-09-29T07:00Z,-1.67,Kathmandu,0.2,5126
2026-09-29T08:40Z,2026-09-29T08:00Z,-0.67,Kathmandu,0.3,5128
2026-09-29T08:40Z,2026-09-29T09:00Z,0.33,Kathmandu,0.4,5154
2026-09-29T08:40Z,2026-09-29T10:00Z,1.33,Kathmandu,0.5,5120
2026-09-29T08:40Z,2026-09-29T11:00Z,2.33,Kathmandu,0.1,5139
2026-09-29T08:40Z,2026-09-29T12:00Z,3.33,Kathmandu,0.1,5150
2026-09-29T08:40Z,2026-09-29T13:00Z,4.33,Kathmandu,0.0,5168
2026-09-29T08:40Z,2026-09-29T14:00Z,5.33,Kathmandu,0.0,5188
2026-09-29T08:40Z,2026-09-29T15:00Z,6.33,Kathmandu,0.0,5191
2026-09-29T08:40Z,2026-09-29T16:00Z,7.33,Kathmandu,0.0,5171
2026-09-29T08:40Z,2026-09-29T06:00Z,-2.67,Namche Bazaar,0.1,5166
2026-09-29T08:40Z,2026-09-29T07:00Z,-1.67,Namche Bazaar,0.3,5177
2026-09-29T08:40Z,2026-09-29T08:00Z,-0.67,Namche Bazaar,0.2,5171
2026-09-29T08:40Z,2026-09-29T09:00Z,0.33,Namche Bazaar,0.2,5170
2026-09-29T08:40Z,2026-09-29T10:00Z,1.33,Namche Bazaar,0.2,5165
2026-09-29T08:40Z,2026-09-29T11:00Z,2.33,Namche Bazaar,0.1,5153
2026-09-29T08:40Z,2026-09-29T12:00Z,3.33,Namche Bazaar,0.0,5173
2026-09-29T08:40Z,2026-09-29T13:00Z,4.33,Namche Bazaar,0.0,5165
2026-09-29T08:40Z,2026-09-29T14:00Z,5.33,Namche Bazaar,0.0,5186
2026-09-29T08:40Z,2026-09-29T15:00Z,6.33,Namche Bazaar,0.0,5200
2026-09-29T08:40Z,2026-09-29T16:00Z,7.33,Namche Bazaar,0.0,5164
2026-09-29T08:40Z,2026-09-29T06:00Z,-2.67,Darjeeling,0.1,5185
2026-09-29T08:40Z,2026-09-29T07:00Z,-1.67,Darjeeling,0.1,5189
2026-09-29T08:40Z,2026-09-29T08:00Z,-0.67,Darjeeling,0.1,5199
2026-09-29T08:40Z,2026-09-29T09:00Z,0.33,Darjeeling,0.0,5205
2026-09-29T08:40Z,2026-09-29T10:00Z,1.33,Darjeeling,0.0,5200
2026-09-29T08:40Z,2026-09-29T11:00Z,2.33,Darjeeling,0.0,5224
2026-09-29T08:40Z,2026-09-29T12:00Z,3.33,Darjeeling,0.0,5193
2026-09-29T08:40Z,2026-09-29T13:00Z,4.33,Darjeeling,0.0,5275
2026-09-29T08:40Z,2026-09-29T14:00Z,5.33,Darjeeling,0.0,5234
2026-09-29T08:40Z,2026-09-29T15:00Z,6.33,Darjeeling,0.0,5205
2026-09-29T08:40Z,2026-09-29T16:00Z,7.33,Darjeeling,0.1,5152
2026-09-29T08:40Z,2026-09-29T06:00Z,-2.67,Gangtok,0.1,5196
2026-09-29T08:40Z,2026-09-29T07:00Z,-1.67,Gangtok,0.3,5161
2026-09-29T08:40Z,2026-09-29T08:00Z,-0.67,Gangtok,0.2,5180
2026-09-29T08:40Z,2026-09-29T09:00Z,0.33,Gangtok,0.1,5198
2026-09-29T08:40Z,2026-09-29T10:00Z,1.33,Gangtok,0.0,5188
2026-09-29T08:40Z,2026-09-29T11:00Z,2.33,Gangtok,0.0,5243
2026-09-29T08:40Z,2026-09-29T12:00Z,3.33,Gangtok,0.0,5170
2026-09-29T08:40Z,2026-09-29T13:00Z,4.33,Gangtok,0.0,5368
2026-09-29T08:40Z,2026-09-29T14:00Z,5.33,Gangtok,0.0,5279
2026-09-29T08:40Z,2026-09-29T15:00Z,6.33,Gangtok,0.0,5244
2026-09-29T08:40Z,2026-09-29T16:00Z,7.33,Gangtok,0.1,5134
2026-09-29T08:40Z,2026-09-29T06:00Z,-2.67,Thimphu,0.0,5243
2026-09-29T08:40Z,2026-09-29T07:00Z,-1.67,Thimphu,0.1,5076
2026-09-29T08:40Z,2026-09-29T08:00Z,-0.67,Thimphu,0.3,5065
2026-09-29T08:40Z,2026-09-29T09:00Z,0.33,Thimphu,0.2,5034
2026-09-29T08:40Z,2026-09-29T10:00Z,1.33,Thimphu,0.1,5024
2026-09-29T08:40Z,2026-09-29T11:00Z,2.33,Thimphu,0.0,5023
2026-09-29T08:40Z,2026-09-29T12:00Z,3.33,Thimphu,0.0,5092
2026-09-29T08:40Z,2026-09-29T13:00Z,4.33,Thimphu,0.0,5111
2026-09-29T08:40Z,2026-09-29T14:00Z,5.33,Thimphu,0.0,5136
2026-09-29T08:40Z,2026-09-29T15:00Z,6.33,Thimphu,0.0,5126
2026-09-29T08:40Z,2026-09-29T16:00Z,7.33,Thimphu,0.0,5111
2026-09-29T08:40Z,2026-09-29T06:00Z,-2.67,Tawang,0.0,5002
2026-09-29T08:40Z,2026-09-29T07:00Z,-1.67,Tawang,0.2,5063
2026-09-29T08:40Z,2026-09-29T08:00Z,-0.67,Tawang,0.4,5157
2026-09-29T08:40Z,2026-09-29T09:00Z,0.33,Tawang,0.0,5145
2026-09-29T08:40Z,2026-09-29T10:00Z,1.33,Tawang,0.0,5185
2026-09-29T08:40Z,2026-09-29T11:00Z,2.33,Tawang,0.0,5105
2026-09-29T08:40Z,2026-09-29T12:00Z,3.33,Tawang,0.2,5149
2026-09-29T08:40Z,2026-09-29T13:00Z,4.33,Tawang,0.1,5119
2026-09-29T08:40Z,2026-09-29T14:00Z,5.33,Tawang,0.1,5006
2026-09-29T08:40Z,2026-09-29T15:00Z,6.33,Tawang,0.4,4952
2026-09-29T08:40Z,2026-09-29T16:00Z,7.33,Tawang,0.0,4962
2026-09-29T08:40Z,2026-09-29T06:00Z,-2.67,Lhasa,0.0,5507
2026-09-29T08:40Z,2026-09-29T07:00Z,-1.67,Lhasa,0.0,5563
2026-09-29T08:40Z,2026-09-29T08:00Z,-0.67,Lhasa,0.0,5614
2026-09-29T08:40Z,2026-09-29T09:00Z,0.33,Lhasa,0.0,5665
2026-09-29T08:40Z,2026-09-29T10:00Z,1.33,Lhasa,0.0,5692
2026-09-29T08:40Z,2026-09-29T11:00Z,2.33,Lhasa,0.0,5710
2026-09-29T08:40Z,2026-09-29T12:00Z,3.33,Lhasa,0.0,5686
2026-09-29T08:40Z,2026-09-29T13:00Z,4.33,Lhasa,0.0,5663
2026-09-29T08:40Z,2026-09-29T14:00Z,5.33,Lhasa,0.0,5641
2026-09-29T08:40Z,2026-09-29T15:00Z,6.33,Lhasa,0.0,5613
2026-09-29T08:40Z,2026-09-29T16:00Z,7.33,Lhasa,0.0,5582
2026-09-29T08:40Z,2026-09-29T06:00Z,-2.67,Shigatse,0.0,5364
2026-09-29T08:40Z,2026-09-29T07:00Z,-1.67,Shigatse,0.0,5450
2026-09-29T08:40Z,2026-09-29T08:00Z,-0.67,Shigatse,0.0,5524
2026-09-29T08:40Z,2026-09-29T09:00Z,0.33,Shigatse,0.0,5583
2026-09-29T08:40Z,2026-09-29T10:00Z,1.33,Shigatse,0.0,5616
2026-09-29T08:40Z,2026-09-29T11:00Z,2.33,Shigatse,0.0,5625
2026-09-29T08:40Z,2026-09-29T12:00Z,3.33,Shigatse,0.0,5589
2026-09-29T08:40Z,2026-09-29T13:00Z,4.33,Shigatse,0.0,5572
2026-09-29T08:40Z,2026-09-29T14:00Z,5.33,Shigatse,0.0,5573
2026-09-29T08:40Z,2026-09-29T15:00Z,6.33,Shigatse,0.0,5559
2026-09-29T08:40Z,2026-09-29T16:00Z,7.33,Shigatse,0.0,5519
2026-09-29T08:40Z,2026-09-29T06:00Z,-2.67,Itanagar,0.0,5138
2026-09-29T08:40Z,2026-09-29T07:00Z,-1.67,Itanagar,0.1,5205
2026-09-29T08:40Z,2026-09-29T08:00Z,-0.67,Itanagar,0.0,5202
2026-09-29T08:40Z,2026-09-29T09:00Z,0.33,Itanagar,0.0,5192
2026-09-29T08:40Z,2026-09-29T10:00Z,1.33,Itanagar,0.0,5206
2026-09-29T08:40Z,2026-09-29T11:00Z,2.33,Itanagar,0.0,5189
2026-09-29T08:40Z,2026-09-29T12:00Z,3.33,Itanagar,0.0,5138
2026-09-29T08:40Z,2026-09-29T13:00Z,4.33,Itanagar,0.0,5094
2026-09-29T08:40Z,2026-09-29T14:00Z,5.33,Itanagar,0.0,5101
2026-09-29T08:40Z,2026-09-29T15:00Z,6.33,Itanagar,0.0,5092
2026-09-29T08:40Z,2026-09-29T16:00Z,7.33,Itanagar,0.4,5029
2026-09-29T16:34Z,2026-09-29T14:00Z,-2.57,Gilgit,0.2,4157
2026-09-29T16:34Z,2026-09-29T15:00Z,-1.57,Gilgit,0.1,4137
2026-09-29T16:34Z,2026-09-29T16:00Z,-0.57,Gilgit,0.1,4122
2026-09-29T16:34Z,2026-09-29T17:00Z,0.43,Gilgit,0.1,4098
2026-09-29T16:34Z,2026-09-29T18:00Z,1.43,Gilgit,0.0,4086
2026-09-29T16:34Z,2026-09-29T19:00Z,2.43,Gilgit,0.0,4066
2026-09-29T16:34Z,2026-09-29T20:00Z,3.43,Gilgit,0.0,4053
2026-09-29T16:34Z,2026-09-29T21:00Z,4.43,Gilgit,0.0,4027
2026-09-29T16:34Z,2026-09-29T22:00Z,5.43,Gilgit,0.0,4006
2026-09-29T16:34Z,2026-09-29T23:00Z,6.43,Gilgit,0.0,3988
2026-09-29T16:34Z,2026-09-30T00:00Z,7.43,Gilgit,0.0,3963
2026-09-29T16:34Z,2026-09-29T14:00Z,-2.57,Skardu,0.0,4298
2026-09-29T16:34Z,2026-09-29T15:00Z,-1.57,Skardu,0.0,4239
2026-09-29T16:34Z,2026-09-29T16:00Z,-0.57,Skardu,0.0,4217
2026-09-29T16:34Z,2026-09-29T17:00Z,0.43,Skardu,0.0,4193
2026-09-29T16:34Z,2026-09-29T18:00Z,1.43,Skardu,0.0,4175
2026-09-29T16:34Z,2026-09-29T19:00Z,2.43,Skardu,0.0,4149
2026-09-29T16:34Z,2026-09-29T20:00Z,3.43,Skardu,0.0,4124
2026-09-29T16:34Z,2026-09-29T21:00Z,4.43,Skardu,0.0,4100
2026-09-29T16:34Z,2026-09-29T22:00Z,5.43,Skardu,0.0,4082
2026-09-29T16:34Z,2026-09-29T23:00Z,6.43,Skardu,0.0,4067
2026-09-29T16:34Z,2026-09-30T00:00Z,7.43,Skardu,0.0,4055
2026-09-29T16:34Z,2026-09-29T14:00Z,-2.57,Srinagar,0.0,4186
2026-09-29T16:34Z,2026-09-29T15:00Z,-1.57,Srinagar,0.0,4171
2026-09-29T16:34Z,2026-09-29T16:00Z,-0.57,Srinagar,0.0,4187
2026-09-29T16:34Z,2026-09-29T17:00Z,0.43,Srinagar,0.0,4203
2026-09-29T16:34Z,2026-09-29T18:00Z,1.43,Srinagar,0.0,4215
2026-09-29T16:34Z,2026-09-29T19:00Z,2.43,Srinagar,0.0,4211
2026-09-29T16:34Z,2026-09-29T20:00Z,3.43,Srinagar,0.0,4208
2026-09-29T16:34Z,2026-09-29T21:00Z,4.43,Srinagar,0.0,4203
2026-09-29T16:34Z,2026-09-29T22:00Z,5.43,Srinagar,0.0,4198
2026-09-29T16:34Z,2026-09-29T23:00Z,6.43,Srinagar,0.0,4196
2026-09-29T16:34Z,2026-09-30T00:00Z,7.43,Srinagar,0.0,4192
2026-09-29T16:34Z,2026-09-29T14:00Z,-2.57,Leh,0.0,4579
2026-09-29T16:34Z,2026-09-29T15:00Z,-1.57,Leh,0.0,4520
2026-09-29T16:34Z,2026-09-29T16:00Z,-0.57,Leh,0.0,4465
2026-09-29T16:34Z,2026-09-29T17:00Z,0.43,Leh,0.0,4430
2026-09-29T16:34Z,2026-09-29T18:00Z,1.43,Leh,0.0,4398
2026-09-29T16:34Z,2026-09-29T19:00Z,2.43,Leh,0.0,4356
2026-09-29T16:34Z,2026-09-29T20:00Z,3.43,Leh,0.0,4324
2026-09-29T16:34Z,2026-09-29T21:00Z,4.43,Leh,0.0,4289
2026-09-29T16:34Z,2026-09-29T22:00Z,5.43,Leh,0.0,4243
2026-09-29T16:34Z,2026-09-29T23:00Z,6.43,Leh,0.0,4204
2026-09-29T16:34Z,2026-09-30T00:00Z,7.43,Leh,0.0,4183
2026-09-29T16:34Z,2026-09-29T14:00Z,-2.57,Jammu,0.0,4279
2026-09-29T16:34Z,2026-09-29T15:00Z,-1.57,Jammu,0.0,4279
2026-09-29T16:34Z,2026-09-29T16:00Z,-0.57,Jammu,0.0,4280
2026-09-29T16:34Z,2026-09-29T17:00Z,0.43,Jammu,0.0,4276
2026-09-29T16:34Z,2026-09-29T18:00Z,1.43,Jammu,0.0,4277
2026-09-29T16:34Z,2026-09-29T19:00Z,2.43,Jammu,0.0,4279
2026-09-29T16:34Z,2026-09-29T20:00Z,3.43,Jammu,0.0,4279
2026-09-29T16:34Z,2026-09-29T21:00Z,4.43,Jammu,0.0,4265
2026-09-29T16:34Z,2026-09-29T22:00Z,5.43,Jammu,0.0,4226
2026-09-29T16:34Z,2026-09-29T23:00Z,6.43,Jammu,0.0,4218
2026-09-29T16:34Z,2026-09-30T00:00Z,7.43,Jammu,0.0,4210
2026-09-29T16:34Z,2026-09-29T14:00Z,-2.57,Dharamshala,0.0,4260
2026-09-29T16:34Z,2026-09-29T15:00Z,-1.57,Dharamshala,0.0,4257
2026-09-29T16:34Z,2026-09-29T16:00Z,-0.57,Dharamshala,0.0,4256
2026-09-29T16:34Z,2026-09-29T17:00Z,0.43,Dharamshala,0.0,4237
2026-09-29T16:34Z,2026-09-29T18:00Z,1.43,Dharamshala,0.0,4238
2026-09-29T16:34Z,2026-09-29T19:00Z,2.43,Dharamshala,0.0,4239
2026-09-29T16:34Z,2026-09-29T20:00Z,3.43,Dharamshala,0.0,4231
2026-09-29T16:34Z,2026-09-29T21:00Z,4.43,Dharamshala,0.0,4221
2026-09-29T16:34Z,2026-09-29T22:00Z,5.43,Dharamshala,0.0,4219
2026-09-29T16:34Z,2026-09-29T23:00Z,6.43,Dharamshala,0.0,4221
2026-09-29T16:34Z,2026-09-30T00:00Z,7.43,Dharamshala,0.0,4213
2026-09-29T16:34Z,2026-09-29T14:00Z,-2.57,Manali,0.0,4321
2026-09-29T16:34Z,2026-09-29T15:00Z,-1.57,Manali,0.0,4290
2026-09-29T16:34Z,2026-09-29T16:00Z,-0.57,Manali,0.0,4278
2026-09-29T16:34Z,2026-09-29T17:00Z,0.43,Manali,0.0,4270
2026-09-29T16:34Z,2026-09-29T18:00Z,1.43,Manali,0.0,4273
2026-09-29T16:34Z,2026-09-29T19:00Z,2.43,Manali,0.0,4268
2026-09-29T16:34Z,2026-09-29T20:00Z,3.43,Manali,0.0,4262
2026-09-29T16:34Z,2026-09-29T21:00Z,4.43,Manali,0.0,4249
2026-09-29T16:34Z,2026-09-29T22:00Z,5.43,Manali,0.0,4252
2026-09-29T16:34Z,2026-09-29T23:00Z,6.43,Manali,0.0,4256
2026-09-29T16:34Z,2026-09-30T00:00Z,7.43,Manali,0.0,4265
2026-09-29T16:34Z,2026-09-29T14:00Z,-2.57,Kaza,0.0,4707
2026-09-29T16:34Z,2026-09-29T15:00Z,-1.57,Kaza,0.0,4630
2026-09-29T16:34Z,2026-09-29T16:00Z,-0.57,Kaza,0.0,4588
2026-09-29T16:34Z,2026-09-29T17:00Z,0.43,Kaza,0.0,4546
2026-09-29T16:34Z,2026-09-29T18:00Z,1.43,Kaza,0.0,4523
2026-09-29T16:34Z,2026-09-29T19:00Z,2.43,Kaza,0.0,4489
2026-09-29T16:34Z,2026-09-29T20:00Z,3.43,Kaza,0.0,4455
2026-09-29T16:34Z,2026-09-29T21:00Z,4.43,Kaza,0.0,4423
2026-09-29T16:34Z,2026-09-29T22:00Z,5.43,Kaza,0.0,4403
2026-09-29T16:34Z,2026-09-29T23:00Z,6.43,Kaza,0.0,4387
2026-09-29T16:34Z,2026-09-30T00:00Z,7.43,Kaza,0.0,4373
2026-09-29T16:34Z,2026-09-29T14:00Z,-2.57,Shimla,0.0,4242
2026-09-29T16:34Z,2026-09-29T15:00Z,-1.57,Shimla,0.0,4249
2026-09-29T16:34Z,2026-09-29T16:00Z,-0.57,Shimla,0.0,4293
2026-09-29T16:34Z,2026-09-29T17:00Z,0.43,Shimla,0.0,4290
2026-09-29T16:34Z,2026-09-29T18:00Z,1.43,Shimla,0.0,4287
2026-09-29T16:34Z,2026-09-29T19:00Z,2.43,Shimla,0.0,4274
2026-09-29T16:34Z,2026-09-29T20:00Z,3.43,Shimla,0.0,4235
2026-09-29T16:34Z,2026-09-29T21:00Z,4.43,Shimla,0.0,4224
2026-09-29T16:34Z,2026-09-29T22:00Z,5.43,Shimla,0.0,4215
2026-09-29T16:34Z,2026-09-29T23:00Z,6.43,Shimla,0.0,4215
2026-09-29T16:34Z,2026-09-30T00:00Z,7.43,Shimla,0.0,4224
2026-09-29T16:34Z,2026-09-29T14:00Z,-2.57,Dehradun,0.0,4288
2026-09-29T16:34Z,2026-09-29T15:00Z,-1.57,Dehradun,0.0,4380
2026-09-29T16:34Z,2026-09-29T16:00Z,-0.57,Dehradun,0.0,4414
2026-09-29T16:34Z,2026-09-29T17:00Z,0.43,Dehradun,0.0,4412
2026-09-29T16:34Z,2026-09-29T18:00Z,1.43,Dehradun,0.0,4443
2026-09-29T16:34Z,2026-09-29T19:00Z,2.43,Dehradun,0.0,4434
2026-09-29T16:34Z,2026-09-29T20:00Z,3.43,Dehradun,0.0,4410
2026-09-29T16:34Z,2026-09-29T21:00Z,4.43,Dehradun,0.0,4393
2026-09-29T16:34Z,2026-09-29T22:00Z,5.43,Dehradun,0.0,4380
2026-09-29T16:34Z,2026-09-29T23:00Z,6.43,Dehradun,0.0,4363
2026-09-29T16:34Z,2026-09-30T00:00Z,7.43,Dehradun,0.0,4377
2026-09-29T16:34Z,2026-09-29T14:00Z,-2.57,Uttarkashi,0.0,4355
2026-09-29T16:34Z,2026-09-29T15:00Z,-1.57,Uttarkashi,0.0,4370
2026-09-29T16:34Z,2026-09-29T16:00Z,-0.57,Uttarkashi,0.0,4378
2026-09-29T16:34Z,2026-09-29T17:00Z,0.43,Uttarkashi,0.0,4369
2026-09-29T16:34Z,2026-09-29T18:00Z,1.43,Uttarkashi,0.0,4375
2026-09-29T16:34Z,2026-09-29T19:00Z,2.43,Uttarkashi,0.0,4376
2026-09-29T16:34Z,2026-09-29T20:00Z,3.43,Uttarkashi,0.0,4376
2026-09-29T16:34Z,2026-09-29T21:00Z,4.43,Uttarkashi,0.0,4367
2026-09-29T16:34Z,2026-09-29T22:00Z,5.43,Uttarkashi,0.0,4360
2026-09-29T16:34Z,2026-09-29T23:00Z,6.43,Uttarkashi,0.0,4351
2026-09-29T16:34Z,2026-09-30T00:00Z,7.43,Uttarkashi,0.0,4356
2026-09-29T16:34Z,2026-09-29T14:00Z,-2.57,Joshimath,0.0,4441
2026-09-29T16:34Z,2026-09-29T15:00Z,-1.57,Joshimath,0.0,4399
2026-09-29T16:34Z,2026-09-29T16:00Z,-0.57,Joshimath,0.0,4398
2026-09-29T16:34Z,2026-09-29T17:00Z,0.43,Joshimath,0.0,4394
2026-09-29T16:34Z,2026-09-29T18:00Z,1.43,Joshimath,0.0,4391
2026-09-29T16:34Z,2026-09-29T19:00Z,2.43,Joshimath,0.0,4387
2026-09-29T16:34Z,2026-09-29T20:00Z,3.43,Joshimath,0.0,4383
2026-09-29T16:34Z,2026-09-29T21:00Z,4.43,Joshimath,0.0,4387
2026-09-29T16:34Z,2026-09-29T22:00Z,5.43,Joshimath,0.0,4372
2026-09-29T16:34Z,2026-09-29T23:00Z,6.43,Joshimath,0.0,4352
2026-09-29T16:34Z,2026-09-30T00:00Z,7.43,Joshimath,0.0,4356
2026-09-29T16:34Z,2026-09-29T14:00Z,-2.57,Bhimtal,0.0,4554
2026-09-29T16:34Z,2026-09-29T15:00Z,-1.57,Bhimtal,0.0,4577
2026-09-29T16:34Z,2026-09-29T16:00Z,-0.57,Bhimtal,0.0,4587
2026-09-29T16:34Z,2026-09-29T17:00Z,0.43,Bhimtal,0.0,4591
2026-09-29T16:34Z,2026-09-29T18:00Z,1.43,Bhimtal,0.0,4590
2026-09-29T16:34Z,2026-09-29T19:00Z,2.43,Bhimtal,0.0,4566
2026-09-29T16:34Z,2026-09-29T20:00Z,3.43,Bhimtal,0.0,4543
2026-09-29T16:34Z,2026-09-29T21:00Z,4.43,Bhimtal,0.0,4511
2026-09-29T16:34Z,2026-09-29T22:00Z,5.43,Bhimtal,0.0,4486
2026-09-29T16:34Z,2026-09-29T23:00Z,6.43,Bhimtal,0.0,4480
2026-09-29T16:34Z,2026-09-30T00:00Z,7.43,Bhimtal,0.0,4466
2026-09-29T16:34Z,2026-09-29T14:00Z,-2.57,Pithoragarh,0.0,4480
2026-09-29T16:34Z,2026-09-29T15:00Z,-1.57,Pithoragarh,0.0,4504
2026-09-29T16:34Z,2026-09-29T16:00Z,-0.57,Pithoragarh,0.0,4522
2026-09-29T16:34Z,2026-09-29T17:00Z,0.43,Pithoragarh,0.0,4512
2026-09-29T16:34Z,2026-09-29T18:00Z,1.43,Pithoragarh,0.0,4494
2026-09-29T16:34Z,2026-09-29T19:00Z,2.43,Pithoragarh,0.0,4463
2026-09-29T16:34Z,2026-09-29T20:00Z,3.43,Pithoragarh,0.0,4457
2026-09-29T16:34Z,2026-09-29T21:00Z,4.43,Pithoragarh,0.0,4447
2026-09-29T16:34Z,2026-09-29T22:00Z,5.43,Pithoragarh,0.0,4429
2026-09-29T16:34Z,2026-09-29T23:00Z,6.43,Pithoragarh,0.0,4418
2026-09-29T16:34Z,2026-09-30T00:00Z,7.43,Pithoragarh,0.0,4422
2026-09-29T16:34Z,2026-09-29T14:00Z,-2.57,Jumla,0.0,4741
2026-09-29T16:34Z,2026-09-29T15:00Z,-1.57,Jumla,0.0,4698
2026-09-29T16:34Z,2026-09-29T16:00Z,-0.57,Jumla,0.0,4690
2026-09-29T16:34Z,2026-09-29T17:00Z,0.43,Jumla,0.0,4665
2026-09-29T16:34Z,2026-09-29T18:00Z,1.43,Jumla,0.0,4635
2026-09-29T16:34Z,2026-09-29T19:00Z,2.43,Jumla,0.0,4608
2026-09-29T16:34Z,2026-09-29T20:00Z,3.43,Jumla,0.0,4579
2026-09-29T16:34Z,2026-09-29T21:00Z,4.43,Jumla,0.0,4536
2026-09-29T16:34Z,2026-09-29T22:00Z,5.43,Jumla,0.0,4515
2026-09-29T16:34Z,2026-09-29T23:00Z,6.43,Jumla,0.0,4635
2026-09-29T16:34Z,2026-09-30T00:00Z,7.43,Jumla,0.0,4751
2026-09-29T16:34Z,2026-09-29T14:00Z,-2.57,Jomsom,0.0,4946
2026-09-29T16:34Z,2026-09-29T15:00Z,-1.57,Jomsom,0.0,4885
2026-09-29T16:34Z,2026-09-29T16:00Z,-0.57,Jomsom,0.0,4889
2026-09-29T16:34Z,2026-09-29T17:00Z,0.43,Jomsom,0.0,4891
2026-09-29T16:34Z,2026-09-29T18:00Z,1.43,Jomsom,0.0,4896
2026-09-29T16:34Z,2026-09-29T19:00Z,2.43,Jomsom,0.0,4892
2026-09-29T16:34Z,2026-09-29T20:00Z,3.43,Jomsom,0.0,4897
2026-09-29T16:34Z,2026-09-29T21:00Z,4.43,Jomsom,0.0,4893
2026-09-29T16:34Z,2026-09-29T22:00Z,5.43,Jomsom,0.0,4880
2026-09-29T16:34Z,2026-09-29T23:00Z,6.43,Jomsom,0.0,4887
2026-09-29T16:34Z,2026-09-30T00:00Z,7.43,Jomsom,0.0,4888
2026-09-29T16:34Z,2026-09-29T14:00Z,-2.57,Pokhara,0.0,5125
2026-09-29T16:34Z,2026-09-29T15:00Z,-1.57,Pokhara,0.0,5173
2026-09-29T16:34Z,2026-09-29T16:00Z,-0.57,Pokhara,0.0,5165
2026-09-29T16:34Z,2026-09-29T17:00Z,0.43,Pokhara,0.0,5184
2026-09-29T16:34Z,2026-09-29T18:00Z,1.43,Pokhara,0.0,5203
2026-09-29T16:34Z,2026-09-29T19:00Z,2.43,Pokhara,0.0,5213
2026-09-29T16:34Z,2026-09-29T20:00Z,3.43,Pokhara,0.0,5204
2026-09-29T16:34Z,2026-09-29T21:00Z,4.43,Pokhara,0.0,5176
2026-09-29T16:34Z,2026-09-29T22:00Z,5.43,Pokhara,0.0,5137
2026-09-29T16:34Z,2026-09-29T23:00Z,6.43,Pokhara,0.0,5136
2026-09-29T16:34Z,2026-09-30T00:00Z,7.43,Pokhara,0.0,5126
2026-09-29T16:34Z,2026-09-29T14:00Z,-2.57,Kathmandu,0.0,5199
2026-09-29T16:34Z,2026-09-29T15:00Z,-1.57,Kathmandu,0.0,5221
2026-09-29T16:34Z,2026-09-29T16:00Z,-0.57,Kathmandu,0.0,5204
2026-09-29T16:34Z,2026-09-29T17:00Z,0.43,Kathmandu,0.0,5189
2026-09-29T16:34Z,2026-09-29T18:00Z,1.43,Kathmandu,0.0,5168
2026-09-29T16:34Z,2026-09-29T19:00Z,2.43,Kathmandu,0.0,5153
2026-09-29T16:34Z,2026-09-29T20:00Z,3.43,Kathmandu,0.0,5139
2026-09-29T16:34Z,2026-09-29T21:00Z,4.43,Kathmandu,0.0,5124
2026-09-29T16:34Z,2026-09-29T22:00Z,5.43,Kathmandu,0.0,5107
2026-09-29T16:34Z,2026-09-29T23:00Z,6.43,Kathmandu,0.0,5093
2026-09-29T16:34Z,2026-09-30T00:00Z,7.43,Kathmandu,0.0,5083
2026-09-29T16:34Z,2026-09-29T14:00Z,-2.57,Namche Bazaar,0.0,5231
2026-09-29T16:34Z,2026-09-29T15:00Z,-1.57,Namche Bazaar,0.0,5204
2026-09-29T16:34Z,2026-09-29T16:00Z,-0.57,Namche Bazaar,0.0,5187
2026-09-29T16:34Z,2026-09-29T17:00Z,0.43,Namche Bazaar,0.0,5142
2026-09-29T16:34Z,2026-09-29T18:00Z,1.43,Namche Bazaar,0.0,5090
2026-09-29T16:34Z,2026-09-29T19:00Z,2.43,Namche Bazaar,0.0,5043
2026-09-29T16:34Z,2026-09-29T20:00Z,3.43,Namche Bazaar,0.0,4999
2026-09-29T16:34Z,2026-09-29T21:00Z,4.43,Namche Bazaar,0.0,4974
2026-09-29T16:34Z,2026-09-29T22:00Z,5.43,Namche Bazaar,0.0,4960
2026-09-29T16:34Z,2026-09-29T23:00Z,6.43,Namche Bazaar,0.0,4956
2026-09-29T16:34Z,2026-09-30T00:00Z,7.43,Namche Bazaar,0.0,4959
2026-09-29T16:34Z,2026-09-29T14:00Z,-2.57,Darjeeling,0.0,5268
2026-09-29T16:34Z,2026-09-29T15:00Z,-1.57,Darjeeling,0.0,5234
2026-09-29T16:34Z,2026-09-29T16:00Z,-0.57,Darjeeling,0.0,5197
2026-09-29T16:34Z,2026-09-29T17:00Z,0.43,Darjeeling,0.0,5150
2026-09-29T16:34Z,2026-09-29T18:00Z,1.43,Darjeeling,0.0,5104
2026-09-29T16:34Z,2026-09-29T19:00Z,2.43,Darjeeling,0.0,5065
2026-09-29T16:34Z,2026-09-29T20:00Z,3.43,Darjeeling,0.0,5054
2026-09-29T16:34Z,2026-09-29T21:00Z,4.43,Darjeeling,0.0,5058
2026-09-29T16:34Z,2026-09-29T22:00Z,5.43,Darjeeling,0.0,5050
2026-09-29T16:34Z,2026-09-29T23:00Z,6.43,Darjeeling,0.0,5061
2026-09-29T16:34Z,2026-09-30T00:00Z,7.43,Darjeeling,0.0,5064
2026-09-29T16:34Z,2026-09-29T14:00Z,-2.57,Gangtok,0.0,5318
2026-09-29T16:34Z,2026-09-29T15:00Z,-1.57,Gangtok,0.0,5238
2026-09-29T16:34Z,2026-09-29T16:00Z,-0.57,Gangtok,0.0,5173
2026-09-29T16:34Z,2026-09-29T17:00Z,0.43,Gangtok,0.0,5097
2026-09-29T16:34Z,2026-09-29T18:00Z,1.43,Gangtok,0.1,5065
2026-09-29T16:34Z,2026-09-29T19:00Z,2.43,Gangtok,0.1,5042
2026-09-29T16:34Z,2026-09-29T20:00Z,3.43,Gangtok,0.1,5044
2026-09-29T16:34Z,2026-09-29T21:00Z,4.43,Gangtok,0.1,5073
2026-09-29T16:34Z,2026-09-29T22:00Z,5.43,Gangtok,0.0,5073
2026-09-29T16:34Z,2026-09-29T23:00Z,6.43,Gangtok,0.0,5101
2026-09-29T16:34Z,2026-09-30T00:00Z,7.43,Gangtok,0.0,5097
2026-09-29T16:34Z,2026-09-29T14:00Z,-2.57,Thimphu,0.0,5271
2026-09-29T16:34Z,2026-09-29T15:00Z,-1.57,Thimphu,0.0,5209
2026-09-29T16:34Z,2026-09-29T16:00Z,-0.57,Thimphu,0.0,5142
2026-09-29T16:34Z,2026-09-29T17:00Z,0.43,Thimphu,0.0,5113
2026-09-29T16:34Z,2026-09-29T18:00Z,1.43,Thimphu,0.0,5107
2026-09-29T16:34Z,2026-09-29T19:00Z,2.43,Thimphu,0.0,5072
2026-09-29T16:34Z,2026-09-29T20:00Z,3.43,Thimphu,0.0,5085
2026-09-29T16:34Z,2026-09-29T21:00Z,4.43,Thimphu,0.0,5075
2026-09-29T16:34Z,2026-09-29T22:00Z,5.43,Thimphu,0.0,5085
2026-09-29T16:34Z,2026-09-29T23:00Z,6.43,Thimphu,0.0,5089
2026-09-29T16:34Z,2026-09-30T00:00Z,7.43,Thimphu,0.0,5088
2026-09-29T16:34Z,2026-09-29T14:00Z,-2.57,Tawang,0.0,5024
2026-09-29T16:34Z,2026-09-29T15:00Z,-1.57,Tawang,0.0,5009
2026-09-29T16:34Z,2026-09-29T16:00Z,-0.57,Tawang,0.0,4988
2026-09-29T16:34Z,2026-09-29T17:00Z,0.43,Tawang,0.0,5015
2026-09-29T16:34Z,2026-09-29T18:00Z,1.43,Tawang,0.0,4983
2026-09-29T16:34Z,2026-09-29T19:00Z,2.43,Tawang,0.1,4981
2026-09-29T16:34Z,2026-09-29T20:00Z,3.43,Tawang,0.6,4942
2026-09-29T16:34Z,2026-09-29T21:00Z,4.43,Tawang,0.3,4923
2026-09-29T16:34Z,2026-09-29T22:00Z,5.43,Tawang,0.3,4893
2026-09-29T16:34Z,2026-09-29T23:00Z,6.43,Tawang,0.1,4915
2026-09-29T16:34Z,2026-09-30T00:00Z,7.43,Tawang,0.0,4948
2026-09-29T16:34Z,2026-09-29T14:00Z,-2.57,Lhasa,0.0,5664
2026-09-29T16:34Z,2026-09-29T15:00Z,-1.57,Lhasa,0.0,5630
2026-09-29T16:34Z,2026-09-29T16:00Z,-0.57,Lhasa,0.0,5596
2026-09-29T16:34Z,2026-09-29T17:00Z,0.43,Lhasa,0.0,5556
2026-09-29T16:34Z,2026-09-29T18:00Z,1.43,Lhasa,0.0,5510
2026-09-29T16:34Z,2026-09-29T19:00Z,2.43,Lhasa,0.0,5467
2026-09-29T16:34Z,2026-09-29T20:00Z,3.43,Lhasa,0.0,5415
2026-09-29T16:34Z,2026-09-29T21:00Z,4.43,Lhasa,0.0,5363
2026-09-29T16:34Z,2026-09-29T22:00Z,5.43,Lhasa,0.0,5305
2026-09-29T16:34Z,2026-09-29T23:00Z,6.43,Lhasa,0.0,5251
2026-09-29T16:34Z,2026-09-30T00:00Z,7.43,Lhasa,0.0,5203
2026-09-29T16:34Z,2026-09-29T14:00Z,-2.57,Shigatse,0.0,5587
2026-09-29T16:34Z,2026-09-29T15:00Z,-1.57,Shigatse,0.0,5565
2026-09-29T16:34Z,2026-09-29T16:00Z,-0.57,Shigatse,0.0,5533
2026-09-29T16:34Z,2026-09-29T17:00Z,0.43,Shigatse,0.0,5497
2026-09-29T16:34Z,2026-09-29T18:00Z,1.43,Shigatse,0.0,5455
2026-09-29T16:34Z,2026-09-29T19:00Z,2.43,Shigatse,0.0,5412
2026-09-29T16:34Z,2026-09-29T20:00Z,3.43,Shigatse,0.0,5356
2026-09-29T16:34Z,2026-09-29T21:00Z,4.43,Shigatse,0.0,5294
2026-09-29T16:34Z,2026-09-29T22:00Z,5.43,Shigatse,0.0,5240
2026-09-29T16:34Z,2026-09-29T23:00Z,6.43,Shigatse,0.0,5201
2026-09-29T16:34Z,2026-09-30T00:00Z,7.43,Shigatse,0.0,5166
2026-09-29T16:34Z,2026-09-29T14:00Z,-2.57,Itanagar,0.0,5123
2026-09-29T16:34Z,2026-09-29T15:00Z,-1.57,Itanagar,0.0,5125
2026-09-29T16:34Z,2026-09-29T16:00Z,-0.57,Itanagar,0.0,5107
2026-09-29T16:34Z,2026-09-29T17:00Z,0.43,Itanagar,0.0,5105
2026-09-29T16:34Z,2026-09-29T18:00Z,1.43,Itanagar,0.0,5059
2026-09-29T16:34Z,2026-09-29T19:00Z,2.43,Itanagar,0.4,5020
2026-09-29T16:34Z,2026-09-29T20:00Z,3.43,Itanagar,0.9,4992
2026-09-29T16:34Z,2026-09-29T21:00Z,4.43,Itanagar,0.3,4993
2026-09-29T16:34Z,2026-09-29T22:00Z,5.43,Itanagar,0.0,4960
2026-09-29T16:34Z,2026-09-29T23:00Z,6.43,Itanagar,0.0,4946
2026-09-29T16:34Z,2026-09-30T00:00Z,7.43,Itanagar,0.0,4971
2026-09-29T22:21Z,2026-09-29T20:00Z,-2.35,Gilgit,0.0,4055
2026-09-29T22:21Z,2026-09-29T21:00Z,-1.35,Gilgit,0.0,4020
2026-09-29T22:21Z,2026-09-29T22:00Z,-0.35,Gilgit,0.0,4000
2026-09-29T22:21Z,2026-09-29T23:00Z,0.65,Gilgit,0.0,3980
2026-09-29T22:21Z,2026-09-30T00:00Z,1.65,Gilgit,0.0,3959
2026-09-29T22:21Z,2026-09-30T01:00Z,2.65,Gilgit,0.0,3937
2026-09-29T22:21Z,2026-09-30T02:00Z,3.65,Gilgit,0.0,3925
2026-09-29T22:21Z,2026-09-30T03:00Z,4.65,Gilgit,0.0,3921
2026-09-29T22:21Z,2026-09-30T04:00Z,5.65,Gilgit,0.0,3853
2026-09-29T22:21Z,2026-09-30T05:00Z,6.65,Gilgit,0.0,3853
2026-09-29T22:21Z,2026-09-30T06:00Z,7.65,Gilgit,0.0,3788
2026-09-29T22:21Z,2026-09-29T20:00Z,-2.35,Skardu,0.0,4119
2026-09-29T22:21Z,2026-09-29T21:00Z,-1.35,Skardu,0.0,4102
2026-09-29T22:21Z,2026-09-29T22:00Z,-0.35,Skardu,0.0,4086
2026-09-29T22:21Z,2026-09-29T23:00Z,0.65,Skardu,0.0,4073
2026-09-29T22:21Z,2026-09-30T00:00Z,1.65,Skardu,0.0,4062
2026-09-29T22:21Z,2026-09-30T01:00Z,2.65,Skardu,0.0,4050
2026-09-29T22:21Z,2026-09-30T02:00Z,3.65,Skardu,0.0,4061
2026-09-29T22:21Z,2026-09-30T03:00Z,4.65,Skardu,0.0,4133
2026-09-29T22:21Z,2026-09-30T04:00Z,5.65,Skardu,0.0,4209
2026-09-29T22:21Z,2026-09-30T05:00Z,6.65,Skardu,0.1,4179
2026-09-29T22:21Z,2026-09-30T06:00Z,7.65,Skardu,0.2,4216
2026-09-29T22:21Z,2026-09-29T20:00Z,-2.35,Srinagar,0.0,4204
2026-09-29T22:21Z,2026-09-29T21:00Z,-1.35,Srinagar,0.0,4190
2026-09-29T22:21Z,2026-09-29T22:00Z,-0.35,Srinagar,0.0,4184
2026-09-29T22:21Z,2026-09-29T23:00Z,0.65,Srinagar,0.0,4182
2026-09-29T22:21Z,2026-09-30T00:00Z,1.65,Srinagar,0.0,4184
2026-09-29T22:21Z,2026-09-30T01:00Z,2.65,Srinagar,0.0,4181
2026-09-29T22:21Z,2026-09-30T02:00Z,3.65,Srinagar,0.0,4179
2026-09-29T22:21Z,2026-09-30T03:00Z,4.65,Srinagar,0.0,4179
2026-09-29T22:21Z,2026-09-30T04:00Z,5.65,Srinagar,0.0,4186
2026-09-29T22:21Z,2026-09-30T05:00Z,6.65,Srinagar,0.0,4191
2026-09-29T22:21Z,2026-09-30T06:00Z,7.65,Srinagar,0.0,4212
2026-09-29T22:21Z,2026-09-29T20:00Z,-2.35,Leh,0.0,4360
2026-09-29T22:21Z,2026-09-29T21:00Z,-1.35,Leh,0.0,4317
2026-09-29T22:21Z,2026-09-29T22:00Z,-0.35,Leh,0.0,4279
2026-09-29T22:21Z,2026-09-29T23:00Z,0.65,Leh,0.0,4233
2026-09-29T22:21Z,2026-09-30T00:00Z,1.65,Leh,0.0,4182
2026-09-29T22:21Z,2026-09-30T01:00Z,2.65,Leh,0.0,4165
2026-09-29T22:21Z,2026-09-30T02:00Z,3.65,Leh,0.0,4166
2026-09-29T22:21Z,2026-09-30T03:00Z,4.65,Leh,0.0,4206
2026-09-29T22:21Z,2026-09-30T04:00Z,5.65,Leh,0.0,4270
2026-09-29T22:21Z,2026-09-30T05:00Z,6.65,Leh,0.0,4474
2026-09-29T22:21Z,2026-09-30T06:00Z,7.65,Leh,0.0,4540
2026-09-29T22:21Z,2026-09-29T20:00Z,-2.35,Jammu,0.0,4260
2026-09-29T22:21Z,2026-09-29T21:00Z,-1.35,Jammu,0.0,4244
2026-09-29T22:21Z,2026-09-29T22:00Z,-0.35,Jammu,0.0,4208
2026-09-29T22:21Z,2026-09-29T23:00Z,0.65,Jammu,0.0,4202
2026-09-29T22:21Z,2026-09-30T00:00Z,1.65,Jammu,0.0,4202
2026-09-29T22:21Z,2026-09-30T01:00Z,2.65,Jammu,0.0,4206
2026-09-29T22:21Z,2026-09-30T02:00Z,3.65,Jammu,0.0,4204
2026-09-29T22:21Z,2026-09-30T03:00Z,4.65,Jammu,0.0,4197
2026-09-29T22:21Z,2026-09-30T04:00Z,5.65,Jammu,0.0,4205
2026-09-29T22:21Z,2026-09-30T05:00Z,6.65,Jammu,0.0,4213
2026-09-29T22:21Z,2026-09-30T06:00Z,7.65,Jammu,0.0,4219
2026-09-29T22:21Z,2026-09-29T20:00Z,-2.35,Dharamshala,0.0,4247
2026-09-29T22:21Z,2026-09-29T21:00Z,-1.35,Dharamshala,0.0,4241
2026-09-29T22:21Z,2026-09-29T22:00Z,-0.35,Dharamshala,0.0,4223
2026-09-29T22:21Z,2026-09-29T23:00Z,0.65,Dharamshala,0.0,4215
2026-09-29T22:21Z,2026-09-30T00:00Z,1.65,Dharamshala,0.0,4209
2026-09-29T22:21Z,2026-09-30T01:00Z,2.65,Dharamshala,0.0,4202
2026-09-29T22:21Z,2026-09-30T02:00Z,3.65,Dharamshala,0.0,4204
2026-09-29T22:21Z,2026-09-30T03:00Z,4.65,Dharamshala,0.0,4210
2026-09-29T22:21Z,2026-09-30T04:00Z,5.65,Dharamshala,0.0,4222
2026-09-29T22:21Z,2026-09-30T05:00Z,6.65,Dharamshala,0.1,4232
2026-09-29T22:21Z,2026-09-30T06:00Z,7.65,Dharamshala,0.1,4246
2026-09-29T22:21Z,2026-09-29T20:00Z,-2.35,Manali,0.0,4257
2026-09-29T22:21Z,2026-09-29T21:00Z,-1.35,Manali,0.0,4266
2026-09-29T22:21Z,2026-09-29T22:00Z,-0.35,Manali,0.0,4268
2026-09-29T22:21Z,2026-09-29T23:00Z,0.65,Manali,0.0,4265
2026-09-29T22:21Z,2026-09-30T00:00Z,1.65,Manali,0.0,4258
2026-09-29T22:21Z,2026-09-30T01:00Z,2.65,Manali,0.0,4255
2026-09-29T22:21Z,2026-09-30T02:00Z,3.65,Manali,0.0,4264
2026-09-29T22:21Z,2026-09-30T03:00Z,4.65,Manali,0.0,4309
2026-09-29T22:21Z,2026-09-30T04:00Z,5.65,Manali,0.0,4355
2026-09-29T22:21Z,2026-09-30T05:00Z,6.65,Manali,0.0,4368
2026-09-29T22:21Z,2026-09-30T06:00Z,7.65,Manali,0.0,4360
2026-09-29T22:21Z,2026-09-29T20:00Z,-2.35,Kaza,0.0,4465
2026-09-29T22:21Z,2026-09-29T21:00Z,-1.35,Kaza,0.0,4437
2026-09-29T22:21Z,2026-09-29T22:00Z,-0.35,Kaza,0.0,4413
2026-09-29T22:21Z,2026-09-29T23:00Z,0.65,Kaza,0.0,4393
2026-09-29T22:21Z,2026-09-30T00:00Z,1.65,Kaza,0.0,4381
2026-09-29T22:21Z,2026-09-30T01:00Z,2.65,Kaza,0.0,4369
2026-09-29T22:21Z,2026-09-30T02:00Z,3.65,Kaza,0.0,4394
2026-09-29T22:21Z,2026-09-30T03:00Z,4.65,Kaza,0.0,4490
2026-09-29T22:21Z,2026-09-30T04:00Z,5.65,Kaza,0.0,4585
2026-09-29T22:21Z,2026-09-30T05:00Z,6.65,Kaza,0.0,4703
2026-09-29T22:21Z,2026-09-30T06:00Z,7.65,Kaza,0.0,4765
2026-09-29T22:21Z,2026-09-29T20:00Z,-2.35,Shimla,0.0,4244
2026-09-29T22:21Z,2026-09-29T21:00Z,-1.35,Shimla,0.0,4265
2026-09-29T22:21Z,2026-09-29T22:00Z,-0.35,Shimla,0.0,4263
2026-09-29T22:21Z,2026-09-29T23:00Z,0.65,Shimla,0.0,4249
2026-09-29T22:21Z,2026-09-30T00:00Z,1.65,Shimla,0.0,4232
2026-09-29T22:21Z,2026-09-30T01:00Z,2.65,Shimla,0.0,4232
2026-09-29T22:21Z,2026-09-30T02:00Z,3.65,Shimla,0.0,4238
2026-09-29T22:21Z,2026-09-30T03:00Z,4.65,Shimla,0.0,4254
2026-09-29T22:21Z,2026-09-30T04:00Z,5.65,Shimla,0.0,4256
2026-09-29T22:21Z,2026-09-30T05:00Z,6.65,Shimla,0.0,4265
2026-09-29T22:21Z,2026-09-30T06:00Z,7.65,Shimla,0.0,4257
2026-09-29T22:21Z,2026-09-29T20:00Z,-2.35,Dehradun,0.0,4439
2026-09-29T22:21Z,2026-09-29T21:00Z,-1.35,Dehradun,0.0,4428
2026-09-29T22:21Z,2026-09-29T22:00Z,-0.35,Dehradun,0.0,4406
2026-09-29T22:21Z,2026-09-29T23:00Z,0.65,Dehradun,0.0,4384
2026-09-29T22:21Z,2026-09-30T00:00Z,1.65,Dehradun,0.0,4359
2026-09-29T22:21Z,2026-09-30T01:00Z,2.65,Dehradun,0.0,4349
2026-09-29T22:21Z,2026-09-30T02:00Z,3.65,Dehradun,0.0,4361
2026-09-29T22:21Z,2026-09-30T03:00Z,4.65,Dehradun,0.0,4362
2026-09-29T22:21Z,2026-09-30T04:00Z,5.65,Dehradun,0.0,4372
2026-09-29T22:21Z,2026-09-30T05:00Z,6.65,Dehradun,0.0,4373
2026-09-29T22:21Z,2026-09-30T06:00Z,7.65,Dehradun,0.0,4368
2026-09-29T22:21Z,2026-09-29T20:00Z,-2.35,Uttarkashi,0.0,4423
2026-09-29T22:21Z,2026-09-29T21:00Z,-1.35,Uttarkashi,0.0,4400
2026-09-29T22:21Z,2026-09-29T22:00Z,-0.35,Uttarkashi,0.0,4368
2026-09-29T22:21Z,2026-09-29T23:00Z,0.65,Uttarkashi,0.0,4349
2026-09-29T22:21Z,2026-09-30T00:00Z,1.65,Uttarkashi,0.0,4338
2026-09-29T22:21Z,2026-09-30T01:00Z,2.65,Uttarkashi,0.0,4324
2026-09-29T22:21Z,2026-09-30T02:00Z,3.65,Uttarkashi,0.0,4333
2026-09-29T22:21Z,2026-09-30T03:00Z,4.65,Uttarkashi,0.0,4348
2026-09-29T22:21Z,2026-09-30T04:00Z,5.65,Uttarkashi,0.0,4365
2026-09-29T22:21Z,2026-09-30T05:00Z,6.65,Uttarkashi,0.0,4379
2026-09-29T22:21Z,2026-09-30T06:00Z,7.65,Uttarkashi,0.0,4404
2026-09-29T22:21Z,2026-09-29T20:00Z,-2.35,Joshimath,0.0,4375
2026-09-29T22:21Z,2026-09-29T21:00Z,-1.35,Joshimath,0.0,4354
2026-09-29T22:21Z,2026-09-29T22:00Z,-0.35,Joshimath,0.0,4343
2026-09-29T22:21Z,2026-09-29T23:00Z,0.65,Joshimath,0.0,4329
2026-09-29T22:21Z,2026-09-30T00:00Z,1.65,Joshimath,0.0,4316
2026-09-29T22:21Z,2026-09-30T01:00Z,2.65,Joshimath,0.0,4315
2026-09-29T22:21Z,2026-09-30T02:00Z,3.65,Joshimath,0.0,4330
2026-09-29T22:21Z,2026-09-30T03:00Z,4.65,Joshimath,0.0,4364
2026-09-29T22:21Z,2026-09-30T04:00Z,5.65,Joshimath,0.0,4390
2026-09-29T22:21Z,2026-09-30T05:00Z,6.65,Joshimath,0.0,4419
2026-09-29T22:21Z,2026-09-30T06:00Z,7.65,Joshimath,0.0,4433
2026-09-29T22:21Z,2026-09-29T20:00Z,-2.35,Bhimtal,0.0,4536
2026-09-29T22:21Z,2026-09-29T21:00Z,-1.35,Bhimtal,0.0,4507
2026-09-29T22:21Z,2026-09-29T22:00Z,-0.35,Bhimtal,0.0,4478
2026-09-29T22:21Z,2026-09-29T23:00Z,0.65,Bhimtal,0.0,4449
2026-09-29T22:21Z,2026-09-30T00:00Z,1.65,Bhimtal,0.0,4429
2026-09-29T22:21Z,2026-09-30T01:00Z,2.65,Bhimtal,0.0,4414
2026-09-29T22:21Z,2026-09-30T02:00Z,3.65,Bhimtal,0.0,4413
2026-09-29T22:21Z,2026-09-30T03:00Z,4.65,Bhimtal,0.0,4409
2026-09-29T22:21Z,2026-09-30T04:00Z,5.65,Bhimtal,0.0,4415
2026-09-29T22:21Z,2026-09-30T05:00Z,6.65,Bhimtal,0.0,4438
2026-09-29T22:21Z,2026-09-30T06:00Z,7.65,Bhimtal,0.0,4461
2026-09-29T22:21Z,2026-09-29T20:00Z,-2.35,Pithoragarh,0.0,4468
2026-09-29T22:21Z,2026-09-29T21:00Z,-1.35,Pithoragarh,0.0,4454
2026-09-29T22:21Z,2026-09-29T22:00Z,-0.35,Pithoragarh,0.0,4441
2026-09-29T22:21Z,2026-09-29T23:00Z,0.65,Pithoragarh,0.0,4433
2026-09-29T22:21Z,2026-09-30T00:00Z,1.65,Pithoragarh,0.0,4420
2026-09-29T22:21Z,2026-09-30T01:00Z,2.65,Pithoragarh,0.0,4413
2026-09-29T22:21Z,2026-09-30T02:00Z,3.65,Pithoragarh,0.0,4400
2026-09-29T22:21Z,2026-09-30T03:00Z,4.65,Pithoragarh,0.0,4404
2026-09-29T22:21Z,2026-09-30T04:00Z,5.65,Pithoragarh,0.0,4419
2026-09-29T22:21Z,2026-09-30T05:00Z,6.65,Pithoragarh,0.0,4438
2026-09-29T22:21Z,2026-09-30T06:00Z,7.65,Pithoragarh,0.0,4457
2026-09-29T22:21Z,2026-09-29T20:00Z,-2.35,Jumla,0.0,4748
2026-09-29T22:21Z,2026-09-29T21:00Z,-1.35,Jumla,0.0,4645
2026-09-29T22:21Z,2026-09-29T22:00Z,-0.35,Jumla,0.0,4553
2026-09-29T22:21Z,2026-09-29T23:00Z,0.65,Jumla,0.0,4537
2026-09-29T22:21Z,2026-09-30T00:00Z,1.65,Jumla,0.0,4703
2026-09-29T22:21Z,2026-09-30T01:00Z,2.65,Jumla,0.0,4757
2026-09-29T22:21Z,2026-09-30T02:00Z,3.65,Jumla,0.0,4762
2026-09-29T22:21Z,2026-09-30T03:00Z,4.65,Jumla,0.0,4718
2026-09-29T22:21Z,2026-09-30T04:00Z,5.65,Jumla,0.1,4689
2026-09-29T22:21Z,2026-09-30T05:00Z,6.65,Jumla,0.1,4650
2026-09-29T22:21Z,2026-09-30T06:00Z,7.65,Jumla,0.1,4605
2026-09-29T22:21Z,2026-09-29T20:00Z,-2.35,Jomsom,0.0,4940
2026-09-29T22:21Z,2026-09-29T21:00Z,-1.35,Jomsom,0.0,4920
2026-09-29T22:21Z,2026-09-29T22:00Z,-0.35,Jomsom,0.0,4897
2026-09-29T22:21Z,2026-09-29T23:00Z,0.65,Jomsom,0.0,4871
2026-09-29T22:21Z,2026-09-30T00:00Z,1.65,Jomsom,0.0,4875
2026-09-29T22:21Z,2026-09-30T01:00Z,2.65,Jomsom,0.0,4885
2026-09-29T22:21Z,2026-09-30T02:00Z,3.65,Jomsom,0.0,4943
2026-09-29T22:21Z,2026-09-30T03:00Z,4.65,Jomsom,0.0,5027
2026-09-29T22:21Z,2026-09-30T04:00Z,5.65,Jomsom,0.0,5035
2026-09-29T22:21Z,2026-09-30T05:00Z,6.65,Jomsom,0.0,4973
2026-09-29T22:21Z,2026-09-30T06:00Z,7.65,Jomsom,0.0,4976
2026-09-29T22:21Z,2026-09-29T20:00Z,-2.35,Pokhara,0.0,5221
2026-09-29T22:21Z,2026-09-29T21:00Z,-1.35,Pokhara,0.0,5165
2026-09-29T22:21Z,2026-09-29T22:00Z,-0.35,Pokhara,0.0,5135
2026-09-29T22:21Z,2026-09-29T23:00Z,0.65,Pokhara,0.0,5078
2026-09-29T22:21Z,2026-09-30T00:00Z,1.65,Pokhara,0.0,5105
2026-09-29T22:21Z,2026-09-30T01:00Z,2.65,Pokhara,0.0,5124
2026-09-29T22:21Z,2026-09-30T02:00Z,3.65,Pokhara,0.0,5144
2026-09-29T22:21Z,2026-09-30T03:00Z,4.65,Pokhara,0.0,5146
2026-09-29T22:21Z,2026-09-30T04:00Z,5.65,Pokhara,0.0,5137
2026-09-29T22:21Z,2026-09-30T05:00Z,6.65,Pokhara,0.0,5118
2026-09-29T22:21Z,2026-09-30T06:00Z,7.65,Pokhara,0.0,5079
2026-09-29T22:21Z,2026-09-29T20:00Z,-2.35,Kathmandu,0.0,5152
2026-09-29T22:21Z,2026-09-29T21:00Z,-1.35,Kathmandu,0.0,5133
2026-09-29T22:21Z,2026-09-29T22:00Z,-0.35,Kathmandu,0.0,5111
2026-09-29T22:21Z,2026-09-29T23:00Z,0.65,Kathmandu,0.0,5096
2026-09-29T22:21Z,2026-09-30T00:00Z,1.65,Kathmandu,0.0,5090
2026-09-29T22:21Z,2026-09-30T01:00Z,2.65,Kathmandu,0.0,5093
2026-09-29T22:21Z,2026-09-30T02:00Z,3.65,Kathmandu,0.0,5106
2026-09-29T22:21Z,2026-09-30T03:00Z,4.65,Kathmandu,0.2,5115
2026-09-29T22:21Z,2026-09-30T04:00Z,5.65,Kathmandu,0.3,5107
2026-09-29T22:21Z,2026-09-30T05:00Z,6.65,Kathmandu,0.3,5102
2026-09-29T22:21Z,2026-09-30T06:00Z,7.65,Kathmandu,0.3,5079
2026-09-29T22:21Z,2026-09-29T20:00Z,-2.35,Namche Bazaar,0.0,5020
2026-09-29T22:21Z,2026-09-29T21:00Z,-1.35,Namche Bazaar,0.0,4971
2026-09-29T22:21Z,2026-09-29T22:00Z,-0.35,Namche Bazaar,0.0,4950
2026-09-29T22:21Z,2026-09-29T23:00Z,0.65,Namche Bazaar,0.0,4938
2026-09-29T22:21Z,2026-09-30T00:00Z,1.65,Namche Bazaar,0.0,4933
2026-09-29T22:21Z,2026-09-30T01:00Z,2.65,Namche Bazaar,0.0,4948
2026-09-29T22:21Z,2026-09-30T02:00Z,3.65,Namche Bazaar,0.0,4962
2026-09-29T22:21Z,2026-09-30T03:00Z,4.65,Namche Bazaar,0.0,4983
2026-09-29T22:21Z,2026-09-30T04:00Z,5.65,Namche Bazaar,0.1,5006
2026-09-29T22:21Z,2026-09-30T05:00Z,6.65,Namche Bazaar,0.1,5037
2026-09-29T22:21Z,2026-09-30T06:00Z,7.65,Namche Bazaar,0.2,5089
2026-09-29T22:21Z,2026-09-29T20:00Z,-2.35,Darjeeling,0.0,5028
2026-09-29T22:21Z,2026-09-29T21:00Z,-1.35,Darjeeling,0.0,5023
2026-09-29T22:21Z,2026-09-29T22:00Z,-0.35,Darjeeling,0.0,5024
2026-09-29T22:21Z,2026-09-29T23:00Z,0.65,Darjeeling,0.0,5030
2026-09-29T22:21Z,2026-09-30T00:00Z,1.65,Darjeeling,0.0,5046
2026-09-29T22:21Z,2026-09-30T01:00Z,2.65,Darjeeling,0.0,5064
2026-09-29T22:21Z,2026-09-30T02:00Z,3.65,Darjeeling,0.0,5083
2026-09-29T22:21Z,2026-09-30T03:00Z,4.65,Darjeeling,0.0,5102
2026-09-29T22:21Z,2026-09-30T04:00Z,5.65,Darjeeling,0.0,5108
2026-09-29T22:21Z,2026-09-30T05:00Z,6.65,Darjeeling,0.2,5109
2026-09-29T22:21Z,2026-09-30T06:00Z,7.65,Darjeeling,0.2,5099
2026-09-29T22:21Z,2026-09-29T20:00Z,-2.35,Gangtok,0.0,4954
2026-09-29T22:21Z,2026-09-29T21:00Z,-1.35,Gangtok,0.0,4983
2026-09-29T22:21Z,2026-09-29T22:00Z,-0.35,Gangtok,0.0,5007
2026-09-29T22:21Z,2026-09-29T23:00Z,0.65,Gangtok,0.0,5032
2026-09-29T22:21Z,2026-09-30T00:00Z,1.65,Gangtok,0.0,5076
2026-09-29T22:21Z,2026-09-30T01:00Z,2.65,Gangtok,0.0,5105
2026-09-29T22:21Z,2026-09-30T02:00Z,3.65,Gangtok,0.0,5123
2026-09-29T22:21Z,2026-09-30T03:00Z,4.65,Gangtok,0.0,5153
2026-09-29T22:21Z,2026-09-30T04:00Z,5.65,Gangtok,0.0,5150
2026-09-29T22:21Z,2026-09-30T05:00Z,6.65,Gangtok,0.4,5149
2026-09-29T22:21Z,2026-09-30T06:00Z,7.65,Gangtok,0.4,5134
2026-09-29T22:21Z,2026-09-29T20:00Z,-2.35,Thimphu,0.0,4980
2026-09-29T22:21Z,2026-09-29T21:00Z,-1.35,Thimphu,0.0,4998
2026-09-29T22:21Z,2026-09-29T22:00Z,-0.35,Thimphu,0.0,5032
2026-09-29T22:21Z,2026-09-29T23:00Z,0.65,Thimphu,0.0,5041
2026-09-29T22:21Z,2026-09-30T00:00Z,1.65,Thimphu,0.0,5078
2026-09-29T22:21Z,2026-09-30T01:00Z,2.65,Thimphu,0.0,5084
2026-09-29T22:21Z,2026-09-30T02:00Z,3.65,Thimphu,0.0,5094
2026-09-29T22:21Z,2026-09-30T03:00Z,4.65,Thimphu,0.0,5089
2026-09-29T22:21Z,2026-09-30T04:00Z,5.65,Thimphu,0.0,5070
2026-09-29T22:21Z,2026-09-30T05:00Z,6.65,Thimphu,0.1,5061
2026-09-29T22:21Z,2026-09-30T06:00Z,7.65,Thimphu,0.0,5027
2026-09-29T22:21Z,2026-09-29T20:00Z,-2.35,Tawang,0.0,4888
2026-09-29T22:21Z,2026-09-29T21:00Z,-1.35,Tawang,0.1,4855
2026-09-29T22:21Z,2026-09-29T22:00Z,-0.35,Tawang,0.0,4875
2026-09-29T22:21Z,2026-09-29T23:00Z,0.65,Tawang,0.0,4837
2026-09-29T22:21Z,2026-09-30T00:00Z,1.65,Tawang,0.0,4829
2026-09-29T22:21Z,2026-09-30T01:00Z,2.65,Tawang,0.0,4831
2026-09-29T22:21Z,2026-09-30T02:00Z,3.65,Tawang,0.0,4843
2026-09-29T22:21Z,2026-09-30T03:00Z,4.65,Tawang,0.0,4790
2026-09-29T22:21Z,2026-09-30T04:00Z,5.65,Tawang,0.0,4867
2026-09-29T22:21Z,2026-09-30T05:00Z,6.65,Tawang,0.0,4929
2026-09-29T22:21Z,2026-09-30T06:00Z,7.65,Tawang,0.0,4872
2026-09-29T22:21Z,2026-09-29T20:00Z,-2.35,Lhasa,0.0,5399
2026-09-29T22:21Z,2026-09-29T21:00Z,-1.35,Lhasa,0.0,5337
2026-09-29T22:21Z,2026-09-29T22:00Z,-0.35,Lhasa,0.0,5274
2026-09-29T22:21Z,2026-09-29T23:00Z,0.65,Lhasa,0.0,5214
2026-09-29T22:21Z,2026-09-30T00:00Z,1.65,Lhasa,0.0,5166
2026-09-29T22:21Z,2026-09-30T01:00Z,2.65,Lhasa,0.0,5143
2026-09-29T22:21Z,2026-09-30T02:00Z,3.65,Lhasa,0.0,5127
2026-09-29T22:21Z,2026-09-30T03:00Z,4.65,Lhasa,0.0,5115
2026-09-29T22:21Z,2026-09-30T04:00Z,5.65,Lhasa,0.0,5178
2026-09-29T22:21Z,2026-09-30T05:00Z,6.65,Lhasa,0.0,5294
2026-09-29T22:21Z,2026-09-30T06:00Z,7.65,Lhasa,0.1,5403
2026-09-29T22:21Z,2026-09-29T20:00Z,-2.35,Shigatse,0.0,5384
2026-09-29T22:21Z,2026-09-29T21:00Z,-1.35,Shigatse,0.0,5320
2026-09-29T22:21Z,2026-09-29T22:00Z,-0.35,Shigatse,0.0,5262
2026-09-29T22:21Z,2026-09-29T23:00Z,0.65,Shigatse,0.0,5216
2026-09-29T22:21Z,2026-09-30T00:00Z,1.65,Shigatse,0.0,5181
2026-09-29T22:21Z,2026-09-30T01:00Z,2.65,Shigatse,0.0,5162
2026-09-29T22:21Z,2026-09-30T02:00Z,3.65,Shigatse,0.0,5149
2026-09-29T22:21Z,2026-09-30T03:00Z,4.65,Shigatse,0.0,5147
2026-09-29T22:21Z,2026-09-30T04:00Z,5.65,Shigatse,0.0,5179
2026-09-29T22:21Z,2026-09-30T05:00Z,6.65,Shigatse,0.0,5246
2026-09-29T22:21Z,2026-09-30T06:00Z,7.65,Shigatse,0.0,5328
2026-09-29T22:21Z,2026-09-29T20:00Z,-2.35,Itanagar,0.0,4998
2026-09-29T22:21Z,2026-09-29T21:00Z,-1.35,Itanagar,0.0,4970
2026-09-29T22:21Z,2026-09-29T22:00Z,-0.35,Itanagar,0.0,4925
2026-09-29T22:21Z,2026-09-29T23:00Z,0.65,Itanagar,0.0,4909
2026-09-29T22:21Z,2026-09-30T00:00Z,1.65,Itanagar,0.0,4949
2026-09-29T22:21Z,2026-09-30T01:00Z,2.65,Itanagar,0.0,4912
2026-09-29T22:21Z,2026-09-30T02:00Z,3.65,Itanagar,0.0,4936
2026-09-29T22:21Z,2026-09-30T03:00Z,4.65,Itanagar,0.0,4960
2026-09-29T22:21Z,2026-09-30T04:00Z,5.65,Itanagar,0.0,4970
2026-09-29T22:21Z,2026-09-30T05:00Z,6.65,Itanagar,0.1,4993
2026-09-29T22:21Z,2026-09-30T06:00Z,7.65,Itanagar,0.1,5006
2026-09-30T05:39Z,2026-09-30T03:00Z,-2.65,Gilgit,0.0,3935
2026-09-30T05:39Z,2026-09-30T04:00Z,-1.65,Gilgit,0.0,3856
2026-09-30T05:39Z,2026-09-30T05:00Z,-0.65,Gilgit,0.0,3853
2026-09-30T05:39Z,2026-09-30T06:00Z,0.35,Gilgit,0.0,3795
2026-09-30T05:39Z,2026-09-30T07:00Z,1.35,Gilgit,0.0,4090
2026-09-30T05:39Z,2026-09-30T08:00Z,2.35,Gilgit,0.6,4248
2026-09-30T05:39Z,2026-09-30T09:00Z,3.35,Gilgit,0.2,4287
2026-09-30T05:39Z,2026-09-30T10:00Z,4.35,Gilgit,0.1,4354
2026-09-30T05:39Z,2026-09-30T11:00Z,5.35,Gilgit,0.1,4390
2026-09-30T05:39Z,2026-09-30T12:00Z,6.35,Gilgit,0.1,4385
2026-09-30T05:39Z,2026-09-30T13:00Z,7.35,Gilgit,0.0,4351
2026-09-30T05:39Z,2026-09-30T03:00Z,-2.65,Skardu,0.0,4142
2026-09-30T05:39Z,2026-09-30T04:00Z,-1.65,Skardu,0.0,4199
2026-09-30T05:39Z,2026-09-30T05:00Z,-0.65,Skardu,0.1,4186
2026-09-30T05:39Z,2026-09-30T06:00Z,0.35,Skardu,0.1,4221
2026-09-30T05:39Z,2026-09-30T07:00Z,1.35,Skardu,0.3,4266
2026-09-30T05:39Z,2026-09-30T08:00Z,2.35,Skardu,0.5,4294
2026-09-30T05:39Z,2026-09-30T09:00Z,3.35,Skardu,0.3,4312
2026-09-30T05:39Z,2026-09-30T10:00Z,4.35,Skardu,0.0,4348
2026-09-30T05:39Z,2026-09-30T11:00Z,5.35,Skardu,0.0,4517
2026-09-30T05:39Z,2026-09-30T12:00Z,6.35,Skardu,0.0,4493
2026-09-30T05:39Z,2026-09-30T13:00Z,7.35,Skardu,0.0,4441
2026-09-30T05:39Z,2026-09-30T03:00Z,-2.65,Srinagar,0.0,4188
2026-09-30T05:39Z,2026-09-30T04:00Z,-1.65,Srinagar,0.0,4182
2026-09-30T05:39Z,2026-09-30T05:00Z,-0.65,Srinagar,0.0,4185
2026-09-30T05:39Z,2026-09-30T06:00Z,0.35,Srinagar,0.0,4191
2026-09-30T05:39Z,2026-09-30T07:00Z,1.35,Srinagar,0.0,4212
2026-09-30T05:39Z,2026-09-30T08:00Z,2.35,Srinagar,0.0,4224
2026-09-30T05:39Z,2026-09-30T09:00Z,3.35,Srinagar,0.0,4228
2026-09-30T05:39Z,2026-09-30T10:00Z,4.35,Srinagar,0.0,4227
2026-09-30T05:39Z,2026-09-30T11:00Z,5.35,Srinagar,0.0,4231
2026-09-30T05:39Z,2026-09-30T12:00Z,6.35,Srinagar,0.0,4224
2026-09-30T05:39Z,2026-09-30T13:00Z,7.35,Srinagar,0.0,4204
2026-09-30T05:39Z,2026-09-30T03:00Z,-2.65,Leh,0.0,4216
2026-09-30T05:39Z,2026-09-30T04:00Z,-1.65,Leh,0.0,4286
2026-09-30T05:39Z,2026-09-30T05:00Z,-0.65,Leh,0.0,4470
2026-09-30T05:39Z,2026-09-30T06:00Z,0.35,Leh,0.0,4548
2026-09-30T05:39Z,2026-09-30T07:00Z,1.35,Leh,0.1,4572
2026-09-30T05:39Z,2026-09-30T08:00Z,2.35,Leh,0.2,4583
2026-09-30T05:39Z,2026-09-30T09:00Z,3.35,Leh,0.4,4630
2026-09-30T05:39Z,2026-09-30T10:00Z,4.35,Leh,0.2,4688
2026-09-30T05:39Z,2026-09-30T11:00Z,5.35,Leh,0.1,4710
2026-09-30T05:39Z,2026-09-30T12:00Z,6.35,Leh,0.0,4730
2026-09-30T05:39Z,2026-09-30T13:00Z,7.35,Leh,0.0,4712
2026-09-30T05:39Z,2026-09-30T03:00Z,-2.65,Jammu,0.0,4200
2026-09-30T05:39Z,2026-09-30T04:00Z,-1.65,Jammu,0.0,4199
2026-09-30T05:39Z,2026-09-30T05:00Z,-0.65,Jammu,0.0,4209
2026-09-30T05:39Z,2026-09-30T06:00Z,0.35,Jammu,0.0,4216
2026-09-30T05:39Z,2026-09-30T07:00Z,1.35,Jammu,0.0,4220
2026-09-30T05:39Z,2026-09-30T08:00Z,2.35,Jammu,0.0,4234
2026-09-30T05:39Z,2026-09-30T09:00Z,3.35,Jammu,0.0,4255
2026-09-30T05:39Z,2026-09-30T10:00Z,4.35,Jammu,0.0,4300
2026-09-30T05:39Z,2026-09-30T11:00Z,5.35,Jammu,0.0,4323
2026-09-30T05:39Z,2026-09-30T12:00Z,6.35,Jammu,0.0,4349
2026-09-30T05:39Z,2026-09-30T13:00Z,7.35,Jammu,0.0,4334
2026-09-30T05:39Z,2026-09-30T03:00Z,-2.65,Dharamshala,0.0,4188
2026-09-30T05:39Z,2026-09-30T04:00Z,-1.65,Dharamshala,0.0,4194
2026-09-30T05:39Z,2026-09-30T05:00Z,-0.65,Dharamshala,0.0,4206
2026-09-30T05:39Z,2026-09-30T06:00Z,0.35,Dharamshala,0.1,4217
2026-09-30T05:39Z,2026-09-30T07:00Z,1.35,Dharamshala,0.1,4229
2026-09-30T05:39Z,2026-09-30T08:00Z,2.35,Dharamshala,0.1,4229
2026-09-30T05:39Z,2026-09-30T09:00Z,3.35,Dharamshala,0.1,4236
2026-09-30T05:39Z,2026-09-30T10:00Z,4.35,Dharamshala,0.2,4258
2026-09-30T05:39Z,2026-09-30T11:00Z,5.35,Dharamshala,0.1,4272
2026-09-30T05:39Z,2026-09-30T12:00Z,6.35,Dharamshala,0.0,4287
2026-09-30T05:39Z,2026-09-30T13:00Z,7.35,Dharamshala,0.0,4268
2026-09-30T05:39Z,2026-09-30T03:00Z,-2.65,Manali,0.0,4295
2026-09-30T05:39Z,2026-09-30T04:00Z,-1.65,Manali,0.0,4328
2026-09-30T05:39Z,2026-09-30T05:00Z,-0.65,Manali,0.0,4356
2026-09-30T05:39Z,2026-09-30T06:00Z,0.35,Manali,0.0,4339
2026-09-30T05:39Z,2026-09-30T07:00Z,1.35,Manali,0.0,4334
2026-09-30T05:39Z,2026-09-30T08:00Z,2.35,Manali,0.1,4334
2026-09-30T05:39Z,2026-09-30T09:00Z,3.35,Manali,0.2,4331
2026-09-30T05:39Z,2026-09-30T10:00Z,4.35,Manali,0.5,4363
2026-09-30T05:39Z,2026-09-30T11:00Z,5.35,Manali,0.1,4370
2026-09-30T05:39Z,2026-09-30T12:00Z,6.35,Manali,0.0,4358
2026-09-30T05:39Z,2026-09-30T13:00Z,7.35,Manali,0.0,4366
2026-09-30T05:39Z,2026-09-30T03:00Z,-2.65,Kaza,0.0,4490
2026-09-30T05:39Z,2026-09-30T04:00Z,-1.65,Kaza,0.0,4572
2026-09-30T05:39Z,2026-09-30T05:00Z,-0.65,Kaza,0.0,4690
2026-09-30T05:39Z,2026-09-30T06:00Z,0.35,Kaza,0.0,4758
2026-09-30T05:39Z,2026-09-30T07:00Z,1.35,Kaza,0.0,4796
2026-09-30T05:39Z,2026-09-30T08:00Z,2.35,Kaza,0.0,4798
2026-09-30T05:39Z,2026-09-30T09:00Z,3.35,Kaza,0.0,4793
2026-09-30T05:39Z,2026-09-30T10:00Z,4.35,Kaza,0.0,4800
2026-09-30T05:39Z,2026-09-30T11:00Z,5.35,Kaza,0.0,4802
2026-09-30T05:39Z,2026-09-30T12:00Z,6.35,Kaza,0.0,4787
2026-09-30T05:39Z,2026-09-30T13:00Z,7.35,Kaza,0.0,4760
2026-09-30T05:39Z,2026-09-30T03:00Z,-2.65,Shimla,0.0,4229
2026-09-30T05:39Z,2026-09-30T04:00Z,-1.65,Shimla,0.0,4234
2026-09-30T05:39Z,2026-09-30T05:00Z,-0.65,Shimla,0.0,4249
2026-09-30T05:39Z,2026-09-30T06:00Z,0.35,Shimla,0.0,4244
2026-09-30T05:39Z,2026-09-30T07:00Z,1.35,Shimla,0.1,4253
2026-09-30T05:39Z,2026-09-30T08:00Z,2.35,Shimla,0.4,4271
2026-09-30T05:39Z,2026-09-30T09:00Z,3.35,Shimla,0.1,4331
2026-09-30T05:39Z,2026-09-30T10:00Z,4.35,Shimla,0.1,4326
2026-09-30T05:39Z,2026-09-30T11:00Z,5.35,Shimla,0.0,4341
2026-09-30T05:39Z,2026-09-30T12:00Z,6.35,Shimla,0.0,4327
2026-09-30T05:39Z,2026-09-30T13:00Z,7.35,Shimla,0.0,4303
2026-09-30T05:39Z,2026-09-30T03:00Z,-2.65,Dehradun,0.0,4278
2026-09-30T05:39Z,2026-09-30T04:00Z,-1.65,Dehradun,0.0,4288
2026-09-30T05:39Z,2026-09-30T05:00Z,-0.65,Dehradun,0.0,4298
2026-09-30T05:39Z,2026-09-30T06:00Z,0.35,Dehradun,0.0,4299
2026-09-30T05:39Z,2026-09-30T07:00Z,1.35,Dehradun,0.1,4302
2026-09-30T05:39Z,2026-09-30T08:00Z,2.35,Dehradun,0.1,4323
2026-09-30T05:39Z,2026-09-30T09:00Z,3.35,Dehradun,0.1,4362
2026-09-30T05:39Z,2026-09-30T10:00Z,4.35,Dehradun,0.2,4387
2026-09-30T05:39Z,2026-09-30T11:00Z,5.35,Dehradun,0.2,4367
2026-09-30T05:39Z,2026-09-30T12:00Z,6.35,Dehradun,0.2,4355
2026-09-30T05:39Z,2026-09-30T13:00Z,7.35,Dehradun,0.0,4377
2026-09-30T05:39Z,2026-09-30T03:00Z,-2.65,Uttarkashi,0.0,4301
2026-09-30T05:39Z,2026-09-30T04:00Z,-1.65,Uttarkashi,0.0,4308
2026-09-30T05:39Z,2026-09-30T05:00Z,-0.65,Uttarkashi,0.0,4329
2026-09-30T05:39Z,2026-09-30T06:00Z,0.35,Uttarkashi,0.0,4353
2026-09-30T05:39Z,2026-09-30T07:00Z,1.35,Uttarkashi,0.1,4373
2026-09-30T05:39Z,2026-09-30T08:00Z,2.35,Uttarkashi,0.1,4392
2026-09-30T05:39Z,2026-09-30T09:00Z,3.35,Uttarkashi,0.1,4427
2026-09-30T05:39Z,2026-09-30T10:00Z,4.35,Uttarkashi,0.2,4437
2026-09-30T05:39Z,2026-09-30T11:00Z,5.35,Uttarkashi,0.1,4424
2026-09-30T05:39Z,2026-09-30T12:00Z,6.35,Uttarkashi,0.1,4423
2026-09-30T05:39Z,2026-09-30T13:00Z,7.35,Uttarkashi,0.0,4418
2026-09-30T05:39Z,2026-09-30T03:00Z,-2.65,Joshimath,0.0,4316
2026-09-30T05:39Z,2026-09-30T04:00Z,-1.65,Joshimath,0.0,4330
2026-09-30T05:39Z,2026-09-30T05:00Z,-0.65,Joshimath,0.0,4351
2026-09-30T05:39Z,2026-09-30T06:00Z,0.35,Joshimath,0.0,4373
2026-09-30T05:39Z,2026-09-30T07:00Z,1.35,Joshimath,0.0,4393
2026-09-30T05:39Z,2026-09-30T08:00Z,2.35,Joshimath,0.0,4423
2026-09-30T05:39Z,2026-09-30T09:00Z,3.35,Joshimath,0.0,4445
2026-09-30T05:39Z,2026-09-30T10:00Z,4.35,Joshimath,0.2,4447
2026-09-30T05:39Z,2026-09-30T11:00Z,5.35,Joshimath,0.5,4468
2026-09-30T05:39Z,2026-09-30T12:00Z,6.35,Joshimath,0.0,4512
2026-09-30T05:39Z,2026-09-30T13:00Z,7.35,Joshimath,0.0,4473
2026-09-30T05:39Z,2026-09-30T03:00Z,-2.65,Bhimtal,0.0,4382
2026-09-30T05:39Z,2026-09-30T04:00Z,-1.65,Bhimtal,0.0,4378
2026-09-30T05:39Z,2026-09-30T05:00Z,-0.65,Bhimtal,0.0,4379
2026-09-30T05:39Z,2026-09-30T06:00Z,0.35,Bhimtal,0.0,4411
2026-09-30T05:39Z,2026-09-30T07:00Z,1.35,Bhimtal,0.3,4456
2026-09-30T05:39Z,2026-09-30T08:00Z,2.35,Bhimtal,0.1,4490
2026-09-30T05:39Z,2026-09-30T09:00Z,3.35,Bhimtal,0.0,4484
2026-09-30T05:39Z,2026-09-30T10:00Z,4.35,Bhimtal,0.1,4510
2026-09-30T05:39Z,2026-09-30T11:00Z,5.35,Bhimtal,0.0,4525
2026-09-30T05:39Z,2026-09-30T12:00Z,6.35,Bhimtal,0.0,4572
2026-09-30T05:39Z,2026-09-30T13:00Z,7.35,Bhimtal,0.0,4601
2026-09-30T05:39Z,2026-09-30T03:00Z,-2.65,Pithoragarh,0.0,4359
2026-09-30T05:39Z,2026-09-30T04:00Z,-1.65,Pithoragarh,0.0,4365
2026-09-30T05:39Z,2026-09-30T05:00Z,-0.65,Pithoragarh,0.0,4387
2026-09-30T05:39Z,2026-09-30T06:00Z,0.35,Pithoragarh,0.0,4407
2026-09-30T05:39Z,2026-09-30T07:00Z,1.35,Pithoragarh,0.0,4430
2026-09-30T05:39Z,2026-09-30T08:00Z,2.35,Pithoragarh,0.0,4476
2026-09-30T05:39Z,2026-09-30T09:00Z,3.35,Pithoragarh,0.1,4507
2026-09-30T05:39Z,2026-09-30T10:00Z,4.35,Pithoragarh,0.0,4527
2026-09-30T05:39Z,2026-09-30T11:00Z,5.35,Pithoragarh,0.1,4577
2026-09-30T05:39Z,2026-09-30T12:00Z,6.35,Pithoragarh,0.0,4591
2026-09-30T05:39Z,2026-09-30T13:00Z,7.35,Pithoragarh,0.3,4592
2026-09-30T05:39Z,2026-09-30T03:00Z,-2.65,Jumla,0.0,4670
2026-09-30T05:39Z,2026-09-30T04:00Z,-1.65,Jumla,0.1,4640
2026-09-30T05:39Z,2026-09-30T05:00Z,-0.65,Jumla,0.1,4614
2026-09-30T05:39Z,2026-09-30T06:00Z,0.35,Jumla,0.2,4518
2026-09-30T05:39Z,2026-09-30T07:00Z,1.35,Jumla,0.2,4479
2026-09-30T05:39Z,2026-09-30T08:00Z,2.35,Jumla,0.2,4526
2026-09-30T05:39Z,2026-09-30T09:00Z,3.35,Jumla,0.3,4585
2026-09-30T05:39Z,2026-09-30T10:00Z,4.35,Jumla,0.3,4750
2026-09-30T05:39Z,2026-09-30T11:00Z,5.35,Jumla,0.2,4743
2026-09-30T05:39Z,2026-09-30T12:00Z,6.35,Jumla,0.0,4736
2026-09-30T05:39Z,2026-09-30T13:00Z,7.35,Jumla,0.0,4722
2026-09-30T05:39Z,2026-09-30T03:00Z,-2.65,Jomsom,0.0,4894
2026-09-30T05:39Z,2026-09-30T04:00Z,-1.65,Jomsom,0.0,4905
2026-09-30T05:39Z,2026-09-30T05:00Z,-0.65,Jomsom,0.0,4923
2026-09-30T05:39Z,2026-09-30T06:00Z,0.35,Jomsom,0.0,4943
2026-09-30T05:39Z,2026-09-30T07:00Z,1.35,Jomsom,0.1,4942
2026-09-30T05:39Z,2026-09-30T08:00Z,2.35,Jomsom,0.1,4940
2026-09-30T05:39Z,2026-09-30T09:00Z,3.35,Jomsom,0.1,4945
2026-09-30T05:39Z,2026-09-30T10:00Z,4.35,Jomsom,0.1,4958
2026-09-30T05:39Z,2026-09-30T11:00Z,5.35,Jomsom,0.0,4950
2026-09-30T05:39Z,2026-09-30T12:00Z,6.35,Jomsom,0.0,4940
2026-09-30T05:39Z,2026-09-30T13:00Z,7.35,Jomsom,0.0,4927
2026-09-30T05:39Z,2026-09-30T03:00Z,-2.65,Pokhara,0.0,5067
2026-09-30T05:39Z,2026-09-30T04:00Z,-1.65,Pokhara,0.0,5067
2026-09-30T05:39Z,2026-09-30T05:00Z,-0.65,Pokhara,0.0,5049
2026-09-30T05:39Z,2026-09-30T06:00Z,0.35,Pokhara,0.0,5030
2026-09-30T05:39Z,2026-09-30T07:00Z,1.35,Pokhara,0.0,5011
2026-09-30T05:39Z,2026-09-30T08:00Z,2.35,Pokhara,0.0,5011
2026-09-30T05:39Z,2026-09-30T09:00Z,3.35,Pokhara,0.0,5021
2026-09-30T05:39Z,2026-09-30T10:00Z,4.35,Pokhara,0.0,5048
2026-09-30T05:39Z,2026-09-30T11:00Z,5.35,Pokhara,0.0,5049
2026-09-30T05:39Z,2026-09-30T12:00Z,6.35,Pokhara,0.0,5051
2026-09-30T05:39Z,2026-09-30T13:00Z,7.35,Pokhara,0.0,5006
2026-09-30T05:39Z,2026-09-30T03:00Z,-2.65,Kathmandu,0.1,5035
2026-09-30T05:39Z,2026-09-30T04:00Z,-1.65,Kathmandu,0.4,5054
2026-09-30T05:39Z,2026-09-30T05:00Z,-0.65,Kathmandu,0.4,5073
2026-09-30T05:39Z,2026-09-30T06:00Z,0.35,Kathmandu,0.5,5068
2026-09-30T05:39Z,2026-09-30T07:00Z,1.35,Kathmandu,0.7,5078
2026-09-30T05:39Z,2026-09-30T08:00Z,2.35,Kathmandu,0.5,5096
2026-09-30T05:39Z,2026-09-30T09:00Z,3.35,Kathmandu,0.2,5101
2026-09-30T05:39Z,2026-09-30T10:00Z,4.35,Kathmandu,0.5,5109
2026-09-30T05:39Z,2026-09-30T11:00Z,5.35,Kathmandu,0.3,5114
2026-09-30T05:39Z,2026-09-30T12:00Z,6.35,Kathmandu,0.1,5137
2026-09-30T05:39Z,2026-09-30T13:00Z,7.35,Kathmandu,0.1,5159
2026-09-30T05:39Z,2026-09-30T03:00Z,-2.65,Namche Bazaar,0.0,4933
2026-09-30T05:39Z,2026-09-30T04:00Z,-1.65,Namche Bazaar,0.0,4956
2026-09-30T05:39Z,2026-09-30T05:00Z,-0.65,Namche Bazaar,0.1,4986
2026-09-30T05:39Z,2026-09-30T06:00Z,0.35,Namche Bazaar,0.3,5042
2026-09-30T05:39Z,2026-09-30T07:00Z,1.35,Namche Bazaar,0.3,5106
2026-09-30T05:39Z,2026-09-30T08:00Z,2.35,Namche Bazaar,0.4,5130
2026-09-30T05:39Z,2026-09-30T09:00Z,3.35,Namche Bazaar,0.2,5181
2026-09-30T05:39Z,2026-09-30T10:00Z,4.35,Namche Bazaar,0.1,5207
2026-09-30T05:39Z,2026-09-30T11:00Z,5.35,Namche Bazaar,0.0,5224
2026-09-30T05:39Z,2026-09-30T12:00Z,6.35,Namche Bazaar,0.0,5207
2026-09-30T05:39Z,2026-09-30T13:00Z,7.35,Namche Bazaar,0.0,5180
2026-09-30T05:39Z,2026-09-30T03:00Z,-2.65,Darjeeling,0.0,5065
2026-09-30T05:39Z,2026-09-30T04:00Z,-1.65,Darjeeling,0.0,5071
2026-09-30T05:39Z,2026-09-30T05:00Z,-0.65,Darjeeling,0.0,5067
2026-09-30T05:39Z,2026-09-30T06:00Z,0.35,Darjeeling,0.0,5061
2026-09-30T05:39Z,2026-09-30T07:00Z,1.35,Darjeeling,0.0,5044
2026-09-30T05:39Z,2026-09-30T08:00Z,2.35,Darjeeling,0.0,5060
2026-09-30T05:39Z,2026-09-30T09:00Z,3.35,Darjeeling,0.1,5090
2026-09-30T05:39Z,2026-09-30T10:00Z,4.35,Darjeeling,0.1,5128
2026-09-30T05:39Z,2026-09-30T11:00Z,5.35,Darjeeling,0.1,5102
2026-09-30T05:39Z,2026-09-30T12:00Z,6.35,Darjeeling,0.1,5124
2026-09-30T05:39Z,2026-09-30T13:00Z,7.35,Darjeeling,0.1,5125
2026-09-30T05:39Z,2026-09-30T03:00Z,-2.65,Gangtok,0.0,5088
2026-09-30T05:39Z,2026-09-30T04:00Z,-1.65,Gangtok,0.0,5107
2026-09-30T05:39Z,2026-09-30T05:00Z,-0.65,Gangtok,0.0,5099
2026-09-30T05:39Z,2026-09-30T06:00Z,0.35,Gangtok,0.1,5060
2026-09-30T05:39Z,2026-09-30T07:00Z,1.35,Gangtok,0.0,5028
2026-09-30T05:39Z,2026-09-30T08:00Z,2.35,Gangtok,0.1,5080
2026-09-30T05:39Z,2026-09-30T09:00Z,3.35,Gangtok,0.2,5114
2026-09-30T05:39Z,2026-09-30T10:00Z,4.35,Gangtok,0.3,5167
2026-09-30T05:39Z,2026-09-30T11:00Z,5.35,Gangtok,0.3,5085
2026-09-30T05:39Z,2026-09-30T12:00Z,6.35,Gangtok,0.2,5118
2026-09-30T05:39Z,2026-09-30T13:00Z,7.35,Gangtok,0.3,5135
2026-09-30T05:39Z,2026-09-30T03:00Z,-2.65,Thimphu,0.0,5074
2026-09-30T05:39Z,2026-09-30T04:00Z,-1.65,Thimphu,0.0,5094
2026-09-30T05:39Z,2026-09-30T05:00Z,-0.65,Thimphu,0.1,5075
2026-09-30T05:39Z,2026-09-30T06:00Z,0.35,Thimphu,0.3,4940
2026-09-30T05:39Z,2026-09-30T07:00Z,1.35,Thimphu,0.1,4957
2026-09-30T05:39Z,2026-09-30T08:00Z,2.35,Thimphu,0.1,4995
2026-09-30T05:39Z,2026-09-30T09:00Z,3.35,Thimphu,0.1,5024
2026-09-30T05:39Z,2026-09-30T10:00Z,4.35,Thimphu,0.0,5087
2026-09-30T05:39Z,2026-09-30T11:00Z,5.35,Thimphu,0.0,5097
2026-09-30T05:39Z,2026-09-30T12:00Z,6.35,Thimphu,0.0,5102
2026-09-30T05:39Z,2026-09-30T13:00Z,7.35,Thimphu,0.0,5040
2026-09-30T05:39Z,2026-09-30T03:00Z,-2.65,Tawang,0.1,4944
2026-09-30T05:39Z,2026-09-30T04:00Z,-1.65,Tawang,0.1,4984
2026-09-30T05:39Z,2026-09-30T05:00Z,-0.65,Tawang,0.0,4965
2026-09-30T05:39Z,2026-09-30T06:00Z,0.35,Tawang,0.3,5008
2026-09-30T05:39Z,2026-09-30T07:00Z,1.35,Tawang,0.4,5053
2026-09-30T05:39Z,2026-09-30T08:00Z,2.35,Tawang,0.6,5029
2026-09-30T05:39Z,2026-09-30T09:00Z,3.35,Tawang,1.6,5112
2026-09-30T05:39Z,2026-09-30T10:00Z,4.35,Tawang,0.5,5092
2026-09-30T05:39Z,2026-09-30T11:00Z,5.35,Tawang,0.2,5043
2026-09-30T05:39Z,2026-09-30T12:00Z,6.35,Tawang,0.0,4939
2026-09-30T05:39Z,2026-09-30T13:00Z,7.35,Tawang,0.0,4922
2026-09-30T05:39Z,2026-09-30T03:00Z,-2.65,Lhasa,0.0,5169
2026-09-30T05:39Z,2026-09-30T04:00Z,-1.65,Lhasa,0.0,5220
2026-09-30T05:39Z,2026-09-30T05:00Z,-0.65,Lhasa,0.0,5328
2026-09-30T05:39Z,2026-09-30T06:00Z,0.35,Lhasa,0.0,5425
2026-09-30T05:39Z,2026-09-30T07:00Z,1.35,Lhasa,0.1,5495
2026-09-30T05:39Z,2026-09-30T08:00Z,2.35,Lhasa,0.1,5560
2026-09-30T05:39Z,2026-09-30T09:00Z,3.35,Lhasa,0.2,5613
2026-09-30T05:39Z,2026-09-30T10:00Z,4.35,Lhasa,0.2,5655
2026-09-30T05:39Z,2026-09-30T11:00Z,5.35,Lhasa,0.0,5673
2026-09-30T05:39Z,2026-09-30T12:00Z,6.35,Lhasa,0.0,5657
2026-09-30T05:39Z,2026-09-30T13:00Z,7.35,Lhasa,0.0,5635
2026-09-30T05:39Z,2026-09-30T03:00Z,-2.65,Shigatse,0.0,5167
2026-09-30T05:39Z,2026-09-30T04:00Z,-1.65,Shigatse,0.0,5187
2026-09-30T05:39Z,2026-09-30T05:00Z,-0.65,Shigatse,0.0,5250
2026-09-30T05:39Z,2026-09-30T06:00Z,0.35,Shigatse,0.0,5327
2026-09-30T05:39Z,2026-09-30T07:00Z,1.35,Shigatse,0.0,5391
2026-09-30T05:39Z,2026-09-30T08:00Z,2.35,Shigatse,0.0,5463
2026-09-30T05:39Z,2026-09-30T09:00Z,3.35,Shigatse,0.0,5513
2026-09-30T05:39Z,2026-09-30T10:00Z,4.35,Shigatse,0.0,5572
2026-09-30T05:39Z,2026-09-30T11:00Z,5.35,Shigatse,0.0,5586
2026-09-30T05:39Z,2026-09-30T12:00Z,6.35,Shigatse,0.0,5572
2026-09-30T05:39Z,2026-09-30T13:00Z,7.35,Shigatse,0.0,5556
2026-09-30T05:39Z,2026-09-30T03:00Z,-2.65,Itanagar,0.2,4993
2026-09-30T05:39Z,2026-09-30T04:00Z,-1.65,Itanagar,0.1,5012
2026-09-30T05:39Z,2026-09-30T05:00Z,-0.65,Itanagar,0.1,4982
2026-09-30T05:39Z,2026-09-30T06:00Z,0.35,Itanagar,0.1,5018
2026-09-30T05:39Z,2026-09-30T07:00Z,1.35,Itanagar,0.2,5017
2026-09-30T05:39Z,2026-09-30T08:00Z,2.35,Itanagar,0.1,5030
2026-09-30T05:39Z,2026-09-30T09:00Z,3.35,Itanagar,0.2,5040
2026-09-30T05:39Z,2026-09-30T10:00Z,4.35,Itanagar,0.2,5051
2026-09-30T05:39Z,2026-09-30T11:00Z,5.35,Itanagar,0.4,5003
2026-09-30T05:39Z,2026-09-30T12:00Z,6.35,Itanagar,0.3,4937
2026-09-30T05:39Z,2026-09-30T13:00Z,7.35,Itanagar,0.1,4960
2026-09-30T12:42Z,2026-09-30T10:00Z,-2.7,Gilgit,0.1,4337
2026-09-30T12:42Z,2026-09-30T11:00Z,-1.7,Gilgit,0.1,4383
2026-09-30T12:42Z,2026-09-30T12:00Z,-0.7,Gilgit,0.0,4378
2026-09-30T12:42Z,2026-09-30T13:00Z,0.3,Gilgit,0.0,4344
2026-09-30T12:42Z,2026-09-30T14:00Z,1.3,Gilgit,0.0,4269
2026-09-30T12:42Z,2026-09-30T15:00Z,2.3,Gilgit,0.0,4218
2026-09-30T12:42Z,2026-09-30T16:00Z,3.3,Gilgit,0.0,4210
2026-09-30T12:42Z,2026-09-30T17:00Z,4.3,Gilgit,0.0,4207
2026-09-30T12:42Z,2026-09-30T18:00Z,5.3,Gilgit,0.0,4165
2026-09-30T12:42Z,2026-09-30T19:00Z,6.3,Gilgit,0.0,4137
2026-09-30T12:42Z,2026-09-30T20:00Z,7.3,Gilgit,0.0,4110
2026-09-30T12:42Z,2026-09-30T10:00Z,-2.7,Skardu,0.6,4333
2026-09-30T12:42Z,2026-09-30T11:00Z,-1.7,Skardu,0.2,4516
2026-09-30T12:42Z,2026-09-30T12:00Z,-0.7,Skardu,0.1,4497
2026-09-30T12:42Z,2026-09-30T13:00Z,0.3,Skardu,0.0,4439
2026-09-30T12:42Z,2026-09-30T14:00Z,1.3,Skardu,0.0,4389
2026-09-30T12:42Z,2026-09-30T15:00Z,2.3,Skardu,0.0,4354
2026-09-30T12:42Z,2026-09-30T16:00Z,3.3,Skardu,0.0,4319
2026-09-30T12:42Z,2026-09-30T17:00Z,4.3,Skardu,0.0,4241
2026-09-30T12:42Z,2026-09-30T18:00Z,5.3,Skardu,0.0,4227
2026-09-30T12:42Z,2026-09-30T19:00Z,6.3,Skardu,0.0,4176
2026-09-30T12:42Z,2026-09-30T20:00Z,7.3,Skardu,0.0,4178
2026-09-30T12:42Z,2026-09-30T10:00Z,-2.7,Srinagar,0.0,4244
2026-09-30T12:42Z,2026-09-30T11:00Z,-1.7,Srinagar,0.0,4226
2026-09-30T12:42Z,2026-09-30T12:00Z,-0.7,Srinagar,0.0,4216
2026-09-30T12:42Z,2026-09-30T13:00Z,0.3,Srinagar,0.0,4206
2026-09-30T12:42Z,2026-09-30T14:00Z,1.3,Srinagar,0.0,4201
2026-09-30T12:42Z,2026-09-30T15:00Z,2.3,Srinagar,0.0,4202
2026-09-30T12:42Z,2026-09-30T16:00Z,3.3,Srinagar,0.0,4173
2026-09-30T12:42Z,2026-09-30T17:00Z,4.3,Srinagar,0.0,4143
2026-09-30T12:42Z,2026-09-30T18:00Z,5.3,Srinagar,0.0,4129
2026-09-30T12:42Z,2026-09-30T19:00Z,6.3,Srinagar,0.0,4115
2026-09-30T12:42Z,2026-09-30T20:00Z,7.3,Srinagar,0.0,4095
2026-09-30T12:42Z,2026-09-30T10:00Z,-2.7,Leh,0.1,4666
2026-09-30T12:42Z,2026-09-30T11:00Z,-1.7,Leh,0.0,4706
2026-09-30T12:42Z,2026-09-30T12:00Z,-0.7,Leh,0.0,4728
2026-09-30T12:42Z,2026-09-30T13:00Z,0.3,Leh,0.0,4702
2026-09-30T12:42Z,2026-09-30T14:00Z,1.3,Leh,0.0,4648
2026-09-30T12:42Z,2026-09-30T15:00Z,2.3,Leh,0.0,4598
2026-09-30T12:42Z,2026-09-30T16:00Z,3.3,Leh,0.0,4546
2026-09-30T12:42Z,2026-09-30T17:00Z,4.3,Leh,0.0,4498
2026-09-30T12:42Z,2026-09-30T18:00Z,5.3,Leh,0.0,4465
2026-09-30T12:42Z,2026-09-30T19:00Z,6.3,Leh,0.0,4424
2026-09-30T12:42Z,2026-09-30T20:00Z,7.3,Leh,0.0,4399
2026-09-30T12:42Z,2026-09-30T10:00Z,-2.7,Jammu,0.0,4302
2026-09-30T12:42Z,2026-09-30T11:00Z,-1.7,Jammu,0.0,4328
2026-09-30T12:42Z,2026-09-30T12:00Z,-0.7,Jammu,0.0,4331
2026-09-30T12:42Z,2026-09-30T13:00Z,0.3,Jammu,0.0,4324
2026-09-30T12:42Z,2026-09-30T14:00Z,1.3,Jammu,0.0,4332
2026-09-30T12:42Z,2026-09-30T15:00Z,2.3,Jammu,0.0,4364
2026-09-30T12:42Z,2026-09-30T16:00Z,3.3,Jammu,0.0,4364
2026-09-30T12:42Z,2026-09-30T17:00Z,4.3,Jammu,0.0,4320
2026-09-30T12:42Z,2026-09-30T18:00Z,5.3,Jammu,0.0,4294
2026-09-30T12:42Z,2026-09-30T19:00Z,6.3,Jammu,0.0,4288
2026-09-30T12:42Z,2026-09-30T20:00Z,7.3,Jammu,0.0,4286
2026-09-30T12:42Z,2026-09-30T10:00Z,-2.7,Dharamshala,0.1,4244
2026-09-30T12:42Z,2026-09-30T11:00Z,-1.7,Dharamshala,0.1,4241
2026-09-30T12:42Z,2026-09-30T12:00Z,-0.7,Dharamshala,0.0,4248
2026-09-30T12:42Z,2026-09-30T13:00Z,0.3,Dharamshala,0.0,4236
2026-09-30T12:42Z,2026-09-30T14:00Z,1.3,Dharamshala,0.0,4227
2026-09-30T12:42Z,2026-09-30T15:00Z,2.3,Dharamshala,0.0,4254
2026-09-30T12:42Z,2026-09-30T16:00Z,3.3,Dharamshala,0.0,4269
2026-09-30T12:42Z,2026-09-30T17:00Z,4.3,Dharamshala,0.0,4270
2026-09-30T12:42Z,2026-09-30T18:00Z,5.3,Dharamshala,0.0,4252
2026-09-30T12:42Z,2026-09-30T19:00Z,6.3,Dharamshala,0.0,4242
2026-09-30T12:42Z,2026-09-30T20:00Z,7.3,Dharamshala,0.0,4232
2026-09-30T12:42Z,2026-09-30T10:00Z,-2.7,Manali,0.3,4337
2026-09-30T12:42Z,2026-09-30T11:00Z,-1.7,Manali,0.1,4340
2026-09-30T12:42Z,2026-09-30T12:00Z,-0.7,Manali,0.0,4333
2026-09-30T12:42Z,2026-09-30T13:00Z,0.3,Manali,0.0,4321
2026-09-30T12:42Z,2026-09-30T14:00Z,1.3,Manali,0.0,4312
2026-09-30T12:42Z,2026-09-30T15:00Z,2.3,Manali,0.0,4328
2026-09-30T12:42Z,2026-09-30T16:00Z,3.3,Manali,0.0,4327
2026-09-30T12:42Z,2026-09-30T17:00Z,4.3,Manali,0.0,4322
2026-09-30T12:42Z,2026-09-30T18:00Z,5.3,Manali,0.0,4317
2026-09-30T12:42Z,2026-09-30T19:00Z,6.3,Manali,0.0,4298
2026-09-30T12:42Z,2026-09-30T20:00Z,7.3,Manali,0.0,4288
2026-09-30T12:42Z,2026-09-30T10:00Z,-2.7,Kaza,0.0,4800
2026-09-30T12:42Z,2026-09-30T11:00Z,-1.7,Kaza,0.0,4796
2026-09-30T12:42Z,2026-09-30T12:00Z,-0.7,Kaza,0.0,4780
2026-09-30T12:42Z,2026-09-30T13:00Z,0.3,Kaza,0.0,4753
2026-09-30T12:42Z,2026-09-30T14:00Z,1.3,Kaza,0.0,4717
2026-09-30T12:42Z,2026-09-30T15:00Z,2.3,Kaza,0.0,4683
2026-09-30T12:42Z,2026-09-30T16:00Z,3.3,Kaza,0.0,4594
2026-09-30T12:42Z,2026-09-30T17:00Z,4.3,Kaza,0.0,4556
2026-09-30T12:42Z,2026-09-30T18:00Z,5.3,Kaza,0.0,4533
2026-09-30T12:42Z,2026-09-30T19:00Z,6.3,Kaza,0.0,4498
2026-09-30T12:42Z,2026-09-30T20:00Z,7.3,Kaza,0.0,4470
2026-09-30T12:42Z,2026-09-30T10:00Z,-2.7,Shimla,0.1,4316
2026-09-30T12:42Z,2026-09-30T11:00Z,-1.7,Shimla,0.1,4325
2026-09-30T12:42Z,2026-09-30T12:00Z,-0.7,Shimla,0.0,4334
2026-09-30T12:42Z,2026-09-30T13:00Z,0.3,Shimla,0.0,4287
2026-09-30T12:42Z,2026-09-30T14:00Z,1.3,Shimla,0.0,4288
2026-09-30T12:42Z,2026-09-30T15:00Z,2.3,Shimla,0.0,4312
2026-09-30T12:42Z,2026-09-30T16:00Z,3.3,Shimla,0.0,4319
2026-09-30T12:42Z,2026-09-30T17:00Z,4.3,Shimla,0.0,4312
2026-09-30T12:42Z,2026-09-30T18:00Z,5.3,Shimla,0.0,4310
2026-09-30T12:42Z,2026-09-30T19:00Z,6.3,Shimla,0.0,4298
2026-09-30T12:42Z,2026-09-30T20:00Z,7.3,Shimla,0.0,4287
2026-09-30T12:42Z,2026-09-30T10:00Z,-2.7,Dehradun,0.2,4328
2026-09-30T12:42Z,2026-09-30T11:00Z,-1.7,Dehradun,0.2,4331
2026-09-30T12:42Z,2026-09-30T12:00Z,-0.7,Dehradun,0.1,4318
2026-09-30T12:42Z,2026-09-30T13:00Z,0.3,Dehradun,0.0,4335
2026-09-30T12:42Z,2026-09-30T14:00Z,1.3,Dehradun,0.0,4352
2026-09-30T12:42Z,2026-09-30T15:00Z,2.3,Dehradun,0.0,4384
2026-09-30T12:42Z,2026-09-30T16:00Z,3.3,Dehradun,0.0,4397
2026-09-30T12:42Z,2026-09-30T17:00Z,4.3,Dehradun,0.0,4392
2026-09-30T12:42Z,2026-09-30T18:00Z,5.3,Dehradun,0.0,4396
2026-09-30T12:42Z,2026-09-30T19:00Z,6.3,Dehradun,0.0,4388
2026-09-30T12:42Z,2026-09-30T20:00Z,7.3,Dehradun,0.0,4368
2026-09-30T12:42Z,2026-09-30T10:00Z,-2.7,Uttarkashi,0.1,4404
2026-09-30T12:42Z,2026-09-30T11:00Z,-1.7,Uttarkashi,0.2,4404
2026-09-30T12:42Z,2026-09-30T12:00Z,-0.7,Uttarkashi,0.1,4384
2026-09-30T12:42Z,2026-09-30T13:00Z,0.3,Uttarkashi,0.0,4385
2026-09-30T12:42Z,2026-09-30T14:00Z,1.3,Uttarkashi,0.0,4394
2026-09-30T12:42Z,2026-09-30T15:00Z,2.3,Uttarkashi,0.0,4414
2026-09-30T12:42Z,2026-09-30T16:00Z,3.3,Uttarkashi,0.0,4417
2026-09-30T12:42Z,2026-09-30T17:00Z,4.3,Uttarkashi,0.0,4407
2026-09-30T12:42Z,2026-09-30T18:00Z,5.3,Uttarkashi,0.0,4403
2026-09-30T12:42Z,2026-09-30T19:00Z,6.3,Uttarkashi,0.0,4388
2026-09-30T12:42Z,2026-09-30T20:00Z,7.3,Uttarkashi,0.0,4375
2026-09-30T12:42Z,2026-09-30T10:00Z,-2.7,Joshimath,0.0,4410
2026-09-30T12:42Z,2026-09-30T11:00Z,-1.7,Joshimath,0.0,4414
2026-09-30T12:42Z,2026-09-30T12:00Z,-0.7,Joshimath,0.0,4416
2026-09-30T12:42Z,2026-09-30T13:00Z,0.3,Joshimath,0.0,4428
2026-09-30T12:42Z,2026-09-30T14:00Z,1.3,Joshimath,0.0,4424
2026-09-30T12:42Z,2026-09-30T15:00Z,2.3,Joshimath,0.0,4450
2026-09-30T12:42Z,2026-09-30T16:00Z,3.3,Joshimath,0.0,4447
2026-09-30T12:42Z,2026-09-30T17:00Z,4.3,Joshimath,0.0,4435
2026-09-30T12:42Z,2026-09-30T18:00Z,5.3,Joshimath,0.0,4424
2026-09-30T12:42Z,2026-09-30T19:00Z,6.3,Joshimath,0.0,4405
2026-09-30T12:42Z,2026-09-30T20:00Z,7.3,Joshimath,0.0,4394
2026-09-30T12:42Z,2026-09-30T10:00Z,-2.7,Bhimtal,0.0,4469
2026-09-30T12:42Z,2026-09-30T11:00Z,-1.7,Bhimtal,0.0,4472
2026-09-30T12:42Z,2026-09-30T12:00Z,-0.7,Bhimtal,0.0,4487
2026-09-30T12:42Z,2026-09-30T13:00Z,0.3,Bhimtal,0.0,4516
2026-09-30T12:42Z,2026-09-30T14:00Z,1.3,Bhimtal,0.0,4539
2026-09-30T12:42Z,2026-09-30T15:00Z,2.3,Bhimtal,0.0,4559
2026-09-30T12:42Z,2026-09-30T16:00Z,3.3,Bhimtal,0.0,4580
2026-09-30T12:42Z,2026-09-30T17:00Z,4.3,Bhimtal,0.0,4588
2026-09-30T12:42Z,2026-09-30T18:00Z,5.3,Bhimtal,0.0,4602
2026-09-30T12:42Z,2026-09-30T19:00Z,6.3,Bhimtal,0.0,4587
2026-09-30T12:42Z,2026-09-30T20:00Z,7.3,Bhimtal,0.0,4562
2026-09-30T12:42Z,2026-09-30T10:00Z,-2.7,Pithoragarh,0.0,4500
2026-09-30T12:42Z,2026-09-30T11:00Z,-1.7,Pithoragarh,0.0,4512
2026-09-30T12:42Z,2026-09-30T12:00Z,-0.7,Pithoragarh,0.0,4524
2026-09-30T12:42Z,2026-09-30T13:00Z,0.3,Pithoragarh,0.0,4527
2026-09-30T12:42Z,2026-09-30T14:00Z,1.3,Pithoragarh,0.0,4503
2026-09-30T12:42Z,2026-09-30T15:00Z,2.3,Pithoragarh,0.0,4498
2026-09-30T12:42Z,2026-09-30T16:00Z,3.3,Pithoragarh,0.0,4498
2026-09-30T12:42Z,2026-09-30T17:00Z,4.3,Pithoragarh,0.0,4493
2026-09-30T12:42Z,2026-09-30T18:00Z,5.3,Pithoragarh,0.0,4486
2026-09-30T12:42Z,2026-09-30T19:00Z,6.3,Pithoragarh,0.0,4466
2026-09-30T12:42Z,2026-09-30T20:00Z,7.3,Pithoragarh,0.0,4439
2026-09-30T12:42Z,2026-09-30T10:00Z,-2.7,Jumla,0.4,4595
2026-09-30T12:42Z,2026-09-30T11:00Z,-1.7,Jumla,0.1,4719
2026-09-30T12:42Z,2026-09-30T12:00Z,-0.7,Jumla,0.0,4701
2026-09-30T12:42Z,2026-09-30T13:00Z,0.3,Jumla,0.0,4685
2026-09-30T12:42Z,2026-09-30T14:00Z,1.3,Jumla,0.0,4686
2026-09-30T12:42Z,2026-09-30T15:00Z,2.3,Jumla,0.0,4696
2026-09-30T12:42Z,2026-09-30T16:00Z,3.3,Jumla,0.0,4692
2026-09-30T12:42Z,2026-09-30T17:00Z,4.3,Jumla,0.0,4672
2026-09-30T12:42Z,2026-09-30T18:00Z,5.3,Jumla,0.0,4639
2026-09-30T12:42Z,2026-09-30T19:00Z,6.3,Jumla,0.0,4589
2026-09-30T12:42Z,2026-09-30T20:00Z,7.3,Jumla,0.0,4551
2026-09-30T12:42Z,2026-09-30T10:00Z,-2.7,Jomsom,0.1,4913
2026-09-30T12:42Z,2026-09-30T11:00Z,-1.7,Jomsom,0.0,4920
2026-09-30T12:42Z,2026-09-30T12:00Z,-0.7,Jomsom,0.0,4921
2026-09-30T12:42Z,2026-09-30T13:00Z,0.3,Jomsom,0.0,4926
2026-09-30T12:42Z,2026-09-30T14:00Z,1.3,Jomsom,0.0,4938
2026-09-30T12:42Z,2026-09-30T15:00Z,2.3,Jomsom,0.0,4893
2026-09-30T12:42Z,2026-09-30T16:00Z,3.3,Jomsom,0.0,4881
2026-09-30T12:42Z,2026-09-30T17:00Z,4.3,Jomsom,0.0,4880
2026-09-30T12:42Z,2026-09-30T18:00Z,5.3,Jomsom,0.0,4871
2026-09-30T12:42Z,2026-09-30T19:00Z,6.3,Jomsom,0.0,4816
2026-09-30T12:42Z,2026-09-30T20:00Z,7.3,Jomsom,0.0,4831
2026-09-30T12:42Z,2026-09-30T10:00Z,-2.7,Pokhara,0.0,4980
2026-09-30T12:42Z,2026-09-30T11:00Z,-1.7,Pokhara,0.0,5028
2026-09-30T12:42Z,2026-09-30T12:00Z,-0.7,Pokhara,0.0,5058
2026-09-30T12:42Z,2026-09-30T13:00Z,0.3,Pokhara,0.0,5124
2026-09-30T12:42Z,2026-09-30T14:00Z,1.3,Pokhara,0.0,5115
2026-09-30T12:42Z,2026-09-30T15:00Z,2.3,Pokhara,0.0,4948
2026-09-30T12:42Z,2026-09-30T16:00Z,3.3,Pokhara,0.0,4966
2026-09-30T12:42Z,2026-09-30T17:00Z,4.3,Pokhara,0.0,5039
2026-09-30T12:42Z,2026-09-30T18:00Z,5.3,Pokhara,0.0,5029
2026-09-30T12:42Z,2026-09-30T19:00Z,6.3,Pokhara,0.0,4870
2026-09-30T12:42Z,2026-09-30T20:00Z,7.3,Pokhara,0.0,5037
2026-09-30T12:42Z,2026-09-30T10:00Z,-2.7,Kathmandu,0.4,5058
2026-09-30T12:42Z,2026-09-30T11:00Z,-1.7,Kathmandu,0.2,5072
2026-09-30T12:42Z,2026-09-30T12:00Z,-0.7,Kathmandu,0.0,5104
2026-09-30T12:42Z,2026-09-30T13:00Z,0.3,Kathmandu,0.0,5148
2026-09-30T12:42Z,2026-09-30T14:00Z,1.3,Kathmandu,0.0,5185
2026-09-30T12:42Z,2026-09-30T15:00Z,2.3,Kathmandu,0.0,5194
2026-09-30T12:42Z,2026-09-30T16:00Z,3.3,Kathmandu,0.0,5197
2026-09-30T12:42Z,2026-09-30T17:00Z,4.3,Kathmandu,0.0,5187
2026-09-30T12:42Z,2026-09-30T18:00Z,5.3,Kathmandu,0.0,5167
2026-09-30T12:42Z,2026-09-30T19:00Z,6.3,Kathmandu,0.0,5143
2026-09-30T12:42Z,2026-09-30T20:00Z,7.3,Kathmandu,0.0,5110
2026-09-30T12:42Z,2026-09-30T10:00Z,-2.7,Namche Bazaar,0.2,5132
2026-09-30T12:42Z,2026-09-30T11:00Z,-1.7,Namche Bazaar,0.0,5163
2026-09-30T12:42Z,2026-09-30T12:00Z,-0.7,Namche Bazaar,0.0,5145
2026-09-30T12:42Z,2026-09-30T13:00Z,0.3,Namche Bazaar,0.0,5158
2026-09-30T12:42Z,2026-09-30T14:00Z,1.3,Namche Bazaar,0.0,5164
2026-09-30T12:42Z,2026-09-30T15:00Z,2.3,Namche Bazaar,0.0,5157
2026-09-30T12:42Z,2026-09-30T16:00Z,3.3,Namche Bazaar,0.0,5135
2026-09-30T12:42Z,2026-09-30T17:00Z,4.3,Namche Bazaar,0.0,5105
2026-09-30T12:42Z,2026-09-30T18:00Z,5.3,Namche Bazaar,0.0,4996
2026-09-30T12:42Z,2026-09-30T19:00Z,6.3,Namche Bazaar,0.0,5023
2026-09-30T12:42Z,2026-09-30T20:00Z,7.3,Namche Bazaar,0.0,5019
2026-09-30T12:42Z,2026-09-30T10:00Z,-2.7,Darjeeling,0.0,5049
2026-09-30T12:42Z,2026-09-30T11:00Z,-1.7,Darjeeling,0.1,5079
2026-09-30T12:42Z,2026-09-30T12:00Z,-0.7,Darjeeling,0.0,5110
2026-09-30T12:42Z,2026-09-30T13:00Z,0.3,Darjeeling,0.0,5111
2026-09-30T12:42Z,2026-09-30T14:00Z,1.3,Darjeeling,0.0,5116
2026-09-30T12:42Z,2026-09-30T15:00Z,2.3,Darjeeling,0.0,5086
2026-09-30T12:42Z,2026-09-30T16:00Z,3.3,Darjeeling,0.0,5077
2026-09-30T12:42Z,2026-09-30T17:00Z,4.3,Darjeeling,0.0,5052
2026-09-30T12:42Z,2026-09-30T18:00Z,5.3,Darjeeling,0.0,5060
2026-09-30T12:42Z,2026-09-30T19:00Z,6.3,Darjeeling,0.0,5048
2026-09-30T12:42Z,2026-09-30T20:00Z,7.3,Darjeeling,0.1,5018
2026-09-30T12:42Z,2026-09-30T10:00Z,-2.7,Gangtok,0.0,5012
2026-09-30T12:42Z,2026-09-30T11:00Z,-1.7,Gangtok,0.1,5046
2026-09-30T12:42Z,2026-09-30T12:00Z,-0.7,Gangtok,0.1,5093
2026-09-30T12:42Z,2026-09-30T13:00Z,0.3,Gangtok,0.0,5075
2026-09-30T12:42Z,2026-09-30T14:00Z,1.3,Gangtok,0.0,5076
2026-09-30T12:42Z,2026-09-30T15:00Z,2.3,Gangtok,0.0,5027
2026-09-30T12:42Z,2026-09-30T16:00Z,3.3,Gangtok,0.0,5054
2026-09-30T12:42Z,2026-09-30T17:00Z,4.3,Gangtok,0.0,5055
2026-09-30T12:42Z,2026-09-30T18:00Z,5.3,Gangtok,0.0,5067
2026-09-30T12:42Z,2026-09-30T19:00Z,6.3,Gangtok,0.0,5031
2026-09-30T12:42Z,2026-09-30T20:00Z,7.3,Gangtok,0.2,4952
2026-09-30T12:42Z,2026-09-30T10:00Z,-2.7,Thimphu,0.0,5006
2026-09-30T12:42Z,2026-09-30T11:00Z,-1.7,Thimphu,0.0,5049
2026-09-30T12:42Z,2026-09-30T12:00Z,-0.7,Thimphu,0.0,5106
2026-09-30T12:42Z,2026-09-30T13:00Z,0.3,Thimphu,0.0,4999
2026-09-30T12:42Z,2026-09-30T14:00Z,1.3,Thimphu,0.0,4965
2026-09-30T12:42Z,2026-09-30T15:00Z,2.3,Thimphu,0.0,4975
2026-09-30T12:42Z,2026-09-30T16:00Z,3.3,Thimphu,0.0,4946
2026-09-30T12:42Z,2026-09-30T17:00Z,4.3,Thimphu,0.0,4920
2026-09-30T12:42Z,2026-09-30T18:00Z,5.3,Thimphu,0.0,4942
2026-09-30T12:42Z,2026-09-30T19:00Z,6.3,Thimphu,0.0,4988
2026-09-30T12:42Z,2026-09-30T20:00Z,7.3,Thimphu,0.0,5020
2026-09-30T12:42Z,2026-09-30T10:00Z,-2.7,Tawang,0.2,5061
2026-09-30T12:42Z,2026-09-30T11:00Z,-1.7,Tawang,0.1,5015
2026-09-30T12:42Z,2026-09-30T12:00Z,-0.7,Tawang,0.2,4928
2026-09-30T12:42Z,2026-09-30T13:00Z,0.3,Tawang,0.0,4917
2026-09-30T12:42Z,2026-09-30T14:00Z,1.3,Tawang,0.0,4922
2026-09-30T12:42Z,2026-09-30T15:00Z,2.3,Tawang,0.0,4908
2026-09-30T12:42Z,2026-09-30T16:00Z,3.3,Tawang,0.0,4895
2026-09-30T12:42Z,2026-09-30T17:00Z,4.3,Tawang,0.0,4904
2026-09-30T12:42Z,2026-09-30T18:00Z,5.3,Tawang,0.0,4911
2026-09-30T12:42Z,2026-09-30T19:00Z,6.3,Tawang,0.0,4866
2026-09-30T12:42Z,2026-09-30T20:00Z,7.3,Tawang,0.0,4807
2026-09-30T12:42Z,2026-09-30T10:00Z,-2.7,Lhasa,0.0,5634
2026-09-30T12:42Z,2026-09-30T11:00Z,-1.7,Lhasa,0.0,5647
2026-09-30T12:42Z,2026-09-30T12:00Z,-0.7,Lhasa,0.0,5641
2026-09-30T12:42Z,2026-09-30T13:00Z,0.3,Lhasa,0.0,5618
2026-09-30T12:42Z,2026-09-30T14:00Z,1.3,Lhasa,0.0,5596
2026-09-30T12:42Z,2026-09-30T15:00Z,2.3,Lhasa,0.0,5562
2026-09-30T12:42Z,2026-09-30T16:00Z,3.3,Lhasa,0.0,5532
2026-09-30T12:42Z,2026-09-30T17:00Z,4.3,Lhasa,0.0,5512
2026-09-30T12:42Z,2026-09-30T18:00Z,5.3,Lhasa,0.0,5491
2026-09-30T12:42Z,2026-09-30T19:00Z,6.3,Lhasa,0.0,5444
2026-09-30T12:42Z,2026-09-30T20:00Z,7.3,Lhasa,0.0,5383
2026-09-30T12:42Z,2026-09-30T10:00Z,-2.7,Shigatse,0.0,5520
2026-09-30T12:42Z,2026-09-30T11:00Z,-1.7,Shigatse,0.0,5549
2026-09-30T12:42Z,2026-09-30T12:00Z,-0.7,Shigatse,0.0,5548
2026-09-30T12:42Z,2026-09-30T13:00Z,0.3,Shigatse,0.0,5536
2026-09-30T12:42Z,2026-09-30T14:00Z,1.3,Shigatse,0.0,5521
2026-09-30T12:42Z,2026-09-30T15:00Z,2.3,Shigatse,0.0,5501
2026-09-30T12:42Z,2026-09-30T16:00Z,3.3,Shigatse,0.0,5484
2026-09-30T12:42Z,2026-09-30T17:00Z,4.3,Shigatse,0.0,5460
2026-09-30T12:42Z,2026-09-30T18:00Z,5.3,Shigatse,0.0,5435
2026-09-30T12:42Z,2026-09-30T19:00Z,6.3,Shigatse,0.0,5403
2026-09-30T12:42Z,2026-09-30T20:00Z,7.3,Shigatse,0.0,5364
2026-09-30T12:42Z,2026-09-30T10:00Z,-2.7,Itanagar,0.1,5066
2026-09-30T12:42Z,2026-09-30T11:00Z,-1.7,Itanagar,0.0,5028
2026-09-30T12:42Z,2026-09-30T12:00Z,-0.7,Itanagar,0.0,4918
2026-09-30T12:42Z,2026-09-30T13:00Z,0.3,Itanagar,0.1,4907
2026-09-30T12:42Z,2026-09-30T14:00Z,1.3,Itanagar,1.0,4935
2026-09-30T12:42Z,2026-09-30T15:00Z,2.3,Itanagar,1.4,4911
2026-09-30T12:42Z,2026-09-30T16:00Z,3.3,Itanagar,0.4,4894
2026-09-30T12:42Z,2026-09-30T17:00Z,4.3,Itanagar,0.4,4893
2026-09-30T12:42Z,2026-09-30T18:00Z,5.3,Itanagar,1.0,4862
2026-09-30T12:42Z,2026-09-30T19:00Z,6.3,Itanagar,0.5,4857
2026-09-30T12:42Z,2026-09-30T20:00Z,7.3,Itanagar,0.1,4829
2026-09-30T19:26Z,2026-09-30T17:00Z,-2.43,Gilgit,0.0,4189
2026-09-30T19:26Z,2026-09-30T18:00Z,-1.43,Gilgit,0.0,4177
2026-09-30T19:26Z,2026-09-30T19:00Z,-0.43,Gilgit,0.0,4149
2026-09-30T19:26Z,2026-09-30T20:00Z,0.57,Gilgit,0.0,4136
2026-09-30T19:26Z,2026-09-30T21:00Z,1.57,Gilgit,0.0,4098
2026-09-30T19:26Z,2026-09-30T22:00Z,2.57,Gilgit,0.0,4069
2026-09-30T19:26Z,2026-09-30T23:00Z,3.57,Gilgit,0.0,4033
2026-09-30T19:26Z,2026-10-01T00:00Z,4.57,Gilgit,0.0,4001
2026-09-30T19:26Z,2026-10-01T01:00Z,5.57,Gilgit,0.0,3974
2026-09-30T19:26Z,2026-10-01T02:00Z,6.57,Gilgit,0.0,3950
2026-09-30T19:26Z,2026-10-01T03:00Z,7.57,Gilgit,0.0,3947
2026-09-30T19:26Z,2026-09-30T17:00Z,-2.43,Skardu,0.0,4315
2026-09-30T19:26Z,2026-09-30T18:00Z,-1.43,Skardu,0.0,4219
2026-09-30T19:26Z,2026-09-30T19:00Z,-0.43,Skardu,0.0,4226
2026-09-30T19:26Z,2026-09-30T20:00Z,0.57,Skardu,0.0,4169
2026-09-30T19:26Z,2026-09-30T21:00Z,1.57,Skardu,0.0,4158
2026-09-30T19:26Z,2026-09-30T22:00Z,2.57,Skardu,0.0,4130
2026-09-30T19:26Z,2026-09-30T23:00Z,3.57,Skardu,0.0,4092
2026-09-30T19:26Z,2026-10-01T00:00Z,4.57,Skardu,0.0,4076
2026-09-30T19:26Z,2026-10-01T01:00Z,5.57,Skardu,0.0,4027
2026-09-30T19:26Z,2026-10-01T02:00Z,6.57,Skardu,0.0,4048
2026-09-30T19:26Z,2026-10-01T03:00Z,7.57,Skardu,0.0,4152
2026-09-30T19:26Z,2026-09-30T17:00Z,-2.43,Srinagar,0.0,4144
2026-09-30T19:26Z,2026-09-30T18:00Z,-1.43,Srinagar,0.0,4135
2026-09-30T19:26Z,2026-09-30T19:00Z,-0.43,Srinagar,0.0,4112
2026-09-30T19:26Z,2026-09-30T20:00Z,0.57,Srinagar,0.0,4086
2026-09-30T19:26Z,2026-09-30T21:00Z,1.57,Srinagar,0.0,4071
2026-09-30T19:26Z,2026-09-30T22:00Z,2.57,Srinagar,0.0,4060
2026-09-30T19:26Z,2026-09-30T23:00Z,3.57,Srinagar,0.0,4051
2026-09-30T19:26Z,2026-10-01T00:00Z,4.57,Srinagar,0.0,4047
2026-09-30T19:26Z,2026-10-01T01:00Z,5.57,Srinagar,0.0,4069
2026-09-30T19:26Z,2026-10-01T02:00Z,6.57,Srinagar,0.0,4114
2026-09-30T19:26Z,2026-10-01T03:00Z,7.57,Srinagar,0.0,4156
2026-09-30T19:26Z,2026-09-30T17:00Z,-2.43,Leh,0.0,4527
2026-09-30T19:26Z,2026-09-30T18:00Z,-1.43,Leh,0.0,4494
2026-09-30T19:26Z,2026-09-30T19:00Z,-0.43,Leh,0.0,4460
2026-09-30T19:26Z,2026-09-30T20:00Z,0.57,Leh,0.0,4419
2026-09-30T19:26Z,2026-09-30T21:00Z,1.57,Leh,0.0,4366
2026-09-30T19:26Z,2026-09-30T22:00Z,2.57,Leh,0.0,4315
2026-09-30T19:26Z,2026-09-30T23:00Z,3.57,Leh,0.0,4270
2026-09-30T19:26Z,2026-10-01T00:00Z,4.57,Leh,0.0,4221
2026-09-30T19:26Z,2026-10-01T01:00Z,5.57,Leh,0.0,4185
2026-09-30T19:26Z,2026-10-01T02:00Z,6.57,Leh,0.0,4168
2026-09-30T19:26Z,2026-10-01T03:00Z,7.57,Leh,0.0,4212
2026-09-30T19:26Z,2026-09-30T17:00Z,-2.43,Jammu,0.0,4270
2026-09-30T19:26Z,2026-09-30T18:00Z,-1.43,Jammu,0.0,4256
2026-09-30T19:26Z,2026-09-30T19:00Z,-0.43,Jammu,0.0,4251
2026-09-30T19:26Z,2026-09-30T20:00Z,0.57,Jammu,0.0,4259
2026-09-30T19:26Z,2026-09-30T21:00Z,1.57,Jammu,0.0,4251
2026-09-30T19:26Z,2026-09-30T22:00Z,2.57,Jammu,0.0,4270
2026-09-30T19:26Z,2026-09-30T23:00Z,3.57,Jammu,0.0,4285
2026-09-30T19:26Z,2026-10-01T00:00Z,4.57,Jammu,0.0,4291
2026-09-30T19:26Z,2026-10-01T01:00Z,5.57,Jammu,0.0,4321
2026-09-30T19:26Z,2026-10-01T02:00Z,6.57,Jammu,0.0,4342
2026-09-30T19:26Z,2026-10-01T03:00Z,7.57,Jammu,0.0,4377
2026-09-30T19:26Z,2026-09-30T17:00Z,-2.43,Dharamshala,0.0,4228
2026-09-30T19:26Z,2026-09-30T18:00Z,-1.43,Dharamshala,0.0,4215
2026-09-30T19:26Z,2026-09-30T19:00Z,-0.43,Dharamshala,0.0,4206
2026-09-30T19:26Z,2026-09-30T20:00Z,0.57,Dharamshala,0.0,4210
2026-09-30T19:26Z,2026-09-30T21:00Z,1.57,Dharamshala,0.0,4214
2026-09-30T19:26Z,2026-09-30T22:00Z,2.57,Dharamshala,0.0,4227
2026-09-30T19:26Z,2026-09-30T23:00Z,3.57,Dharamshala,0.0,4232
2026-09-30T19:26Z,2026-10-01T00:00Z,4.57,Dharamshala,0.0,4239
2026-09-30T19:26Z,2026-10-01T01:00Z,5.57,Dharamshala,0.0,4254
2026-09-30T19:26Z,2026-10-01T02:00Z,6.57,Dharamshala,0.0,4264
2026-09-30T19:26Z,2026-10-01T03:00Z,7.57,Dharamshala,0.0,4278
2026-09-30T19:26Z,2026-09-30T17:00Z,-2.43,Manali,0.0,4296
2026-09-30T19:26Z,2026-09-30T18:00Z,-1.43,Manali,0.0,4286
2026-09-30T19:26Z,2026-09-30T19:00Z,-0.43,Manali,0.0,4264
2026-09-30T19:26Z,2026-09-30T20:00Z,0.57,Manali,0.0,4251
2026-09-30T19:26Z,2026-09-30T21:00Z,1.57,Manali,0.0,4249
2026-09-30T19:26Z,2026-09-30T22:00Z,2.57,Manali,0.0,4244
2026-09-30T19:26Z,2026-09-30T23:00Z,3.57,Manali,0.0,4248
2026-09-30T19:26Z,2026-10-01T00:00Z,4.57,Manali,0.0,4254
2026-09-30T19:26Z,2026-10-01T01:00Z,5.57,Manali,0.0,4262
2026-09-30T19:26Z,2026-10-01T02:00Z,6.57,Manali,0.0,4275
2026-09-30T19:26Z,2026-10-01T03:00Z,7.57,Manali,0.0,4311
2026-09-30T19:26Z,2026-09-30T17:00Z,-2.43,Kaza,0.0,4566
2026-09-30T19:26Z,2026-09-30T18:00Z,-1.43,Kaza,0.0,4531
2026-09-30T19:26Z,2026-09-30T19:00Z,-0.43,Kaza,0.0,4504
2026-09-30T19:26Z,2026-09-30T20:00Z,0.57,Kaza,0.0,4475
2026-09-30T19:26Z,2026-09-30T21:00Z,1.57,Kaza,0.0,4449
2026-09-30T19:26Z,2026-09-30T22:00Z,2.57,Kaza,0.0,4423
2026-09-30T19:26Z,2026-09-30T23:00Z,3.57,Kaza,0.0,4401
2026-09-30T19:26Z,2026-10-01T00:00Z,4.57,Kaza,0.0,4377
2026-09-30T19:26Z,2026-10-01T01:00Z,5.57,Kaza,0.0,4364
2026-09-30T19:26Z,2026-10-01T02:00Z,6.57,Kaza,0.0,4383
2026-09-30T19:26Z,2026-10-01T03:00Z,7.57,Kaza,0.0,4494
2026-09-30T19:26Z,2026-09-30T17:00Z,-2.43,Shimla,0.0,4327
2026-09-30T19:26Z,2026-09-30T18:00Z,-1.43,Shimla,0.0,4312
2026-09-30T19:26Z,2026-09-30T19:00Z,-0.43,Shimla,0.0,4298
2026-09-30T19:26Z,2026-09-30T20:00Z,0.57,Shimla,0.0,4275
2026-09-30T19:26Z,2026-09-30T21:00Z,1.57,Shimla,0.0,4265
2026-09-30T19:26Z,2026-09-30T22:00Z,2.57,Shimla,0.0,4264
2026-09-30T19:26Z,2026-09-30T23:00Z,3.57,Shimla,0.0,4261
2026-09-30T19:26Z,2026-10-01T00:00Z,4.57,Shimla,0.0,4268
2026-09-30T19:26Z,2026-10-01T01:00Z,5.57,Shimla,0.0,4277
2026-09-30T19:26Z,2026-10-01T02:00Z,6.57,Shimla,0.0,4283
2026-09-30T19:26Z,2026-10-01T03:00Z,7.57,Shimla,0.0,4302
2026-09-30T19:26Z,2026-09-30T17:00Z,-2.43,Dehradun,0.0,4400
2026-09-30T19:26Z,2026-09-30T18:00Z,-1.43,Dehradun,0.0,4402
2026-09-30T19:26Z,2026-09-30T19:00Z,-0.43,Dehradun,0.0,4397
2026-09-30T19:26Z,2026-09-30T20:00Z,0.57,Dehradun,0.0,4393
2026-09-30T19:26Z,2026-09-30T21:00Z,1.57,Dehradun,0.0,4378
2026-09-30T19:26Z,2026-09-30T22:00Z,2.57,Dehradun,0.0,4358
2026-09-30T19:26Z,2026-09-30T23:00Z,3.57,Dehradun,0.0,4357
2026-09-30T19:26Z,2026-10-01T00:00Z,4.57,Dehradun,0.0,4362
2026-09-30T19:26Z,2026-10-01T01:00Z,5.57,Dehradun,0.0,4362
2026-09-30T19:26Z,2026-10-01T02:00Z,6.57,Dehradun,0.0,4362
2026-09-30T19:26Z,2026-10-01T03:00Z,7.57,Dehradun,0.0,4380
2026-09-30T19:26Z,2026-09-30T17:00Z,-2.43,Uttarkashi,0.0,4392
2026-09-30T19:26Z,2026-09-30T18:00Z,-1.43,Uttarkashi,0.0,4384
2026-09-30T19:26Z,2026-09-30T19:00Z,-0.43,Uttarkashi,0.0,4377
2026-09-30T19:26Z,2026-09-30T20:00Z,0.57,Uttarkashi,0.0,4374
2026-09-30T19:26Z,2026-09-30T21:00Z,1.57,Uttarkashi,0.0,4362
2026-09-30T19:26Z,2026-09-30T22:00Z,2.57,Uttarkashi,0.0,4353
2026-09-30T19:26Z,2026-09-30T23:00Z,3.57,Uttarkashi,0.0,4342
2026-09-30T19:26Z,2026-10-01T00:00Z,4.57,Uttarkashi,0.0,4335
2026-09-30T19:26Z,2026-10-01T01:00Z,5.57,Uttarkashi,0.0,4330
2026-09-30T19:26Z,2026-10-01T02:00Z,6.57,Uttarkashi,0.0,4332
2026-09-30T19:26Z,2026-10-01T03:00Z,7.57,Uttarkashi,0.0,4334
2026-09-30T19:26Z,2026-09-30T17:00Z,-2.43,Joshimath,0.0,4427
2026-09-30T19:26Z,2026-09-30T18:00Z,-1.43,Joshimath,0.0,4408
2026-09-30T19:26Z,2026-09-30T19:00Z,-0.43,Joshimath,0.0,4388
2026-09-30T19:26Z,2026-09-30T20:00Z,0.57,Joshimath,0.0,4376
2026-09-30T19:26Z,2026-09-30T21:00Z,1.57,Joshimath,0.0,4364
2026-09-30T19:26Z,2026-09-30T22:00Z,2.57,Joshimath,0.0,4337
2026-09-30T19:26Z,2026-09-30T23:00Z,3.57,Joshimath,0.0,4312
2026-09-30T19:26Z,2026-10-01T00:00Z,4.57,Joshimath,0.0,4296
2026-09-30T19:26Z,2026-10-01T01:00Z,5.57,Joshimath,0.0,4298
2026-09-30T19:26Z,2026-10-01T02:00Z,6.57,Joshimath,0.0,4303
2026-09-30T19:26Z,2026-10-01T03:00Z,7.57,Joshimath,0.0,4319
2026-09-30T19:26Z,2026-09-30T17:00Z,-2.43,Bhimtal,0.0,4600
2026-09-30T19:26Z,2026-09-30T18:00Z,-1.43,Bhimtal,0.0,4609
2026-09-30T19:26Z,2026-09-30T19:00Z,-0.43,Bhimtal,0.0,4604
2026-09-30T19:26Z,2026-09-30T20:00Z,0.57,Bhimtal,0.0,4584
2026-09-30T19:26Z,2026-09-30T21:00Z,1.57,Bhimtal,0.0,4554
2026-09-30T19:26Z,2026-09-30T22:00Z,2.57,Bhimtal,0.0,4523
2026-09-30T19:26Z,2026-09-30T23:00Z,3.57,Bhimtal,0.0,4504
2026-09-30T19:26Z,2026-10-01T00:00Z,4.57,Bhimtal,0.0,4494
2026-09-30T19:26Z,2026-10-01T01:00Z,5.57,Bhimtal,0.0,4486
2026-09-30T19:26Z,2026-10-01T02:00Z,6.57,Bhimtal,0.0,4495
2026-09-30T19:26Z,2026-10-01T03:00Z,7.57,Bhimtal,0.0,4521
2026-09-30T19:26Z,2026-09-30T17:00Z,-2.43,Pithoragarh,0.0,4533
2026-09-30T19:26Z,2026-09-30T18:00Z,-1.43,Pithoragarh,0.0,4504
2026-09-30T19:26Z,2026-09-30T19:00Z,-0.43,Pithoragarh,0.0,4499
2026-09-30T19:26Z,2026-09-30T20:00Z,0.57,Pithoragarh,0.0,4479
2026-09-30T19:26Z,2026-09-30T21:00Z,1.57,Pithoragarh,0.0,4437
2026-09-30T19:26Z,2026-09-30T22:00Z,2.57,Pithoragarh,0.0,4409
2026-09-30T19:26Z,2026-09-30T23:00Z,3.57,Pithoragarh,0.0,4391
2026-09-30T19:26Z,2026-10-01T00:00Z,4.57,Pithoragarh,0.0,4378
2026-09-30T19:26Z,2026-10-01T01:00Z,5.57,Pithoragarh,0.0,4380
2026-09-30T19:26Z,2026-10-01T02:00Z,6.57,Pithoragarh,0.0,4360
2026-09-30T19:26Z,2026-10-01T03:00Z,7.57,Pithoragarh,0.0,4397
2026-09-30T19:26Z,2026-09-30T17:00Z,-2.43,Jumla,0.0,4713
2026-09-30T19:26Z,2026-09-30T18:00Z,-1.43,Jumla,0.0,4687
2026-09-30T19:26Z,2026-09-30T19:00Z,-0.43,Jumla,0.0,4669
2026-09-30T19:26Z,2026-09-30T20:00Z,0.57,Jumla,0.0,4647
2026-09-30T19:26Z,2026-09-30T21:00Z,1.57,Jumla,0.0,4643
2026-09-30T19:26Z,2026-09-30T22:00Z,2.57,Jumla,0.0,4630
2026-09-30T19:26Z,2026-09-30T23:00Z,3.57,Jumla,0.0,4627
2026-09-30T19:26Z,2026-10-01T00:00Z,4.57,Jumla,0.0,4619
2026-09-30T19:26Z,2026-10-01T01:00Z,5.57,Jumla,0.0,4638
2026-09-30T19:26Z,2026-10-01T02:00Z,6.57,Jumla,0.0,4660
2026-09-30T19:26Z,2026-10-01T03:00Z,7.57,Jumla,0.0,4750
2026-09-30T19:26Z,2026-09-30T17:00Z,-2.43,Jomsom,0.0,4851
2026-09-30T19:26Z,2026-09-30T18:00Z,-1.43,Jomsom,0.0,4850
2026-09-30T19:26Z,2026-09-30T19:00Z,-0.43,Jomsom,0.0,4891
2026-09-30T19:26Z,2026-09-30T20:00Z,0.57,Jomsom,0.0,4875
2026-09-30T19:26Z,2026-09-30T21:00Z,1.57,Jomsom,0.0,4863
2026-09-30T19:26Z,2026-09-30T22:00Z,2.57,Jomsom,0.0,4851
2026-09-30T19:26Z,2026-09-30T23:00Z,3.57,Jomsom,0.0,4836
2026-09-30T19:26Z,2026-10-01T00:00Z,4.57,Jomsom,0.0,4822
2026-09-30T19:26Z,2026-10-01T01:00Z,5.57,Jomsom,0.0,4829
2026-09-30T19:26Z,2026-10-01T02:00Z,6.57,Jomsom,0.0,4864
2026-09-30T19:26Z,2026-10-01T03:00Z,7.57,Jomsom,0.0,4882
2026-09-30T19:26Z,2026-09-30T17:00Z,-2.43,Pokhara,0.0,4934
2026-09-30T19:26Z,2026-09-30T18:00Z,-1.43,Pokhara,0.0,4934
2026-09-30T19:26Z,2026-09-30T19:00Z,-0.43,Pokhara,0.0,5167
2026-09-30T19:26Z,2026-09-30T20:00Z,0.57,Pokhara,0.0,5138
2026-09-30T19:26Z,2026-09-30T21:00Z,1.57,Pokhara,0.0,5128
2026-09-30T19:26Z,2026-09-30T22:00Z,2.57,Pokhara,0.0,5117
2026-09-30T19:26Z,2026-09-30T23:00Z,3.57,Pokhara,0.0,5098
2026-09-30T19:26Z,2026-10-01T00:00Z,4.57,Pokhara,0.0,5060
2026-09-30T19:26Z,2026-10-01T01:00Z,5.57,Pokhara,0.0,5051
2026-09-30T19:26Z,2026-10-01T02:00Z,6.57,Pokhara,0.0,5042
2026-09-30T19:26Z,2026-10-01T03:00Z,7.57,Pokhara,0.0,5051
2026-09-30T19:26Z,2026-09-30T17:00Z,-2.43,Kathmandu,0.1,5176
2026-09-30T19:26Z,2026-09-30T18:00Z,-1.43,Kathmandu,0.1,5163
2026-09-30T19:26Z,2026-09-30T19:00Z,-0.43,Kathmandu,0.1,5153
2026-09-30T19:26Z,2026-09-30T20:00Z,0.57,Kathmandu,0.0,5129
2026-09-30T19:26Z,2026-09-30T21:00Z,1.57,Kathmandu,0.0,5116
2026-09-30T19:26Z,2026-09-30T22:00Z,2.57,Kathmandu,0.0,5115
2026-09-30T19:26Z,2026-09-30T23:00Z,3.57,Kathmandu,0.0,5110
2026-09-30T19:26Z,2026-10-01T00:00Z,4.57,Kathmandu,0.0,5097
2026-09-30T19:26Z,2026-10-01T01:00Z,5.57,Kathmandu,0.0,5082
2026-09-30T19:26Z,2026-10-01T02:00Z,6.57,Kathmandu,0.1,5073
2026-09-30T19:26Z,2026-10-01T03:00Z,7.57,Kathmandu,0.1,5072
2026-09-30T19:26Z,2026-09-30T17:00Z,-2.43,Namche Bazaar,0.0,5075
2026-09-30T19:26Z,2026-09-30T18:00Z,-1.43,Namche Bazaar,0.0,5072
2026-09-30T19:26Z,2026-09-30T19:00Z,-0.43,Namche Bazaar,0.0,5053
2026-09-30T19:26Z,2026-09-30T20:00Z,0.57,Namche Bazaar,0.0,5134
2026-09-30T19:26Z,2026-09-30T21:00Z,1.57,Namche Bazaar,0.0,5146
2026-09-30T19:26Z,2026-09-30T22:00Z,2.57,Namche Bazaar,0.0,5150
2026-09-30T19:26Z,2026-09-30T23:00Z,3.57,Namche Bazaar,0.0,5133
2026-09-30T19:26Z,2026-10-01T00:00Z,4.57,Namche Bazaar,0.0,5117
2026-09-30T19:26Z,2026-10-01T01:00Z,5.57,Namche Bazaar,0.0,5122
2026-09-30T19:26Z,2026-10-01T02:00Z,6.57,Namche Bazaar,0.0,5115
2026-09-30T19:26Z,2026-10-01T03:00Z,7.57,Namche Bazaar,0.0,5141
2026-09-30T19:26Z,2026-09-30T17:00Z,-2.43,Darjeeling,0.0,5126
2026-09-30T19:26Z,2026-09-30T18:00Z,-1.43,Darjeeling,0.0,5073
2026-09-30T19:26Z,2026-09-30T19:00Z,-0.43,Darjeeling,0.0,5061
2026-09-30T19:26Z,2026-09-30T20:00Z,0.57,Darjeeling,0.0,5086
2026-09-30T19:26Z,2026-09-30T21:00Z,1.57,Darjeeling,0.0,5169
2026-09-30T19:26Z,2026-09-30T22:00Z,2.57,Darjeeling,0.0,5231
2026-09-30T19:26Z,2026-09-30T23:00Z,3.57,Darjeeling,0.0,5238
2026-09-30T19:26Z,2026-10-01T00:00Z,4.57,Darjeeling,0.0,5243
2026-09-30T19:26Z,2026-10-01T01:00Z,5.57,Darjeeling,0.0,5234
2026-09-30T19:26Z,2026-10-01T02:00Z,6.57,Darjeeling,0.0,5240
2026-09-30T19:26Z,2026-10-01T03:00Z,7.57,Darjeeling,0.0,5250
2026-09-30T19:26Z,2026-09-30T17:00Z,-2.43,Gangtok,0.0,5116
2026-09-30T19:26Z,2026-09-30T18:00Z,-1.43,Gangtok,0.0,5037
2026-09-30T19:26Z,2026-09-30T19:00Z,-0.43,Gangtok,0.0,5004
2026-09-30T19:26Z,2026-09-30T20:00Z,0.57,Gangtok,0.0,5016
2026-09-30T19:26Z,2026-09-30T21:00Z,1.57,Gangtok,0.0,5094
2026-09-30T19:26Z,2026-09-30T22:00Z,2.57,Gangtok,0.0,5188
2026-09-30T19:26Z,2026-09-30T23:00Z,3.57,Gangtok,0.0,5207
2026-09-30T19:26Z,2026-10-01T00:00Z,4.57,Gangtok,0.0,5234
2026-09-30T19:26Z,2026-10-01T01:00Z,5.57,Gangtok,0.0,5238
2026-09-30T19:26Z,2026-10-01T02:00Z,6.57,Gangtok,0.0,5250
2026-09-30T19:26Z,2026-10-01T03:00Z,7.57,Gangtok,0.0,5266
2026-09-30T19:26Z,2026-09-30T17:00Z,-2.43,Thimphu,0.0,5070
2026-09-30T19:26Z,2026-09-30T18:00Z,-1.43,Thimphu,0.0,5025
2026-09-30T19:26Z,2026-09-30T19:00Z,-0.43,Thimphu,0.0,4950
2026-09-30T19:26Z,2026-09-30T20:00Z,0.57,Thimphu,0.0,4991
2026-09-30T19:26Z,2026-09-30T21:00Z,1.57,Thimphu,0.0,5010
2026-09-30T19:26Z,2026-09-30T22:00Z,2.57,Thimphu,0.0,5183
2026-09-30T19:26Z,2026-09-30T23:00Z,3.57,Thimphu,0.0,5165
2026-09-30T19:26Z,2026-10-01T00:00Z,4.57,Thimphu,0.0,5173
2026-09-30T19:26Z,2026-10-01T01:00Z,5.57,Thimphu,0.0,4995
2026-09-30T19:26Z,2026-10-01T02:00Z,6.57,Thimphu,0.0,5052
2026-09-30T19:26Z,2026-10-01T03:00Z,7.57,Thimphu,0.1,5025
2026-09-30T19:26Z,2026-09-30T17:00Z,-2.43,Tawang,0.0,4894
2026-09-30T19:26Z,2026-09-30T18:00Z,-1.43,Tawang,0.0,4896
2026-09-30T19:26Z,2026-09-30T19:00Z,-0.43,Tawang,0.1,4875
2026-09-30T19:26Z,2026-09-30T20:00Z,0.57,Tawang,0.2,4870
2026-09-30T19:26Z,2026-09-30T21:00Z,1.57,Tawang,0.0,4794
2026-09-30T19:26Z,2026-09-30T22:00Z,2.57,Tawang,0.0,4846
2026-09-30T19:26Z,2026-09-30T23:00Z,3.57,Tawang,0.0,4897
2026-09-30T19:26Z,2026-10-01T00:00Z,4.57,Tawang,0.0,4856
2026-09-30T19:26Z,2026-10-01T01:00Z,5.57,Tawang,0.0,4904
2026-09-30T19:26Z,2026-10-01T02:00Z,6.57,Tawang,0.0,4914
2026-09-30T19:26Z,2026-10-01T03:00Z,7.57,Tawang,0.0,4903
2026-09-30T19:26Z,2026-09-30T17:00Z,-2.43,Lhasa,0.0,5524
2026-09-30T19:26Z,2026-09-30T18:00Z,-1.43,Lhasa,0.0,5490
2026-09-30T19:26Z,2026-09-30T19:00Z,-0.43,Lhasa,0.0,5441
2026-09-30T19:26Z,2026-09-30T20:00Z,0.57,Lhasa,0.0,5398
2026-09-30T19:26Z,2026-09-30T21:00Z,1.57,Lhasa,0.0,5359
2026-09-30T19:26Z,2026-09-30T22:00Z,2.57,Lhasa,0.0,5310
2026-09-30T19:26Z,2026-09-30T23:00Z,3.57,Lhasa,0.0,5264
2026-09-30T19:26Z,2026-10-01T00:00Z,4.57,Lhasa,0.0,5224
2026-09-30T19:26Z,2026-10-01T01:00Z,5.57,Lhasa,0.0,5197
2026-09-30T19:26Z,2026-10-01T02:00Z,6.57,Lhasa,0.0,5195
2026-09-30T19:26Z,2026-10-01T03:00Z,7.57,Lhasa,0.0,5198
2026-09-30T19:26Z,2026-09-30T17:00Z,-2.43,Shigatse,0.0,5464
2026-09-30T19:26Z,2026-09-30T18:00Z,-1.43,Shigatse,0.0,5439
2026-09-30T19:26Z,2026-09-30T19:00Z,-0.43,Shigatse,0.0,5403
2026-09-30T19:26Z,2026-09-30T20:00Z,0.57,Shigatse,0.0,5367
2026-09-30T19:26Z,2026-09-30T21:00Z,1.57,Shigatse,0.0,5326
2026-09-30T19:26Z,2026-09-30T22:00Z,2.57,Shigatse,0.0,5284
2026-09-30T19:26Z,2026-09-30T23:00Z,3.57,Shigatse,0.0,5244
2026-09-30T19:26Z,2026-10-01T00:00Z,4.57,Shigatse,0.0,5211
2026-09-30T19:26Z,2026-10-01T01:00Z,5.57,Shigatse,0.0,5194
2026-09-30T19:26Z,2026-10-01T02:00Z,6.57,Shigatse,0.0,5184
2026-09-30T19:26Z,2026-10-01T03:00Z,7.57,Shigatse,0.0,5192
2026-09-30T19:26Z,2026-09-30T17:00Z,-2.43,Itanagar,1.8,4933
2026-09-30T19:26Z,2026-09-30T18:00Z,-1.43,Itanagar,1.4,4892
2026-09-30T19:26Z,2026-09-30T19:00Z,-0.43,Itanagar,0.8,4893
2026-09-30T19:26Z,2026-09-30T20:00Z,0.57,Itanagar,0.4,4861
2026-09-30T19:26Z,2026-09-30T21:00Z,1.57,Itanagar,0.5,4849
2026-09-30T19:26Z,2026-09-30T22:00Z,2.57,Itanagar,0.3,4829
2026-09-30T19:26Z,2026-09-30T23:00Z,3.57,Itanagar,0.9,4841
2026-09-30T19:26Z,2026-10-01T00:00Z,4.57,Itanagar,0.6,4881
2026-09-30T19:26Z,2026-10-01T01:00Z,5.57,Itanagar,0.8,4867
2026-09-30T19:26Z,2026-10-01T02:00Z,6.57,Itanagar,0.3,4894
2026-09-30T19:26Z,2026-10-01T03:00Z,7.57,Itanagar,0.2,4880
2026-09-30T23:55Z,2026-09-30T21:00Z,-2.92,Gilgit,0.0,4103
2026-09-30T23:55Z,2026-09-30T22:00Z,-1.92,Gilgit,0.0,4076
2026-09-30T23:55Z,2026-09-30T23:00Z,-0.92,Gilgit,0.0,4043
2026-09-30T23:55Z,2026-10-01T00:00Z,0.08,Gilgit,0.0,4012
2026-09-30T23:55Z,2026-10-01T01:00Z,1.08,Gilgit,0.0,3983
2026-09-30T23:55Z,2026-10-01T02:00Z,2.08,Gilgit,0.0,3960
2026-09-30T23:55Z,2026-10-01T03:00Z,3.08,Gilgit,0.0,3947
2026-09-30T23:55Z,2026-10-01T04:00Z,4.08,Gilgit,0.0,3963
2026-09-30T23:55Z,2026-10-01T05:00Z,5.08,Gilgit,0.0,3872
2026-09-30T23:55Z,2026-10-01T06:00Z,6.08,Gilgit,0.1,4022
2026-09-30T23:55Z,2026-10-01T07:00Z,7.08,Gilgit,0.1,4044
2026-09-30T23:55Z,2026-09-30T21:00Z,-2.92,Skardu,0.0,4146
2026-09-30T23:55Z,2026-09-30T22:00Z,-1.92,Skardu,0.0,4100
2026-09-30T23:55Z,2026-09-30T23:00Z,-0.92,Skardu,0.0,4091
2026-09-30T23:55Z,2026-10-01T00:00Z,0.08,Skardu,0.0,4070
2026-09-30T23:55Z,2026-10-01T01:00Z,1.08,Skardu,0.0,4061
2026-09-30T23:55Z,2026-10-01T02:00Z,2.08,Skardu,0.0,4037
2026-09-30T23:55Z,2026-10-01T03:00Z,3.08,Skardu,0.0,4149
2026-09-30T23:55Z,2026-10-01T04:00Z,4.08,Skardu,0.0,4140
2026-09-30T23:55Z,2026-10-01T05:00Z,5.08,Skardu,0.0,4164
2026-09-30T23:55Z,2026-10-01T06:00Z,6.08,Skardu,0.0,4202
2026-09-30T23:55Z,2026-10-01T07:00Z,7.08,Skardu,0.2,4241
2026-09-30T23:55Z,2026-09-30T21:00Z,-2.92,Srinagar,0.0,4088
2026-09-30T23:55Z,2026-09-30T22:00Z,-1.92,Srinagar,0.0,4073
2026-09-30T23:55Z,2026-09-30T23:00Z,-0.92,Srinagar,0.0,4061
2026-09-30T23:55Z,2026-10-01T00:00Z,0.08,Srinagar,0.0,4054
2026-09-30T23:55Z,2026-10-01T01:00Z,1.08,Srinagar,0.0,4051
2026-09-30T23:55Z,2026-10-01T02:00Z,2.08,Srinagar,0.0,4062
2026-09-30T23:55Z,2026-10-01T03:00Z,3.08,Srinagar,0.0,4101
2026-09-30T23:55Z,2026-10-01T04:00Z,4.08,Srinagar,0.0,4143
2026-09-30T23:55Z,2026-10-01T05:00Z,5.08,Srinagar,0.0,4182
2026-09-30T23:55Z,2026-10-01T06:00Z,6.08,Srinagar,0.0,4210
2026-09-30T23:55Z,2026-10-01T07:00Z,7.08,Srinagar,0.0,4230
2026-09-30T23:55Z,2026-09-30T21:00Z,-2.92,Leh,0.0,4371
2026-09-30T23:55Z,2026-09-30T22:00Z,-1.92,Leh,0.0,4325
2026-09-30T23:55Z,2026-09-30T23:00Z,-0.92,Leh,0.0,4266
2026-09-30T23:55Z,2026-10-01T00:00Z,0.08,Leh,0.0,4217
2026-09-30T23:55Z,2026-10-01T01:00Z,1.08,Leh,0.0,4178
2026-09-30T23:55Z,2026-10-01T02:00Z,2.08,Leh,0.0,4156
2026-09-30T23:55Z,2026-10-01T03:00Z,3.08,Leh,0.0,4199
2026-09-30T23:55Z,2026-10-01T04:00Z,4.08,Leh,0.0,4257
2026-09-30T23:55Z,2026-10-01T05:00Z,5.08,Leh,0.1,4483
2026-09-30T23:55Z,2026-10-01T06:00Z,6.08,Leh,0.2,4524
2026-09-30T23:55Z,2026-10-01T07:00Z,7.08,Leh,0.2,4568
2026-09-30T23:55Z,2026-09-30T21:00Z,-2.92,Jammu,0.0,4255
2026-09-30T23:55Z,2026-09-30T22:00Z,-1.92,Jammu,0.0,4251
2026-09-30T23:55Z,2026-09-30T23:00Z,-0.92,Jammu,0.0,4250
2026-09-30T23:55Z,2026-10-01T00:00Z,0.08,Jammu,0.0,4249
2026-09-30T23:55Z,2026-10-01T01:00Z,1.08,Jammu,0.0,4253
2026-09-30T23:55Z,2026-10-01T02:00Z,2.08,Jammu,0.0,4262
2026-09-30T23:55Z,2026-10-01T03:00Z,3.08,Jammu,0.0,4291
2026-09-30T23:55Z,2026-10-01T04:00Z,4.08,Jammu,0.0,4302
2026-09-30T23:55Z,2026-10-01T05:00Z,5.08,Jammu,0.0,4306
2026-09-30T23:55Z,2026-10-01T06:00Z,6.08,Jammu,0.0,4316
2026-09-30T23:55Z,2026-10-01T07:00Z,7.08,Jammu,0.0,4324
2026-09-30T23:55Z,2026-09-30T21:00Z,-2.92,Dharamshala,0.0,4191
2026-09-30T23:55Z,2026-09-30T22:00Z,-1.92,Dharamshala,0.0,4194
2026-09-30T23:55Z,2026-09-30T23:00Z,-0.92,Dharamshala,0.0,4202
2026-09-30T23:55Z,2026-10-01T00:00Z,0.08,Dharamshala,0.0,4203
2026-09-30T23:55Z,2026-10-01T01:00Z,1.08,Dharamshala,0.0,4210
2026-09-30T23:55Z,2026-10-01T02:00Z,2.08,Dharamshala,0.0,4215
2026-09-30T23:55Z,2026-10-01T03:00Z,3.08,Dharamshala,0.0,4230
2026-09-30T23:55Z,2026-10-01T04:00Z,4.08,Dharamshala,0.0,4229
2026-09-30T23:55Z,2026-10-01T05:00Z,5.08,Dharamshala,0.1,4236
2026-09-30T23:55Z,2026-10-01T06:00Z,6.08,Dharamshala,0.1,4247
2026-09-30T23:55Z,2026-10-01T07:00Z,7.08,Dharamshala,0.1,4259
2026-09-30T23:55Z,2026-09-30T21:00Z,-2.92,Manali,0.0,4240
2026-09-30T23:55Z,2026-09-30T22:00Z,-1.92,Manali,0.0,4223
2026-09-30T23:55Z,2026-09-30T23:00Z,-0.92,Manali,0.0,4221
2026-09-30T23:55Z,2026-10-01T00:00Z,0.08,Manali,0.0,4197
2026-09-30T23:55Z,2026-10-01T01:00Z,1.08,Manali,0.0,4186
2026-09-30T23:55Z,2026-10-01T02:00Z,2.08,Manali,0.0,4240
2026-09-30T23:55Z,2026-10-01T03:00Z,3.08,Manali,0.0,4283
2026-09-30T23:55Z,2026-10-01T04:00Z,4.08,Manali,0.0,4324
2026-09-30T23:55Z,2026-10-01T05:00Z,5.08,Manali,0.0,4349
2026-09-30T23:55Z,2026-10-01T06:00Z,6.08,Manali,0.0,4338
2026-09-30T23:55Z,2026-10-01T07:00Z,7.08,Manali,0.0,4330
2026-09-30T23:55Z,2026-09-30T21:00Z,-2.92,Kaza,0.0,4446
2026-09-30T23:55Z,2026-09-30T22:00Z,-1.92,Kaza,0.0,4423
2026-09-30T23:55Z,2026-09-30T23:00Z,-0.92,Kaza,0.0,4399
2026-09-30T23:55Z,2026-10-01T00:00Z,0.08,Kaza,0.0,4375
2026-09-30T23:55Z,2026-10-01T01:00Z,1.08,Kaza,0.0,4363
2026-09-30T23:55Z,2026-10-01T02:00Z,2.08,Kaza,0.0,4386
2026-09-30T23:55Z,2026-10-01T03:00Z,3.08,Kaza,0.0,4493
2026-09-30T23:55Z,2026-10-01T04:00Z,4.08,Kaza,0.0,4587
2026-09-30T23:55Z,2026-10-01T05:00Z,5.08,Kaza,0.0,4716
2026-09-30T23:55Z,2026-10-01T06:00Z,6.08,Kaza,0.0,4781
2026-09-30T23:55Z,2026-10-01T07:00Z,7.08,Kaza,0.0,4794
2026-09-30T23:55Z,2026-09-30T21:00Z,-2.92,Shimla,0.0,4243
2026-09-30T23:55Z,2026-09-30T22:00Z,-1.92,Shimla,0.0,4243
2026-09-30T23:55Z,2026-09-30T23:00Z,-0.92,Shimla,0.0,4243
2026-09-30T23:55Z,2026-10-01T00:00Z,0.08,Shimla,0.0,4235
2026-09-30T23:55Z,2026-10-01T01:00Z,1.08,Shimla,0.0,4238
2026-09-30T23:55Z,2026-10-01T02:00Z,2.08,Shimla,0.0,4244
2026-09-30T23:55Z,2026-10-01T03:00Z,3.08,Shimla,0.0,4262
2026-09-30T23:55Z,2026-10-01T04:00Z,4.08,Shimla,0.0,4283
2026-09-30T23:55Z,2026-10-01T05:00Z,5.08,Shimla,0.0,4294
2026-09-30T23:55Z,2026-10-01T06:00Z,6.08,Shimla,0.0,4297
2026-09-30T23:55Z,2026-10-01T07:00Z,7.08,Shimla,0.1,4294
2026-09-30T23:55Z,2026-09-30T21:00Z,-2.92,Dehradun,0.0,4363
2026-09-30T23:55Z,2026-09-30T22:00Z,-1.92,Dehradun,0.0,4353
2026-09-30T23:55Z,2026-09-30T23:00Z,-0.92,Dehradun,0.0,4351
2026-09-30T23:55Z,2026-10-01T00:00Z,0.08,Dehradun,0.0,4354
2026-09-30T23:55Z,2026-10-01T01:00Z,1.08,Dehradun,0.0,4371
2026-09-30T23:55Z,2026-10-01T02:00Z,2.08,Dehradun,0.0,4373
2026-09-30T23:55Z,2026-10-01T03:00Z,3.08,Dehradun,0.0,4378
2026-09-30T23:55Z,2026-10-01T04:00Z,4.08,Dehradun,0.0,4373
2026-09-30T23:55Z,2026-10-01T05:00Z,5.08,Dehradun,0.0,4382
2026-09-30T23:55Z,2026-10-01T06:00Z,6.08,Dehradun,0.0,4391
2026-09-30T23:55Z,2026-10-01T07:00Z,7.08,Dehradun,0.1,4399
2026-09-30T23:55Z,2026-09-30T21:00Z,-2.92,Uttarkashi,0.0,4347
2026-09-30T23:55Z,2026-09-30T22:00Z,-1.92,Uttarkashi,0.0,4338
2026-09-30T23:55Z,2026-09-30T23:00Z,-0.92,Uttarkashi,0.0,4338
2026-09-30T23:55Z,2026-10-01T00:00Z,0.08,Uttarkashi,0.0,4324
2026-09-30T23:55Z,2026-10-01T01:00Z,1.08,Uttarkashi,0.0,4323
2026-09-30T23:55Z,2026-10-01T02:00Z,2.08,Uttarkashi,0.0,4321
2026-09-30T23:55Z,2026-10-01T03:00Z,3.08,Uttarkashi,0.0,4331
2026-09-30T23:55Z,2026-10-01T04:00Z,4.08,Uttarkashi,0.0,4332
2026-09-30T23:55Z,2026-10-01T05:00Z,5.08,Uttarkashi,0.0,4342
2026-09-30T23:55Z,2026-10-01T06:00Z,6.08,Uttarkashi,0.0,4355
2026-09-30T23:55Z,2026-10-01T07:00Z,7.08,Uttarkashi,0.1,4368
2026-09-30T23:55Z,2026-09-30T21:00Z,-2.92,Joshimath,0.0,4393
2026-09-30T23:55Z,2026-09-30T22:00Z,-1.92,Joshimath,0.0,4364
2026-09-30T23:55Z,2026-09-30T23:00Z,-0.92,Joshimath,0.0,4329
2026-09-30T23:55Z,2026-10-01T00:00Z,0.08,Joshimath,0.0,4301
2026-09-30T23:55Z,2026-10-01T01:00Z,1.08,Joshimath,0.0,4281
2026-09-30T23:55Z,2026-10-01T02:00Z,2.08,Joshimath,0.0,4276
2026-09-30T23:55Z,2026-10-01T03:00Z,3.08,Joshimath,0.0,4299
2026-09-30T23:55Z,2026-10-01T04:00Z,4.08,Joshimath,0.0,4306
2026-09-30T23:55Z,2026-10-01T05:00Z,5.08,Joshimath,0.0,4336
2026-09-30T23:55Z,2026-10-01T06:00Z,6.08,Joshimath,0.0,4334
2026-09-30T23:55Z,2026-10-01T07:00Z,7.08,Joshimath,0.0,4374
2026-09-30T23:55Z,2026-09-30T21:00Z,-2.92,Bhimtal,0.0,4549
2026-09-30T23:55Z,2026-09-30T22:00Z,-1.92,Bhimtal,0.0,4524
2026-09-30T23:55Z,2026-09-30T23:00Z,-0.92,Bhimtal,0.0,4494
2026-09-30T23:55Z,2026-10-01T00:00Z,0.08,Bhimtal,0.0,4472
2026-09-30T23:55Z,2026-10-01T01:00Z,1.08,Bhimtal,0.0,4460
2026-09-30T23:55Z,2026-10-01T02:00Z,2.08,Bhimtal,0.0,4462
2026-09-30T23:55Z,2026-10-01T03:00Z,3.08,Bhimtal,0.0,4484
2026-09-30T23:55Z,2026-10-01T04:00Z,4.08,Bhimtal,0.0,4497
2026-09-30T23:55Z,2026-10-01T05:00Z,5.08,Bhimtal,0.0,4533
2026-09-30T23:55Z,2026-10-01T06:00Z,6.08,Bhimtal,0.0,4555
2026-09-30T23:55Z,2026-10-01T07:00Z,7.08,Bhimtal,0.0,4581
2026-09-30T23:55Z,2026-09-30T21:00Z,-2.92,Pithoragarh,0.0,4429
2026-09-30T23:55Z,2026-09-30T22:00Z,-1.92,Pithoragarh,0.0,4409
2026-09-30T23:55Z,2026-09-30T23:00Z,-0.92,Pithoragarh,0.0,4380
2026-09-30T23:55Z,2026-10-01T00:00Z,0.08,Pithoragarh,0.0,4335
2026-09-30T23:55Z,2026-10-01T01:00Z,1.08,Pithoragarh,0.0,4343
2026-09-30T23:55Z,2026-10-01T02:00Z,2.08,Pithoragarh,0.0,4372
2026-09-30T23:55Z,2026-10-01T03:00Z,3.08,Pithoragarh,0.0,4419
2026-09-30T23:55Z,2026-10-01T04:00Z,4.08,Pithoragarh,0.0,4479
2026-09-30T23:55Z,2026-10-01T05:00Z,5.08,Pithoragarh,0.0,4536
2026-09-30T23:55Z,2026-10-01T06:00Z,6.08,Pithoragarh,0.0,4558
2026-09-30T23:55Z,2026-10-01T07:00Z,7.08,Pithoragarh,0.0,4556
2026-09-30T23:55Z,2026-09-30T21:00Z,-2.92,Jumla,0.0,4684
2026-09-30T23:55Z,2026-09-30T22:00Z,-1.92,Jumla,0.0,4673
2026-09-30T23:55Z,2026-09-30T23:00Z,-0.92,Jumla,0.0,4649
2026-09-30T23:55Z,2026-10-01T00:00Z,0.08,Jumla,0.0,4638
2026-09-30T23:55Z,2026-10-01T01:00Z,1.08,Jumla,0.0,4630
2026-09-30T23:55Z,2026-10-01T02:00Z,2.08,Jumla,0.0,4636
2026-09-30T23:55Z,2026-10-01T03:00Z,3.08,Jumla,0.0,4615
2026-09-30T23:55Z,2026-10-01T04:00Z,4.08,Jumla,0.1,4613
2026-09-30T23:55Z,2026-10-01T05:00Z,5.08,Jumla,0.1,4607
2026-09-30T23:55Z,2026-10-01T06:00Z,6.08,Jumla,0.1,4581
2026-09-30T23:55Z,2026-10-01T07:00Z,7.08,Jumla,0.2,4539
2026-09-30T23:55Z,2026-09-30T21:00Z,-2.92,Jomsom,0.0,4863
2026-09-30T23:55Z,2026-09-30T22:00Z,-1.92,Jomsom,0.0,4852
2026-09-30T23:55Z,2026-09-30T23:00Z,-0.92,Jomsom,0.0,4835
2026-09-30T23:55Z,2026-10-01T00:00Z,0.08,Jomsom,0.0,4818
2026-09-30T23:55Z,2026-10-01T01:00Z,1.08,Jomsom,0.0,4831
2026-09-30T23:55Z,2026-10-01T02:00Z,2.08,Jomsom,0.0,4846
2026-09-30T23:55Z,2026-10-01T03:00Z,3.08,Jomsom,0.0,4869
2026-09-30T23:55Z,2026-10-01T04:00Z,4.08,Jomsom,0.0,4889
2026-09-30T23:55Z,2026-10-01T05:00Z,5.08,Jomsom,0.0,4919
2026-09-30T23:55Z,2026-10-01T06:00Z,6.08,Jomsom,0.1,4926
2026-09-30T23:55Z,2026-10-01T07:00Z,7.08,Jomsom,0.0,4874
2026-09-30T23:55Z,2026-09-30T21:00Z,-2.92,Pokhara,0.0,5126
2026-09-30T23:55Z,2026-09-30T22:00Z,-1.92,Pokhara,0.0,5125
2026-09-30T23:55Z,2026-09-30T23:00Z,-0.92,Pokhara,0.0,5097
2026-09-30T23:55Z,2026-10-01T00:00Z,0.08,Pokhara,0.0,5060
2026-09-30T23:55Z,2026-10-01T01:00Z,1.08,Pokhara,0.0,5050
2026-09-30T23:55Z,2026-10-01T02:00Z,2.08,Pokhara,0.0,5041
2026-09-30T23:55Z,2026-10-01T03:00Z,3.08,Pokhara,0.0,5041
2026-09-30T23:55Z,2026-10-01T04:00Z,4.08,Pokhara,0.0,5033
2026-09-30T23:55Z,2026-10-01T05:00Z,5.08,Pokhara,0.0,5024
2026-09-30T23:55Z,2026-10-01T06:00Z,6.08,Pokhara,0.0,4995
2026-09-30T23:55Z,2026-10-01T07:00Z,7.08,Pokhara,0.0,4961
2026-09-30T23:55Z,2026-09-30T21:00Z,-2.92,Kathmandu,0.0,5106
2026-09-30T23:55Z,2026-09-30T22:00Z,-1.92,Kathmandu,0.0,5099
2026-09-30T23:55Z,2026-09-30T23:00Z,-0.92,Kathmandu,0.0,5097
2026-09-30T23:55Z,2026-10-01T00:00Z,0.08,Kathmandu,0.0,5081
2026-09-30T23:55Z,2026-10-01T01:00Z,1.08,Kathmandu,0.0,5056
2026-09-30T23:55Z,2026-10-01T02:00Z,2.08,Kathmandu,0.1,5048
2026-09-30T23:55Z,2026-10-01T03:00Z,3.08,Kathmandu,0.1,5055
2026-09-30T23:55Z,2026-10-01T04:00Z,4.08,Kathmandu,0.3,5054
2026-09-30T23:55Z,2026-10-01T05:00Z,5.08,Kathmandu,0.3,5057
2026-09-30T23:55Z,2026-10-01T06:00Z,6.08,Kathmandu,0.2,5045
2026-09-30T23:55Z,2026-10-01T07:00Z,7.08,Kathmandu,0.6,5040
2026-09-30T23:55Z,2026-09-30T21:00Z,-2.92,Namche Bazaar,0.0,5053
2026-09-30T23:55Z,2026-09-30T22:00Z,-1.92,Namche Bazaar,0.0,5078
2026-09-30T23:55Z,2026-09-30T23:00Z,-0.92,Namche Bazaar,0.0,5080
2026-09-30T23:55Z,2026-10-01T00:00Z,0.08,Namche Bazaar,0.0,5071
2026-09-30T23:55Z,2026-10-01T01:00Z,1.08,Namche Bazaar,0.0,5058
2026-09-30T23:55Z,2026-10-01T02:00Z,2.08,Namche Bazaar,0.0,5053
2026-09-30T23:55Z,2026-10-01T03:00Z,3.08,Namche Bazaar,0.0,5084
2026-09-30T23:55Z,2026-10-01T04:00Z,4.08,Namche Bazaar,0.0,5094
2026-09-30T23:55Z,2026-10-01T05:00Z,5.08,Namche Bazaar,0.0,5104
2026-09-30T23:55Z,2026-10-01T06:00Z,6.08,Namche Bazaar,0.2,5074
2026-09-30T23:55Z,2026-10-01T07:00Z,7.08,Namche Bazaar,0.2,5095
2026-09-30T23:55Z,2026-09-30T21:00Z,-2.92,Darjeeling,0.0,4988
2026-09-30T23:55Z,2026-09-30T22:00Z,-1.92,Darjeeling,0.0,5027
2026-09-30T23:55Z,2026-09-30T23:00Z,-0.92,Darjeeling,0.0,5103
2026-09-30T23:55Z,2026-10-01T00:00Z,0.08,Darjeeling,0.0,5088
2026-09-30T23:55Z,2026-10-01T01:00Z,1.08,Darjeeling,0.0,5068
2026-09-30T23:55Z,2026-10-01T02:00Z,2.08,Darjeeling,0.0,5092
2026-09-30T23:55Z,2026-10-01T03:00Z,3.08,Darjeeling,0.0,5110
2026-09-30T23:55Z,2026-10-01T04:00Z,4.08,Darjeeling,0.0,5044
2026-09-30T23:55Z,2026-10-01T05:00Z,5.08,Darjeeling,0.1,4919
2026-09-30T23:55Z,2026-10-01T06:00Z,6.08,Darjeeling,0.0,4942
2026-09-30T23:55Z,2026-10-01T07:00Z,7.08,Darjeeling,0.1,4862
2026-09-30T23:55Z,2026-09-30T21:00Z,-2.92,Gangtok,0.0,4937
2026-09-30T23:55Z,2026-09-30T22:00Z,-1.92,Gangtok,0.0,4974
2026-09-30T23:55Z,2026-09-30T23:00Z,-0.92,Gangtok,0.0,5104
2026-09-30T23:55Z,2026-10-01T00:00Z,0.08,Gangtok,0.0,5050
2026-09-30T23:55Z,2026-10-01T01:00Z,1.08,Gangtok,0.0,5019
2026-09-30T23:55Z,2026-10-01T02:00Z,2.08,Gangtok,0.0,5038
2026-09-30T23:55Z,2026-10-01T03:00Z,3.08,Gangtok,0.0,5073
2026-09-30T23:55Z,2026-10-01T04:00Z,4.08,Gangtok,0.0,4925
2026-09-30T23:55Z,2026-10-01T05:00Z,5.08,Gangtok,0.1,4870
2026-09-30T23:55Z,2026-10-01T06:00Z,6.08,Gangtok,0.1,4916
2026-09-30T23:55Z,2026-10-01T07:00Z,7.08,Gangtok,0.2,4789
2026-09-30T23:55Z,2026-09-30T21:00Z,-2.92,Thimphu,0.0,4892
2026-09-30T23:55Z,2026-09-30T22:00Z,-1.92,Thimphu,0.0,4875
2026-09-30T23:55Z,2026-09-30T23:00Z,-0.92,Thimphu,0.0,4866
2026-09-30T23:55Z,2026-10-01T00:00Z,0.08,Thimphu,0.0,4862
2026-09-30T23:55Z,2026-10-01T01:00Z,1.08,Thimphu,0.0,4852
2026-09-30T23:55Z,2026-10-01T02:00Z,2.08,Thimphu,0.0,4857
2026-09-30T23:55Z,2026-10-01T03:00Z,3.08,Thimphu,0.1,4860
2026-09-30T23:55Z,2026-10-01T04:00Z,4.08,Thimphu,0.1,4796
2026-09-30T23:55Z,2026-10-01T05:00Z,5.08,Thimphu,0.1,4768
2026-09-30T23:55Z,2026-10-01T06:00Z,6.08,Thimphu,0.2,4841
2026-09-30T23:55Z,2026-10-01T07:00Z,7.08,Thimphu,0.2,4897
2026-09-30T23:55Z,2026-09-30T21:00Z,-2.92,Tawang,0.0,4856
2026-09-30T23:55Z,2026-09-30T22:00Z,-1.92,Tawang,0.0,4859
2026-09-30T23:55Z,2026-09-30T23:00Z,-0.92,Tawang,0.0,4867
2026-09-30T23:55Z,2026-10-01T00:00Z,0.08,Tawang,0.0,4893
2026-09-30T23:55Z,2026-10-01T01:00Z,1.08,Tawang,0.0,4904
2026-09-30T23:55Z,2026-10-01T02:00Z,2.08,Tawang,0.0,4887
2026-09-30T23:55Z,2026-10-01T03:00Z,3.08,Tawang,0.0,4770
2026-09-30T23:55Z,2026-10-01T04:00Z,4.08,Tawang,0.0,4859
2026-09-30T23:55Z,2026-10-01T05:00Z,5.08,Tawang,0.0,4845
2026-09-30T23:55Z,2026-10-01T06:00Z,6.08,Tawang,0.1,4864
2026-09-30T23:55Z,2026-10-01T07:00Z,7.08,Tawang,0.2,5010
2026-09-30T23:55Z,2026-09-30T21:00Z,-2.92,Lhasa,0.0,5357
2026-09-30T23:55Z,2026-09-30T22:00Z,-1.92,Lhasa,0.0,5309
2026-09-30T23:55Z,2026-09-30T23:00Z,-0.92,Lhasa,0.0,5262
2026-09-30T23:55Z,2026-10-01T00:00Z,0.08,Lhasa,0.0,5218
2026-09-30T23:55Z,2026-10-01T01:00Z,1.08,Lhasa,0.0,5172
2026-09-30T23:55Z,2026-10-01T02:00Z,2.08,Lhasa,0.0,5162
2026-09-30T23:55Z,2026-10-01T03:00Z,3.08,Lhasa,0.0,5159
2026-09-30T23:55Z,2026-10-01T04:00Z,4.08,Lhasa,0.1,5213
2026-09-30T23:55Z,2026-10-01T05:00Z,5.08,Lhasa,0.1,5324
2026-09-30T23:55Z,2026-10-01T06:00Z,6.08,Lhasa,0.0,5376
2026-09-30T23:55Z,2026-10-01T07:00Z,7.08,Lhasa,0.0,5468
2026-09-30T23:55Z,2026-09-30T21:00Z,-2.92,Shigatse,0.0,5342
2026-09-30T23:55Z,2026-09-30T22:00Z,-1.92,Shigatse,0.0,5299
2026-09-30T23:55Z,2026-09-30T23:00Z,-0.92,Shigatse,0.0,5259
2026-09-30T23:55Z,2026-10-01T00:00Z,0.08,Shigatse,0.0,5216
2026-09-30T23:55Z,2026-10-01T01:00Z,1.08,Shigatse,0.0,5181
2026-09-30T23:55Z,2026-10-01T02:00Z,2.08,Shigatse,0.0,5166
2026-09-30T23:55Z,2026-10-01T03:00Z,3.08,Shigatse,0.0,5168
2026-09-30T23:55Z,2026-10-01T04:00Z,4.08,Shigatse,0.0,5195
2026-09-30T23:55Z,2026-10-01T05:00Z,5.08,Shigatse,0.0,5244
2026-09-30T23:55Z,2026-10-01T06:00Z,6.08,Shigatse,0.0,5329
2026-09-30T23:55Z,2026-10-01T07:00Z,7.08,Shigatse,0.0,5410
2026-09-30T23:55Z,2026-09-30T21:00Z,-2.92,Itanagar,0.5,4865
2026-09-30T23:55Z,2026-09-30T22:00Z,-1.92,Itanagar,0.3,4846
2026-09-30T23:55Z,2026-09-30T23:00Z,-0.92,Itanagar,0.9,4823
2026-09-30T23:55Z,2026-10-01T00:00Z,0.08,Itanagar,0.6,4814
2026-09-30T23:55Z,2026-10-01T01:00Z,1.08,Itanagar,0.8,4807
2026-09-30T23:55Z,2026-10-01T02:00Z,2.08,Itanagar,0.3,4814
2026-09-30T23:55Z,2026-10-01T03:00Z,3.08,Itanagar,0.2,4822
2026-09-30T23:55Z,2026-10-01T04:00Z,4.08,Itanagar,0.7,4893
2026-09-30T23:55Z,2026-10-01T05:00Z,5.08,Itanagar,0.4,4904
2026-09-30T23:55Z,2026-10-01T06:00Z,6.08,Itanagar,0.6,4924
2026-09-30T23:55Z,2026-10-01T07:00Z,7.08,Itanagar,0.9,4945
2026-10-01T06:03Z,2026-10-01T04:00Z,-2.05,Gilgit,0.0,3989
2026-10-01T06:03Z,2026-10-01T05:00Z,-1.05,Gilgit,0.0,4056
2026-10-01T06:03Z,2026-10-01T06:00Z,-0.05,Gilgit,0.1,4037
2026-10-01T06:03Z,2026-10-01T07:00Z,0.95,Gilgit,0.1,4079
2026-10-01T06:03Z,2026-10-01T08:00Z,1.95,Gilgit,0.0,4239
2026-10-01T06:03Z,2026-10-01T09:00Z,2.95,Gilgit,0.0,4317
2026-10-01T06:03Z,2026-10-01T10:00Z,3.95,Gilgit,0.0,4357
2026-10-01T06:03Z,2026-10-01T11:00Z,4.95,Gilgit,0.0,4323
2026-10-01T06:03Z,2026-10-01T12:00Z,5.95,Gilgit,0.0,4271
2026-10-01T06:03Z,2026-10-01T13:00Z,6.95,Gilgit,0.0,4190
2026-10-01T06:03Z,2026-10-01T14:00Z,7.95,Gilgit,0.0,4086
2026-10-01T06:03Z,2026-10-01T04:00Z,-2.05,Skardu,0.0,4170
2026-10-01T06:03Z,2026-10-01T05:00Z,-1.05,Skardu,0.0,4168
2026-10-01T06:03Z,2026-10-01T06:00Z,-0.05,Skardu,0.1,4206
2026-10-01T06:03Z,2026-10-01T07:00Z,0.95,Skardu,0.5,4245
2026-10-01T06:03Z,2026-10-01T08:00Z,1.95,Skardu,0.0,4267
2026-10-01T06:03Z,2026-10-01T09:00Z,2.95,Skardu,0.0,4294
2026-10-01T06:03Z,2026-10-01T10:00Z,3.95,Skardu,0.0,4335
2026-10-01T06:03Z,2026-10-01T11:00Z,4.95,Skardu,0.0,4499
2026-10-01T06:03Z,2026-10-01T12:00Z,5.95,Skardu,0.0,4445
2026-10-01T06:03Z,2026-10-01T13:00Z,6.95,Skardu,0.0,4397
2026-10-01T06:03Z,2026-10-01T14:00Z,7.95,Skardu,0.0,4356
2026-10-01T06:03Z,2026-10-01T04:00Z,-2.05,Srinagar,0.0,4125
2026-10-01T06:03Z,2026-10-01T05:00Z,-1.05,Srinagar,0.0,4161
2026-10-01T06:03Z,2026-10-01T06:00Z,-0.05,Srinagar,0.0,4183
2026-10-01T06:03Z,2026-10-01T07:00Z,0.95,Srinagar,0.0,4199
2026-10-01T06:03Z,2026-10-01T08:00Z,1.95,Srinagar,0.0,4197
2026-10-01T06:03Z,2026-10-01T09:00Z,2.95,Srinagar,0.0,4168
2026-10-01T06:03Z,2026-10-01T10:00Z,3.95,Srinagar,0.0,4168
2026-10-01T06:03Z,2026-10-01T11:00Z,4.95,Srinagar,0.0,4175
2026-10-01T06:03Z,2026-10-01T12:00Z,5.95,Srinagar,0.0,4179
2026-10-01T06:03Z,2026-10-01T13:00Z,6.95,Srinagar,0.0,4194
2026-10-01T06:03Z,2026-10-01T14:00Z,7.95,Srinagar,0.0,4163
2026-10-01T06:03Z,2026-10-01T04:00Z,-2.05,Leh,0.0,4272
2026-10-01T06:03Z,2026-10-01T05:00Z,-1.05,Leh,0.1,4479
2026-10-01T06:03Z,2026-10-01T06:00Z,-0.05,Leh,0.1,4533
2026-10-01T06:03Z,2026-10-01T07:00Z,0.95,Leh,0.3,4575
2026-10-01T06:03Z,2026-10-01T08:00Z,1.95,Leh,0.2,4615
2026-10-01T06:03Z,2026-10-01T09:00Z,2.95,Leh,0.1,4648
2026-10-01T06:03Z,2026-10-01T10:00Z,3.95,Leh,0.1,4680
2026-10-01T06:03Z,2026-10-01T11:00Z,4.95,Leh,0.0,4687
2026-10-01T06:03Z,2026-10-01T12:00Z,5.95,Leh,0.0,4700
2026-10-01T06:03Z,2026-10-01T13:00Z,6.95,Leh,0.0,4659
2026-10-01T06:03Z,2026-10-01T14:00Z,7.95,Leh,0.0,4613
2026-10-01T06:03Z,2026-10-01T04:00Z,-2.05,Jammu,0.0,4245
2026-10-01T06:03Z,2026-10-01T05:00Z,-1.05,Jammu,0.0,4257
2026-10-01T06:03Z,2026-10-01T06:00Z,-0.05,Jammu,0.0,4258
2026-10-01T06:03Z,2026-10-01T07:00Z,0.95,Jammu,0.0,4278
2026-10-01T06:03Z,2026-10-01T08:00Z,1.95,Jammu,0.0,4288
2026-10-01T06:03Z,2026-10-01T09:00Z,2.95,Jammu,0.0,4296
2026-10-01T06:03Z,2026-10-01T10:00Z,3.95,Jammu,0.0,4311
2026-10-01T06:03Z,2026-10-01T11:00Z,4.95,Jammu,0.0,4351
2026-10-01T06:03Z,2026-10-01T12:00Z,5.95,Jammu,0.0,4347
2026-10-01T06:03Z,2026-10-01T13:00Z,6.95,Jammu,0.0,4324
2026-10-01T06:03Z,2026-10-01T14:00Z,7.95,Jammu,0.0,4344
2026-10-01T06:03Z,2026-10-01T04:00Z,-2.05,Dharamshala,0.0,4211
2026-10-01T06:03Z,2026-10-01T05:00Z,-1.05,Dharamshala,0.1,4222
2026-10-01T06:03Z,2026-10-01T06:00Z,-0.05,Dharamshala,0.0,4231
2026-10-01T06:03Z,2026-10-01T07:00Z,0.95,Dharamshala,0.1,4247
2026-10-01T06:03Z,2026-10-01T08:00Z,1.95,Dharamshala,0.1,4228
2026-10-01T06:03Z,2026-10-01T09:00Z,2.95,Dharamshala,0.1,4244
2026-10-01T06:03Z,2026-10-01T10:00Z,3.95,Dharamshala,0.1,4240
2026-10-01T06:03Z,2026-10-01T11:00Z,4.95,Dharamshala,0.0,4269
2026-10-01T06:03Z,2026-10-01T12:00Z,5.95,Dharamshala,0.0,4268
2026-10-01T06:03Z,2026-10-01T13:00Z,6.95,Dharamshala,0.0,4267
2026-10-01T06:03Z,2026-10-01T14:00Z,7.95,Dharamshala,0.0,4292
2026-10-01T06:03Z,2026-10-01T04:00Z,-2.05,Manali,0.0,4301
2026-10-01T06:03Z,2026-10-01T05:00Z,-1.05,Manali,0.0,4332
2026-10-01T06:03Z,2026-10-01T06:00Z,-0.05,Manali,0.0,4309
2026-10-01T06:03Z,2026-10-01T07:00Z,0.95,Manali,0.0,4299
2026-10-01T06:03Z,2026-10-01T08:00Z,1.95,Manali,0.1,4291
2026-10-01T06:03Z,2026-10-01T09:00Z,2.95,Manali,0.2,4307
2026-10-01T06:03Z,2026-10-01T10:00Z,3.95,Manali,0.4,4321
2026-10-01T06:03Z,2026-10-01T11:00Z,4.95,Manali,0.2,4328
2026-10-01T06:03Z,2026-10-01T12:00Z,5.95,Manali,0.1,4335
2026-10-01T06:03Z,2026-10-01T13:00Z,6.95,Manali,0.0,4340
2026-10-01T06:03Z,2026-10-01T14:00Z,7.95,Manali,0.0,4325
2026-10-01T06:03Z,2026-10-01T04:00Z,-2.05,Kaza,0.0,4596
2026-10-01T06:03Z,2026-10-01T05:00Z,-1.05,Kaza,0.0,4717
2026-10-01T06:03Z,2026-10-01T06:00Z,-0.05,Kaza,0.0,4779
2026-10-01T06:03Z,2026-10-01T07:00Z,0.95,Kaza,0.0,4796
2026-10-01T06:03Z,2026-10-01T08:00Z,1.95,Kaza,0.0,4793
2026-10-01T06:03Z,2026-10-01T09:00Z,2.95,Kaza,0.0,4786
2026-10-01T06:03Z,2026-10-01T10:00Z,3.95,Kaza,0.0,4794
2026-10-01T06:03Z,2026-10-01T11:00Z,4.95,Kaza,0.0,4788
2026-10-01T06:03Z,2026-10-01T12:00Z,5.95,Kaza,0.0,4774
2026-10-01T06:03Z,2026-10-01T13:00Z,6.95,Kaza,0.0,4738
2026-10-01T06:03Z,2026-10-01T14:00Z,7.95,Kaza,0.0,4708
2026-10-01T06:03Z,2026-10-01T04:00Z,-2.05,Shimla,0.0,4269
2026-10-01T06:03Z,2026-10-01T05:00Z,-1.05,Shimla,0.0,4281
2026-10-01T06:03Z,2026-10-01T06:00Z,-0.05,Shimla,0.0,4283
2026-10-01T06:03Z,2026-10-01T07:00Z,0.95,Shimla,0.1,4257
2026-10-01T06:03Z,2026-10-01T08:00Z,1.95,Shimla,0.1,4299
2026-10-01T06:03Z,2026-10-01T09:00Z,2.95,Shimla,0.1,4297
2026-10-01T06:03Z,2026-10-01T10:00Z,3.95,Shimla,0.1,4338
2026-10-01T06:03Z,2026-10-01T11:00Z,4.95,Shimla,0.1,4364
2026-10-01T06:03Z,2026-10-01T12:00Z,5.95,Shimla,0.0,4369
2026-10-01T06:03Z,2026-10-01T13:00Z,6.95,Shimla,0.0,4338
2026-10-01T06:03Z,2026-10-01T14:00Z,7.95,Shimla,0.0,4378
2026-10-01T06:03Z,2026-10-01T04:00Z,-2.05,Dehradun,0.0,4340
2026-10-01T06:03Z,2026-10-01T05:00Z,-1.05,Dehradun,0.0,4349
2026-10-01T06:03Z,2026-10-01T06:00Z,-0.05,Dehradun,0.0,4349
2026-10-01T06:03Z,2026-10-01T07:00Z,0.95,Dehradun,0.1,4357
2026-10-01T06:03Z,2026-10-01T08:00Z,1.95,Dehradun,0.1,4359
2026-10-01T06:03Z,2026-10-01T09:00Z,2.95,Dehradun,0.1,4399
2026-10-01T06:03Z,2026-10-01T10:00Z,3.95,Dehradun,0.1,4427
2026-10-01T06:03Z,2026-10-01T11:00Z,4.95,Dehradun,0.1,4392
2026-10-01T06:03Z,2026-10-01T12:00Z,5.95,Dehradun,0.0,4440
2026-10-01T06:03Z,2026-10-01T13:00Z,6.95,Dehradun,0.0,4440
2026-10-01T06:03Z,2026-10-01T14:00Z,7.95,Dehradun,0.0,4447
2026-10-01T06:03Z,2026-10-01T04:00Z,-2.05,Uttarkashi,0.0,4309
2026-10-01T06:03Z,2026-10-01T05:00Z,-1.05,Uttarkashi,0.0,4313
2026-10-01T06:03Z,2026-10-01T06:00Z,-0.05,Uttarkashi,0.0,4329
2026-10-01T06:03Z,2026-10-01T07:00Z,0.95,Uttarkashi,0.0,4342
2026-10-01T06:03Z,2026-10-01T08:00Z,1.95,Uttarkashi,0.1,4370
2026-10-01T06:03Z,2026-10-01T09:00Z,2.95,Uttarkashi,0.0,4394
2026-10-01T06:03Z,2026-10-01T10:00Z,3.95,Uttarkashi,0.1,4426
2026-10-01T06:03Z,2026-10-01T11:00Z,4.95,Uttarkashi,0.1,4420
2026-10-01T06:03Z,2026-10-01T12:00Z,5.95,Uttarkashi,0.0,4435
2026-10-01T06:03Z,2026-10-01T13:00Z,6.95,Uttarkashi,0.0,4431
2026-10-01T06:03Z,2026-10-01T14:00Z,7.95,Uttarkashi,0.0,4427
2026-10-01T06:03Z,2026-10-01T04:00Z,-2.05,Joshimath,0.0,4308
2026-10-01T06:03Z,2026-10-01T05:00Z,-1.05,Joshimath,0.0,4329
2026-10-01T06:03Z,2026-10-01T06:00Z,-0.05,Joshimath,0.0,4317
2026-10-01T06:03Z,2026-10-01T07:00Z,0.95,Joshimath,0.0,4357
2026-10-01T06:03Z,2026-10-01T08:00Z,1.95,Joshimath,0.0,4366
2026-10-01T06:03Z,2026-10-01T09:00Z,2.95,Joshimath,0.0,4400
2026-10-01T06:03Z,2026-10-01T10:00Z,3.95,Joshimath,0.2,4434
2026-10-01T06:03Z,2026-10-01T11:00Z,4.95,Joshimath,0.2,4442
2026-10-01T06:03Z,2026-10-01T12:00Z,5.95,Joshimath,0.0,4457
2026-10-01T06:03Z,2026-10-01T13:00Z,6.95,Joshimath,0.0,4478
2026-10-01T06:03Z,2026-10-01T14:00Z,7.95,Joshimath,0.0,4471
2026-10-01T06:03Z,2026-10-01T04:00Z,-2.05,Bhimtal,0.0,4446
2026-10-01T06:03Z,2026-10-01T05:00Z,-1.05,Bhimtal,0.0,4468
2026-10-01T06:03Z,2026-10-01T06:00Z,-0.05,Bhimtal,0.0,4513
2026-10-01T06:03Z,2026-10-01T07:00Z,0.95,Bhimtal,0.0,4534
2026-10-01T06:03Z,2026-10-01T08:00Z,1.95,Bhimtal,0.0,4573
2026-10-01T06:03Z,2026-10-01T09:00Z,2.95,Bhimtal,0.0,4579
2026-10-01T06:03Z,2026-10-01T10:00Z,3.95,Bhimtal,0.0,4584
2026-10-01T06:03Z,2026-10-01T11:00Z,4.95,Bhimtal,0.0,4575
2026-10-01T06:03Z,2026-10-01T12:00Z,5.95,Bhimtal,0.0,4584
2026-10-01T06:03Z,2026-10-01T13:00Z,6.95,Bhimtal,0.0,4569
2026-10-01T06:03Z,2026-10-01T14:00Z,7.95,Bhimtal,0.0,4556
2026-10-01T06:03Z,2026-10-01T04:00Z,-2.05,Pithoragarh,0.0,4440
2026-10-01T06:03Z,2026-10-01T05:00Z,-1.05,Pithoragarh,0.0,4520
2026-10-01T06:03Z,2026-10-01T06:00Z,-0.05,Pithoragarh,0.0,4501
2026-10-01T06:03Z,2026-10-01T07:00Z,0.95,Pithoragarh,0.0,4552
2026-10-01T06:03Z,2026-10-01T08:00Z,1.95,Pithoragarh,0.0,4548
2026-10-01T06:03Z,2026-10-01T09:00Z,2.95,Pithoragarh,0.1,4587
2026-10-01T06:03Z,2026-10-01T10:00Z,3.95,Pithoragarh,0.0,4585
2026-10-01T06:03Z,2026-10-01T11:00Z,4.95,Pithoragarh,0.0,4589
2026-10-01T06:03Z,2026-10-01T12:00Z,5.95,Pithoragarh,0.0,4588
2026-10-01T06:03Z,2026-10-01T13:00Z,6.95,Pithoragarh,0.0,4580
2026-10-01T06:03Z,2026-10-01T14:00Z,7.95,Pithoragarh,0.0,4598
2026-10-01T06:03Z,2026-10-01T04:00Z,-2.05,Jumla,0.1,4627
2026-10-01T06:03Z,2026-10-01T05:00Z,-1.05,Jumla,0.1,4616
2026-10-01T06:03Z,2026-10-01T06:00Z,-0.05,Jumla,0.1,4553
2026-10-01T06:03Z,2026-10-01T07:00Z,0.95,Jumla,0.2,4522
2026-10-01T06:03Z,2026-10-01T08:00Z,1.95,Jumla,0.2,4489
2026-10-01T06:03Z,2026-10-01T09:00Z,2.95,Jumla,0.3,4507
2026-10-01T06:03Z,2026-10-01T10:00Z,3.95,Jumla,0.3,4589
2026-10-01T06:03Z,2026-10-01T11:00Z,4.95,Jumla,0.2,4708
2026-10-01T06:03Z,2026-10-01T12:00Z,5.95,Jumla,0.1,4689
2026-10-01T06:03Z,2026-10-01T13:00Z,6.95,Jumla,0.3,4664
2026-10-01T06:03Z,2026-10-01T14:00Z,7.95,Jumla,0.0,4646
2026-10-01T06:03Z,2026-10-01T04:00Z,-2.05,Jomsom,0.1,4869
2026-10-01T06:03Z,2026-10-01T05:00Z,-1.05,Jomsom,0.1,4910
2026-10-01T06:03Z,2026-10-01T06:00Z,-0.05,Jomsom,0.1,4932
2026-10-01T06:03Z,2026-10-01T07:00Z,0.95,Jomsom,0.1,4929
2026-10-01T06:03Z,2026-10-01T08:00Z,1.95,Jomsom,0.0,4877
2026-10-01T06:03Z,2026-10-01T09:00Z,2.95,Jomsom,0.1,4895
2026-10-01T06:03Z,2026-10-01T10:00Z,3.95,Jomsom,0.1,4884
2026-10-01T06:03Z,2026-10-01T11:00Z,4.95,Jomsom,0.0,4875
2026-10-01T06:03Z,2026-10-01T12:00Z,5.95,Jomsom,0.0,4857
2026-10-01T06:03Z,2026-10-01T13:00Z,6.95,Jomsom,0.0,4816
2026-10-01T06:03Z,2026-10-01T14:00Z,7.95,Jomsom,0.0,4809
2026-10-01T06:03Z,2026-10-01T04:00Z,-2.05,Pokhara,0.0,5012
2026-10-01T06:03Z,2026-10-01T05:00Z,-1.05,Pokhara,0.0,5033
2026-10-01T06:03Z,2026-10-01T06:00Z,-0.05,Pokhara,0.0,5014
2026-10-01T06:03Z,2026-10-01T07:00Z,0.95,Pokhara,0.0,4994
2026-10-01T06:03Z,2026-10-01T08:00Z,1.95,Pokhara,0.1,4961
2026-10-01T06:03Z,2026-10-01T09:00Z,2.95,Pokhara,0.0,4935
2026-10-01T06:03Z,2026-10-01T10:00Z,3.95,Pokhara,0.0,4916
2026-10-01T06:03Z,2026-10-01T11:00Z,4.95,Pokhara,0.0,4907
2026-10-01T06:03Z,2026-10-01T12:00Z,5.95,Pokhara,0.0,4879
2026-10-01T06:03Z,2026-10-01T13:00Z,6.95,Pokhara,0.0,4794
2026-10-01T06:03Z,2026-10-01T14:00Z,7.95,Pokhara,0.0,4869
2026-10-01T06:03Z,2026-10-01T04:00Z,-2.05,Kathmandu,0.3,5046
2026-10-01T06:03Z,2026-10-01T05:00Z,-1.05,Kathmandu,0.2,5043
2026-10-01T06:03Z,2026-10-01T06:00Z,-0.05,Kathmandu,0.3,5045
2026-10-01T06:03Z,2026-10-01T07:00Z,0.95,Kathmandu,0.4,5047
2026-10-01T06:03Z,2026-10-01T08:00Z,1.95,Kathmandu,0.7,4968
2026-10-01T06:03Z,2026-10-01T09:00Z,2.95,Kathmandu,0.5,4948
2026-10-01T06:03Z,2026-10-01T10:00Z,3.95,Kathmandu,0.5,4990
2026-10-01T06:03Z,2026-10-01T11:00Z,4.95,Kathmandu,0.4,4871
2026-10-01T06:03Z,2026-10-01T12:00Z,5.95,Kathmandu,0.1,4946
2026-10-01T06:03Z,2026-10-01T13:00Z,6.95,Kathmandu,0.1,4998
2026-10-01T06:03Z,2026-10-01T14:00Z,7.95,Kathmandu,0.1,4989
2026-10-01T06:03Z,2026-10-01T04:00Z,-2.05,Namche Bazaar,0.0,5079
2026-10-01T06:03Z,2026-10-01T05:00Z,-1.05,Namche Bazaar,0.0,5119
2026-10-01T06:03Z,2026-10-01T06:00Z,-0.05,Namche Bazaar,0.2,5032
2026-10-01T06:03Z,2026-10-01T07:00Z,0.95,Namche Bazaar,0.2,5102
2026-10-01T06:03Z,2026-10-01T08:00Z,1.95,Namche Bazaar,0.1,5129
2026-10-01T06:03Z,2026-10-01T09:00Z,2.95,Namche Bazaar,0.4,5171
2026-10-01T06:03Z,2026-10-01T10:00Z,3.95,Namche Bazaar,0.2,5166
2026-10-01T06:03Z,2026-10-01T11:00Z,4.95,Namche Bazaar,0.1,5169
2026-10-01T06:03Z,2026-10-01T12:00Z,5.95,Namche Bazaar,0.2,5135
2026-10-01T06:03Z,2026-10-01T13:00Z,6.95,Namche Bazaar,0.1,5121
2026-10-01T06:03Z,2026-10-01T14:00Z,7.95,Namche Bazaar,0.0,5074
2026-10-01T06:03Z,2026-10-01T04:00Z,-2.05,Darjeeling,0.0,5066
2026-10-01T06:03Z,2026-10-01T05:00Z,-1.05,Darjeeling,0.0,5024
2026-10-01T06:03Z,2026-10-01T06:00Z,-0.05,Darjeeling,0.1,5055
2026-10-01T06:03Z,2026-10-01T07:00Z,0.95,Darjeeling,0.3,4947
2026-10-01T06:03Z,2026-10-01T08:00Z,1.95,Darjeeling,1.3,4957
2026-10-01T06:03Z,2026-10-01T09:00Z,2.95,Darjeeling,0.9,4998
2026-10-01T06:03Z,2026-10-01T10:00Z,3.95,Darjeeling,0.7,5037
2026-10-01T06:03Z,2026-10-01T11:00Z,4.95,Darjeeling,0.4,5103
2026-10-01T06:03Z,2026-10-01T12:00Z,5.95,Darjeeling,0.4,5115
2026-10-01T06:03Z,2026-10-01T13:00Z,6.95,Darjeeling,0.1,5015
2026-10-01T06:03Z,2026-10-01T14:00Z,7.95,Darjeeling,0.6,5041
2026-10-01T06:03Z,2026-10-01T04:00Z,-2.05,Gangtok,0.0,4965
2026-10-01T06:03Z,2026-10-01T05:00Z,-1.05,Gangtok,0.0,4938
2026-10-01T06:03Z,2026-10-01T06:00Z,-0.05,Gangtok,0.2,4995
2026-10-01T06:03Z,2026-10-01T07:00Z,0.95,Gangtok,0.3,4881
2026-10-01T06:03Z,2026-10-01T08:00Z,1.95,Gangtok,2.5,4872
2026-10-01T06:03Z,2026-10-01T09:00Z,2.95,Gangtok,2.1,4970
2026-10-01T06:03Z,2026-10-01T10:00Z,3.95,Gangtok,1.7,5069
2026-10-01T06:03Z,2026-10-01T11:00Z,4.95,Gangtok,0.9,5167
2026-10-01T06:03Z,2026-10-01T12:00Z,5.95,Gangtok,0.9,5205
2026-10-01T06:03Z,2026-10-01T13:00Z,6.95,Gangtok,0.3,4945
2026-10-01T06:03Z,2026-10-01T14:00Z,7.95,Gangtok,0.9,4964
2026-10-01T06:03Z,2026-10-01T04:00Z,-2.05,Thimphu,0.1,4852
2026-10-01T06:03Z,2026-10-01T05:00Z,-1.05,Thimphu,0.1,4746
2026-10-01T06:03Z,2026-10-01T06:00Z,-0.05,Thimphu,0.2,4808
2026-10-01T06:03Z,2026-10-01T07:00Z,0.95,Thimphu,0.2,4876
2026-10-01T06:03Z,2026-10-01T08:00Z,1.95,Thimphu,0.1,4927
2026-10-01T06:03Z,2026-10-01T09:00Z,2.95,Thimphu,0.1,4989
2026-10-01T06:03Z,2026-10-01T10:00Z,3.95,Thimphu,0.2,5035
2026-10-01T06:03Z,2026-10-01T11:00Z,4.95,Thimphu,0.3,5023
2026-10-01T06:03Z,2026-10-01T12:00Z,5.95,Thimphu,0.2,5062
2026-10-01T06:03Z,2026-10-01T13:00Z,6.95,Thimphu,0.1,4944
2026-10-01T06:03Z,2026-10-01T14:00Z,7.95,Thimphu,0.1,4885
2026-10-01T06:03Z,2026-10-01T04:00Z,-2.05,Tawang,0.0,4833
2026-10-01T06:03Z,2026-10-01T05:00Z,-1.05,Tawang,0.1,4862
2026-10-01T06:03Z,2026-10-01T06:00Z,-0.05,Tawang,0.2,4913
2026-10-01T06:03Z,2026-10-01T07:00Z,0.95,Tawang,0.5,5019
2026-10-01T06:03Z,2026-10-01T08:00Z,1.95,Tawang,1.2,5092
2026-10-01T06:03Z,2026-10-01T09:00Z,2.95,Tawang,2.1,5046
2026-10-01T06:03Z,2026-10-01T10:00Z,3.95,Tawang,0.9,5003
2026-10-01T06:03Z,2026-10-01T11:00Z,4.95,Tawang,1.2,4953
2026-10-01T06:03Z,2026-10-01T12:00Z,5.95,Tawang,0.7,4907
2026-10-01T06:03Z,2026-10-01T13:00Z,6.95,Tawang,0.1,4846
2026-10-01T06:03Z,2026-10-01T14:00Z,7.95,Tawang,0.1,4850
2026-10-01T06:03Z,2026-10-01T04:00Z,-2.05,Lhasa,0.1,5234
2026-10-01T06:03Z,2026-10-01T05:00Z,-1.05,Lhasa,0.1,5350
2026-10-01T06:03Z,2026-10-01T06:00Z,-0.05,Lhasa,0.1,5428
2026-10-01T06:03Z,2026-10-01T07:00Z,0.95,Lhasa,0.0,5486
2026-10-01T06:03Z,2026-10-01T08:00Z,1.95,Lhasa,0.1,5569
2026-10-01T06:03Z,2026-10-01T09:00Z,2.95,Lhasa,0.0,5647
2026-10-01T06:03Z,2026-10-01T10:00Z,3.95,Lhasa,0.0,5681
2026-10-01T06:03Z,2026-10-01T11:00Z,4.95,Lhasa,0.0,5671
2026-10-01T06:03Z,2026-10-01T12:00Z,5.95,Lhasa,0.0,5655
2026-10-01T06:03Z,2026-10-01T13:00Z,6.95,Lhasa,0.0,5635
2026-10-01T06:03Z,2026-10-01T14:00Z,7.95,Lhasa,0.0,5608
2026-10-01T06:03Z,2026-10-01T04:00Z,-2.05,Shigatse,0.0,5205
2026-10-01T06:03Z,2026-10-01T05:00Z,-1.05,Shigatse,0.0,5241
2026-10-01T06:03Z,2026-10-01T06:00Z,-0.05,Shigatse,0.0,5326
2026-10-01T06:03Z,2026-10-01T07:00Z,0.95,Shigatse,0.0,5408
2026-10-01T06:03Z,2026-10-01T08:00Z,1.95,Shigatse,0.0,5471
2026-10-01T06:03Z,2026-10-01T09:00Z,2.95,Shigatse,0.0,5519
2026-10-01T06:03Z,2026-10-01T10:00Z,3.95,Shigatse,0.0,5538
2026-10-01T06:03Z,2026-10-01T11:00Z,4.95,Shigatse,0.0,5550
2026-10-01T06:03Z,2026-10-01T12:00Z,5.95,Shigatse,0.0,5545
2026-10-01T06:03Z,2026-10-01T13:00Z,6.95,Shigatse,0.0,5545
2026-10-01T06:03Z,2026-10-01T14:00Z,7.95,Shigatse,0.0,5519
2026-10-01T06:03Z,2026-10-01T04:00Z,-2.05,Itanagar,0.3,4918
2026-10-01T06:03Z,2026-10-01T05:00Z,-1.05,Itanagar,0.6,4949
2026-10-01T06:03Z,2026-10-01T06:00Z,-0.05,Itanagar,0.3,4985
2026-10-01T06:03Z,2026-10-01T07:00Z,0.95,Itanagar,0.4,4991
2026-10-01T06:03Z,2026-10-01T08:00Z,1.95,Itanagar,0.5,4997
2026-10-01T06:03Z,2026-10-01T09:00Z,2.95,Itanagar,1.0,4984
2026-10-01T06:03Z,2026-10-01T10:00Z,3.95,Itanagar,0.4,4963
2026-10-01T06:03Z,2026-10-01T11:00Z,4.95,Itanagar,0.3,4912
2026-10-01T06:03Z,2026-10-01T12:00Z,5.95,Itanagar,0.3,4892
2026-10-01T06:03Z,2026-10-01T13:00Z,6.95,Itanagar,1.4,4894
2026-10-01T06:03Z,2026-10-01T14:00Z,7.95,Itanagar,0.5,4873
2026-10-01T13:33Z,2026-10-01T11:00Z,-2.55,Gilgit,0.0,4353
2026-10-01T13:33Z,2026-10-01T12:00Z,-1.55,Gilgit,0.0,4292
2026-10-01T13:33Z,2026-10-01T13:00Z,-0.55,Gilgit,0.0,4204
2026-10-01T13:33Z,2026-10-01T14:00Z,0.45,Gilgit,0.0,4096
2026-10-01T13:33Z,2026-10-01T15:00Z,1.45,Gilgit,0.0,4083
2026-10-01T13:33Z,2026-10-01T16:00Z,2.45,Gilgit,0.0,4049
2026-10-01T13:33Z,2026-10-01T17:00Z,3.45,Gilgit,0.0,4078
2026-10-01T13:33Z,2026-10-01T18:00Z,4.45,Gilgit,0.0,4039
2026-10-01T13:33Z,2026-10-01T19:00Z,5.45,Gilgit,0.0,4019
2026-10-01T13:33Z,2026-10-01T20:00Z,6.45,Gilgit,0.0,4017
2026-10-01T13:33Z,2026-10-01T21:00Z,7.45,Gilgit,0.1,3991
2026-10-01T13:33Z,2026-10-01T11:00Z,-2.55,Skardu,0.0,4514
2026-10-01T13:33Z,2026-10-01T12:00Z,-1.55,Skardu,0.0,4447
2026-10-01T13:33Z,2026-10-01T13:00Z,-0.55,Skardu,0.0,4402
2026-10-01T13:33Z,2026-10-01T14:00Z,0.45,Skardu,0.0,4351
2026-10-01T13:33Z,2026-10-01T15:00Z,1.45,Skardu,0.0,4299
2026-10-01T13:33Z,2026-10-01T16:00Z,2.45,Skardu,0.0,4280
2026-10-01T13:33Z,2026-10-01T17:00Z,3.45,Skardu,0.0,4219
2026-10-01T13:33Z,2026-10-01T18:00Z,4.45,Skardu,0.0,4191
2026-10-01T13:33Z,2026-10-01T19:00Z,5.45,Skardu,0.0,4170
2026-10-01T13:33Z,2026-10-01T20:00Z,6.45,Skardu,0.0,4158
2026-10-01T13:33Z,2026-10-01T21:00Z,7.45,Skardu,0.0,4135
2026-10-01T13:33Z,2026-10-01T11:00Z,-2.55,Srinagar,0.0,4166
2026-10-01T13:33Z,2026-10-01T12:00Z,-1.55,Srinagar,0.0,4170
2026-10-01T13:33Z,2026-10-01T13:00Z,-0.55,Srinagar,0.0,4167
2026-10-01T13:33Z,2026-10-01T14:00Z,0.45,Srinagar,0.0,4175
2026-10-01T13:33Z,2026-10-01T15:00Z,1.45,Srinagar,0.0,4150
2026-10-01T13:33Z,2026-10-01T16:00Z,2.45,Srinagar,0.0,4126
2026-10-01T13:33Z,2026-10-01T17:00Z,3.45,Srinagar,0.0,4139
2026-10-01T13:33Z,2026-10-01T18:00Z,4.45,Srinagar,0.0,4140
2026-10-01T13:33Z,2026-10-01T19:00Z,5.45,Srinagar,0.0,4150
2026-10-01T13:33Z,2026-10-01T20:00Z,6.45,Srinagar,0.0,4145
2026-10-01T13:33Z,2026-10-01T21:00Z,7.45,Srinagar,0.0,4109
2026-10-01T13:33Z,2026-10-01T11:00Z,-2.55,Leh,0.0,4691
2026-10-01T13:33Z,2026-10-01T12:00Z,-1.55,Leh,0.0,4692
2026-10-01T13:33Z,2026-10-01T13:00Z,-0.55,Leh,0.0,4656
2026-10-01T13:33Z,2026-10-01T14:00Z,0.45,Leh,0.0,4605
2026-10-01T13:33Z,2026-10-01T15:00Z,1.45,Leh,0.0,4550
2026-10-01T13:33Z,2026-10-01T16:00Z,2.45,Leh,0.0,4496
2026-10-01T13:33Z,2026-10-01T17:00Z,3.45,Leh,0.0,4428
2026-10-01T13:33Z,2026-10-01T18:00Z,4.45,Leh,0.0,4411
2026-10-01T13:33Z,2026-10-01T19:00Z,5.45,Leh,0.0,4381
2026-10-01T13:33Z,2026-10-01T20:00Z,6.45,Leh,0.0,4295
2026-10-01T13:33Z,2026-10-01T21:00Z,7.45,Leh,0.0,4261
2026-10-01T13:33Z,2026-10-01T11:00Z,-2.55,Jammu,0.0,4295
2026-10-01T13:33Z,2026-10-01T12:00Z,-1.55,Jammu,0.0,4309
2026-10-01T13:33Z,2026-10-01T13:00Z,-0.55,Jammu,0.0,4316
2026-10-01T13:33Z,2026-10-01T14:00Z,0.45,Jammu,0.0,4348
2026-10-01T13:33Z,2026-10-01T15:00Z,1.45,Jammu,0.0,4351
2026-10-01T13:33Z,2026-10-01T16:00Z,2.45,Jammu,0.0,4346
2026-10-01T13:33Z,2026-10-01T17:00Z,3.45,Jammu,0.0,4347
2026-10-01T13:33Z,2026-10-01T18:00Z,4.45,Jammu,0.0,4314
2026-10-01T13:33Z,2026-10-01T19:00Z,5.45,Jammu,0.0,4326
2026-10-01T13:33Z,2026-10-01T20:00Z,6.45,Jammu,0.0,4278
2026-10-01T13:33Z,2026-10-01T21:00Z,7.45,Jammu,0.0,4282
2026-10-01T13:33Z,2026-10-01T11:00Z,-2.55,Dharamshala,0.0,4219
2026-10-01T13:33Z,2026-10-01T12:00Z,-1.55,Dharamshala,0.0,4254
2026-10-01T13:33Z,2026-10-01T13:00Z,-0.55,Dharamshala,0.0,4235
2026-10-01T13:33Z,2026-10-01T14:00Z,0.45,Dharamshala,0.0,4257
2026-10-01T13:33Z,2026-10-01T15:00Z,1.45,Dharamshala,0.0,4256
2026-10-01T13:33Z,2026-10-01T16:00Z,2.45,Dharamshala,0.0,4262
2026-10-01T13:33Z,2026-10-01T17:00Z,3.45,Dharamshala,0.0,4283
2026-10-01T13:33Z,2026-10-01T18:00Z,4.45,Dharamshala,0.0,4309
2026-10-01T13:33Z,2026-10-01T19:00Z,5.45,Dharamshala,0.0,4313
2026-10-01T13:33Z,2026-10-01T20:00Z,6.45,Dharamshala,0.0,4304
2026-10-01T13:33Z,2026-10-01T21:00Z,7.45,Dharamshala,0.0,4298
2026-10-01T13:33Z,2026-10-01T11:00Z,-2.55,Manali,0.1,4289
2026-10-01T13:33Z,2026-10-01T12:00Z,-1.55,Manali,0.0,4314
2026-10-01T13:33Z,2026-10-01T13:00Z,-0.55,Manali,0.0,4313
2026-10-01T13:33Z,2026-10-01T14:00Z,0.45,Manali,0.0,4316
2026-10-01T13:33Z,2026-10-01T15:00Z,1.45,Manali,0.0,4295
2026-10-01T13:33Z,2026-10-01T16:00Z,2.45,Manali,0.0,4290
2026-10-01T13:33Z,2026-10-01T17:00Z,3.45,Manali,0.0,4286
2026-10-01T13:33Z,2026-10-01T18:00Z,4.45,Manali,0.0,4283
2026-10-01T13:33Z,2026-10-01T19:00Z,5.45,Manali,0.0,4293
2026-10-01T13:33Z,2026-10-01T20:00Z,6.45,Manali,0.0,4280
2026-10-01T13:33Z,2026-10-01T21:00Z,7.45,Manali,0.0,4282
2026-10-01T13:33Z,2026-10-01T11:00Z,-2.55,Kaza,0.0,4789
2026-10-01T13:33Z,2026-10-01T12:00Z,-1.55,Kaza,0.0,4768
2026-10-01T13:33Z,2026-10-01T13:00Z,-0.55,Kaza,0.0,4732
2026-10-01T13:33Z,2026-10-01T14:00Z,0.45,Kaza,0.0,4696
2026-10-01T13:33Z,2026-10-01T15:00Z,1.45,Kaza,0.0,4592
2026-10-01T13:33Z,2026-10-01T16:00Z,2.45,Kaza,0.0,4545
2026-10-01T13:33Z,2026-10-01T17:00Z,3.45,Kaza,0.0,4514
2026-10-01T13:33Z,2026-10-01T18:00Z,4.45,Kaza,0.0,4476
2026-10-01T13:33Z,2026-10-01T19:00Z,5.45,Kaza,0.0,4449
2026-10-01T13:33Z,2026-10-01T20:00Z,6.45,Kaza,0.0,4420
2026-10-01T13:33Z,2026-10-01T21:00Z,7.45,Kaza,0.0,4407
2026-10-01T13:33Z,2026-10-01T11:00Z,-2.55,Shimla,0.0,4331
2026-10-01T13:33Z,2026-10-01T12:00Z,-1.55,Shimla,0.0,4352
2026-10-01T13:33Z,2026-10-01T13:00Z,-0.55,Shimla,0.0,4328
2026-10-01T13:33Z,2026-10-01T14:00Z,0.45,Shimla,0.0,4358
2026-10-01T13:33Z,2026-10-01T15:00Z,1.45,Shimla,0.0,4386
2026-10-01T13:33Z,2026-10-01T16:00Z,2.45,Shimla,0.0,4401
2026-10-01T13:33Z,2026-10-01T17:00Z,3.45,Shimla,0.0,4411
2026-10-01T13:33Z,2026-10-01T18:00Z,4.45,Shimla,0.0,4421
2026-10-01T13:33Z,2026-10-01T19:00Z,5.45,Shimla,0.0,4437
2026-10-01T13:33Z,2026-10-01T20:00Z,6.45,Shimla,0.0,4415
2026-10-01T13:33Z,2026-10-01T21:00Z,7.45,Shimla,0.0,4396
2026-10-01T13:33Z,2026-10-01T11:00Z,-2.55,Dehradun,0.1,4413
2026-10-01T13:33Z,2026-10-01T12:00Z,-1.55,Dehradun,0.0,4439
2026-10-01T13:33Z,2026-10-01T13:00Z,-0.55,Dehradun,0.0,4449
2026-10-01T13:33Z,2026-10-01T14:00Z,0.45,Dehradun,0.0,4469
2026-10-01T13:33Z,2026-10-01T15:00Z,1.45,Dehradun,0.0,4494
2026-10-01T13:33Z,2026-10-01T16:00Z,2.45,Dehradun,0.0,4512
2026-10-01T13:33Z,2026-10-01T17:00Z,3.45,Dehradun,0.0,4531
2026-10-01T13:33Z,2026-10-01T18:00Z,4.45,Dehradun,0.0,4521
2026-10-01T13:33Z,2026-10-01T19:00Z,5.45,Dehradun,0.0,4513
2026-10-01T13:33Z,2026-10-01T20:00Z,6.45,Dehradun,0.0,4510
2026-10-01T13:33Z,2026-10-01T21:00Z,7.45,Dehradun,0.0,4493
2026-10-01T13:33Z,2026-10-01T11:00Z,-2.55,Uttarkashi,0.0,4431
2026-10-01T13:33Z,2026-10-01T12:00Z,-1.55,Uttarkashi,0.0,4428
2026-10-01T13:33Z,2026-10-01T13:00Z,-0.55,Uttarkashi,0.0,4425
2026-10-01T13:33Z,2026-10-01T14:00Z,0.45,Uttarkashi,0.0,4431
2026-10-01T13:33Z,2026-10-01T15:00Z,1.45,Uttarkashi,0.0,4441
2026-10-01T13:33Z,2026-10-01T16:00Z,2.45,Uttarkashi,0.0,4461
2026-10-01T13:33Z,2026-10-01T17:00Z,3.45,Uttarkashi,0.0,4471
2026-10-01T13:33Z,2026-10-01T18:00Z,4.45,Uttarkashi,0.0,4463
2026-10-01T13:33Z,2026-10-01T19:00Z,5.45,Uttarkashi,0.0,4453
2026-10-01T13:33Z,2026-10-01T20:00Z,6.45,Uttarkashi,0.0,4438
2026-10-01T13:33Z,2026-10-01T21:00Z,7.45,Uttarkashi,0.0,4428
2026-10-01T13:33Z,2026-10-01T11:00Z,-2.55,Joshimath,0.0,4416
2026-10-01T13:33Z,2026-10-01T12:00Z,-1.55,Joshimath,0.0,4439
2026-10-01T13:33Z,2026-10-01T13:00Z,-0.55,Joshimath,0.0,4426
2026-10-01T13:33Z,2026-10-01T14:00Z,0.45,Joshimath,0.0,4462
2026-10-01T13:33Z,2026-10-01T15:00Z,1.45,Joshimath,0.0,4472
2026-10-01T13:33Z,2026-10-01T16:00Z,2.45,Joshimath,0.0,4458
2026-10-01T13:33Z,2026-10-01T17:00Z,3.45,Joshimath,0.0,4456
2026-10-01T13:33Z,2026-10-01T18:00Z,4.45,Joshimath,0.0,4451
2026-10-01T13:33Z,2026-10-01T19:00Z,5.45,Joshimath,0.0,4457
2026-10-01T13:33Z,2026-10-01T20:00Z,6.45,Joshimath,0.0,4432
2026-10-01T13:33Z,2026-10-01T21:00Z,7.45,Joshimath,0.0,4428
2026-10-01T13:33Z,2026-10-01T11:00Z,-2.55,Bhimtal,0.0,4548
2026-10-01T13:33Z,2026-10-01T12:00Z,-1.55,Bhimtal,0.0,4557
2026-10-01T13:33Z,2026-10-01T13:00Z,-0.55,Bhimtal,0.0,4565
2026-10-01T13:33Z,2026-10-01T14:00Z,0.45,Bhimtal,0.0,4561
2026-10-01T13:33Z,2026-10-01T15:00Z,1.45,Bhimtal,0.0,4560
2026-10-01T13:33Z,2026-10-01T16:00Z,2.45,Bhimtal,0.0,4568
2026-10-01T13:33Z,2026-10-01T17:00Z,3.45,Bhimtal,0.0,4567
2026-10-01T13:33Z,2026-10-01T18:00Z,4.45,Bhimtal,0.0,4575
2026-10-01T13:33Z,2026-10-01T19:00Z,5.45,Bhimtal,0.0,4568
2026-10-01T13:33Z,2026-10-01T20:00Z,6.45,Bhimtal,0.0,4547
2026-10-01T13:33Z,2026-10-01T21:00Z,7.45,Bhimtal,0.0,4516
2026-10-01T13:33Z,2026-10-01T11:00Z,-2.55,Pithoragarh,0.0,4572
2026-10-01T13:33Z,2026-10-01T12:00Z,-1.55,Pithoragarh,0.0,4576
2026-10-01T13:33Z,2026-10-01T13:00Z,-0.55,Pithoragarh,0.0,4577
2026-10-01T13:33Z,2026-10-01T14:00Z,0.45,Pithoragarh,0.0,4589
2026-10-01T13:33Z,2026-10-01T15:00Z,1.45,Pithoragarh,0.0,4582
2026-10-01T13:33Z,2026-10-01T16:00Z,2.45,Pithoragarh,0.0,4558
2026-10-01T13:33Z,2026-10-01T17:00Z,3.45,Pithoragarh,0.0,4534
2026-10-01T13:33Z,2026-10-01T18:00Z,4.45,Pithoragarh,0.0,4503
2026-10-01T13:33Z,2026-10-01T19:00Z,5.45,Pithoragarh,0.0,4484
2026-10-01T13:33Z,2026-10-01T20:00Z,6.45,Pithoragarh,0.0,4455
2026-10-01T13:33Z,2026-10-01T21:00Z,7.45,Pithoragarh,0.0,4433
2026-10-01T13:33Z,2026-10-01T11:00Z,-2.55,Jumla,0.1,4719
2026-10-01T13:33Z,2026-10-01T12:00Z,-1.55,Jumla,0.1,4686
2026-10-01T13:33Z,2026-10-01T13:00Z,-0.55,Jumla,0.0,4673
2026-10-01T13:33Z,2026-10-01T14:00Z,0.45,Jumla,0.0,4655
2026-10-01T13:33Z,2026-10-01T15:00Z,1.45,Jumla,0.0,4632
2026-10-01T13:33Z,2026-10-01T16:00Z,2.45,Jumla,0.0,4613
2026-10-01T13:33Z,2026-10-01T17:00Z,3.45,Jumla,0.0,4599
2026-10-01T13:33Z,2026-10-01T18:00Z,4.45,Jumla,0.0,4582
2026-10-01T13:33Z,2026-10-01T19:00Z,5.45,Jumla,0.0,4559
2026-10-01T13:33Z,2026-10-01T20:00Z,6.45,Jumla,0.0,4533
2026-10-01T13:33Z,2026-10-01T21:00Z,7.45,Jumla,0.0,4482
2026-10-01T13:33Z,2026-10-01T11:00Z,-2.55,Jomsom,0.0,4878
2026-10-01T13:33Z,2026-10-01T12:00Z,-1.55,Jomsom,0.0,4870
2026-10-01T13:33Z,2026-10-01T13:00Z,-0.55,Jomsom,0.0,4808
2026-10-01T13:33Z,2026-10-01T14:00Z,0.45,Jomsom,0.0,4828
2026-10-01T13:33Z,2026-10-01T15:00Z,1.45,Jomsom,0.0,4809
2026-10-01T13:33Z,2026-10-01T16:00Z,2.45,Jomsom,0.0,4803
2026-10-01T13:33Z,2026-10-01T17:00Z,3.45,Jomsom,0.0,4787
2026-10-01T13:33Z,2026-10-01T18:00Z,4.45,Jomsom,0.0,4772
2026-10-01T13:33Z,2026-10-01T19:00Z,5.45,Jomsom,0.0,4766
2026-10-01T13:33Z,2026-10-01T20:00Z,6.45,Jomsom,0.0,4722
2026-10-01T13:33Z,2026-10-01T21:00Z,7.45,Jomsom,0.0,4730
2026-10-01T13:33Z,2026-10-01T11:00Z,-2.55,Pokhara,0.0,4942
2026-10-01T13:33Z,2026-10-01T12:00Z,-1.55,Pokhara,0.0,4989
2026-10-01T13:33Z,2026-10-01T13:00Z,-0.55,Pokhara,0.0,4812
2026-10-01T13:33Z,2026-10-01T14:00Z,0.45,Pokhara,0.0,4889
2026-10-01T13:33Z,2026-10-01T15:00Z,1.45,Pokhara,0.0,4871
2026-10-01T13:33Z,2026-10-01T16:00Z,2.45,Pokhara,0.0,4889
2026-10-01T13:33Z,2026-10-01T17:00Z,3.45,Pokhara,0.0,4860
2026-10-01T13:33Z,2026-10-01T18:00Z,4.45,Pokhara,0.0,4859
2026-10-01T13:33Z,2026-10-01T19:00Z,5.45,Pokhara,0.0,4923
2026-10-01T13:33Z,2026-10-01T20:00Z,6.45,Pokhara,0.0,4791
2026-10-01T13:33Z,2026-10-01T21:00Z,7.45,Pokhara,0.0,4921
2026-10-01T13:33Z,2026-10-01T11:00Z,-2.55,Kathmandu,0.6,4987
2026-10-01T13:33Z,2026-10-01T12:00Z,-1.55,Kathmandu,0.2,4977
2026-10-01T13:33Z,2026-10-01T13:00Z,-0.55,Kathmandu,0.1,4973
2026-10-01T13:33Z,2026-10-01T14:00Z,0.45,Kathmandu,0.1,5001
2026-10-01T13:33Z,2026-10-01T15:00Z,1.45,Kathmandu,0.1,5018
2026-10-01T13:33Z,2026-10-01T16:00Z,2.45,Kathmandu,0.2,5026
2026-10-01T13:33Z,2026-10-01T17:00Z,3.45,Kathmandu,0.2,5021
2026-10-01T13:33Z,2026-10-01T18:00Z,4.45,Kathmandu,0.2,5021
2026-10-01T13:33Z,2026-10-01T19:00Z,5.45,Kathmandu,0.2,5017
2026-10-01T13:33Z,2026-10-01T20:00Z,6.45,Kathmandu,0.2,4982
2026-10-01T13:33Z,2026-10-01T21:00Z,7.45,Kathmandu,0.1,4964
2026-10-01T13:33Z,2026-10-01T11:00Z,-2.55,Namche Bazaar,0.1,5152
2026-10-01T13:33Z,2026-10-01T12:00Z,-1.55,Namche Bazaar,0.3,5141
2026-10-01T13:33Z,2026-10-01T13:00Z,-0.55,Namche Bazaar,0.1,5133
2026-10-01T13:33Z,2026-10-01T14:00Z,0.45,Namche Bazaar,0.0,5065
2026-10-01T13:33Z,2026-10-01T15:00Z,1.45,Namche Bazaar,0.0,5060
2026-10-01T13:33Z,2026-10-01T16:00Z,2.45,Namche Bazaar,0.0,5049
2026-10-01T13:33Z,2026-10-01T17:00Z,3.45,Namche Bazaar,0.0,5045
2026-10-01T13:33Z,2026-10-01T18:00Z,4.45,Namche Bazaar,0.0,4999
2026-10-01T13:33Z,2026-10-01T19:00Z,5.45,Namche Bazaar,0.0,4934
2026-10-01T13:33Z,2026-10-01T20:00Z,6.45,Namche Bazaar,0.0,4920
2026-10-01T13:33Z,2026-10-01T21:00Z,7.45,Namche Bazaar,0.1,4926
2026-10-01T13:33Z,2026-10-01T11:00Z,-2.55,Darjeeling,0.2,5085
2026-10-01T13:33Z,2026-10-01T12:00Z,-1.55,Darjeeling,0.1,5088
2026-10-01T13:33Z,2026-10-01T13:00Z,-0.55,Darjeeling,0.3,5104
2026-10-01T13:33Z,2026-10-01T14:00Z,0.45,Darjeeling,0.2,5000
2026-10-01T13:33Z,2026-10-01T15:00Z,1.45,Darjeeling,0.1,5026
2026-10-01T13:33Z,2026-10-01T16:00Z,2.45,Darjeeling,0.1,5014
2026-10-01T13:33Z,2026-10-01T17:00Z,3.45,Darjeeling,0.0,5018
2026-10-01T13:33Z,2026-10-01T18:00Z,4.45,Darjeeling,0.0,5023
2026-10-01T13:33Z,2026-10-01T19:00Z,5.45,Darjeeling,0.0,5033
2026-10-01T13:33Z,2026-10-01T20:00Z,6.45,Darjeeling,0.0,4943
2026-10-01T13:33Z,2026-10-01T21:00Z,7.45,Darjeeling,0.0,4915
2026-10-01T13:33Z,2026-10-01T11:00Z,-2.55,Gangtok,0.6,5085
2026-10-01T13:33Z,2026-10-01T12:00Z,-1.55,Gangtok,0.3,5124
2026-10-01T13:33Z,2026-10-01T13:00Z,-0.55,Gangtok,0.8,5164
2026-10-01T13:33Z,2026-10-01T14:00Z,0.45,Gangtok,0.5,4893
2026-10-01T13:33Z,2026-10-01T15:00Z,1.45,Gangtok,0.2,4962
2026-10-01T13:33Z,2026-10-01T16:00Z,2.45,Gangtok,0.3,4925
2026-10-01T13:33Z,2026-10-01T17:00Z,3.45,Gangtok,0.1,4956
2026-10-01T13:33Z,2026-10-01T18:00Z,4.45,Gangtok,0.0,4917
2026-10-01T13:33Z,2026-10-01T19:00Z,5.45,Gangtok,0.0,4973
2026-10-01T13:33Z,2026-10-01T20:00Z,6.45,Gangtok,0.0,4809
2026-10-01T13:33Z,2026-10-01T21:00Z,7.45,Gangtok,0.0,4758
2026-10-01T13:33Z,2026-10-01T11:00Z,-2.55,Thimphu,0.0,4999
2026-10-01T13:33Z,2026-10-01T12:00Z,-1.55,Thimphu,0.0,5026
2026-10-01T13:33Z,2026-10-01T13:00Z,-0.55,Thimphu,0.0,5043
2026-10-01T13:33Z,2026-10-01T14:00Z,0.45,Thimphu,0.1,4896
2026-10-01T13:33Z,2026-10-01T15:00Z,1.45,Thimphu,0.2,4873
2026-10-01T13:33Z,2026-10-01T16:00Z,2.45,Thimphu,0.1,4883
2026-10-01T13:33Z,2026-10-01T17:00Z,3.45,Thimphu,0.2,4867
2026-10-01T13:33Z,2026-10-01T18:00Z,4.45,Thimphu,0.1,4883
2026-10-01T13:33Z,2026-10-01T19:00Z,5.45,Thimphu,0.0,4829
2026-10-01T13:33Z,2026-10-01T20:00Z,6.45,Thimphu,0.0,4827
2026-10-01T13:33Z,2026-10-01T21:00Z,7.45,Thimphu,0.0,4783
2026-10-01T13:33Z,2026-10-01T11:00Z,-2.55,Tawang,0.7,4937
2026-10-01T13:33Z,2026-10-01T12:00Z,-1.55,Tawang,0.5,4939
2026-10-01T13:33Z,2026-10-01T13:00Z,-0.55,Tawang,0.0,4868
2026-10-01T13:33Z,2026-10-01T14:00Z,0.45,Tawang,0.0,4914
2026-10-01T13:33Z,2026-10-01T15:00Z,1.45,Tawang,0.0,4777
2026-10-01T13:33Z,2026-10-01T16:00Z,2.45,Tawang,0.0,4809
2026-10-01T13:33Z,2026-10-01T17:00Z,3.45,Tawang,0.0,4794
2026-10-01T13:33Z,2026-10-01T18:00Z,4.45,Tawang,0.0,4771
2026-10-01T13:33Z,2026-10-01T19:00Z,5.45,Tawang,0.0,4799
2026-10-01T13:33Z,2026-10-01T20:00Z,6.45,Tawang,0.0,4795
2026-10-01T13:33Z,2026-10-01T21:00Z,7.45,Tawang,0.0,4812
2026-10-01T13:33Z,2026-10-01T11:00Z,-2.55,Lhasa,0.0,5646
2026-10-01T13:33Z,2026-10-01T12:00Z,-1.55,Lhasa,0.0,5619
2026-10-01T13:33Z,2026-10-01T13:00Z,-0.55,Lhasa,0.0,5601
2026-10-01T13:33Z,2026-10-01T14:00Z,0.45,Lhasa,0.0,5585
2026-10-01T13:33Z,2026-10-01T15:00Z,1.45,Lhasa,0.0,5555
2026-10-01T13:33Z,2026-10-01T16:00Z,2.45,Lhasa,0.0,5515
2026-10-01T13:33Z,2026-10-01T17:00Z,3.45,Lhasa,0.0,5471
2026-10-01T13:33Z,2026-10-01T18:00Z,4.45,Lhasa,0.0,5427
2026-10-01T13:33Z,2026-10-01T19:00Z,5.45,Lhasa,0.0,5369
2026-10-01T13:33Z,2026-10-01T20:00Z,6.45,Lhasa,0.0,5307
2026-10-01T13:33Z,2026-10-01T21:00Z,7.45,Lhasa,0.0,5248
2026-10-01T13:33Z,2026-10-01T11:00Z,-2.55,Shigatse,0.0,5528
2026-10-01T13:33Z,2026-10-01T12:00Z,-1.55,Shigatse,0.0,5525
2026-10-01T13:33Z,2026-10-01T13:00Z,-0.55,Shigatse,0.0,5515
2026-10-01T13:33Z,2026-10-01T14:00Z,0.45,Shigatse,0.0,5494
2026-10-01T13:33Z,2026-10-01T15:00Z,1.45,Shigatse,0.0,5480
2026-10-01T13:33Z,2026-10-01T16:00Z,2.45,Shigatse,0.0,5457
2026-10-01T13:33Z,2026-10-01T17:00Z,3.45,Shigatse,0.0,5423
2026-10-01T13:33Z,2026-10-01T18:00Z,4.45,Shigatse,0.0,5386
2026-10-01T13:33Z,2026-10-01T19:00Z,5.45,Shigatse,0.0,5336
2026-10-01T13:33Z,2026-10-01T20:00Z,6.45,Shigatse,0.0,5283
2026-10-01T13:33Z,2026-10-01T21:00Z,7.45,Shigatse,0.0,5221
2026-10-01T13:33Z,2026-10-01T11:00Z,-2.55,Itanagar,0.7,4974
2026-10-01T13:33Z,2026-10-01T12:00Z,-1.55,Itanagar,0.8,4944
2026-10-01T13:33Z,2026-10-01T13:00Z,-0.55,Itanagar,0.8,4931
2026-10-01T13:33Z,2026-10-01T14:00Z,0.45,Itanagar,0.7,4921
2026-10-01T13:33Z,2026-10-01T15:00Z,1.45,Itanagar,0.8,4930
2026-10-01T13:33Z,2026-10-01T16:00Z,2.45,Itanagar,0.5,4922
2026-10-01T13:33Z,2026-10-01T17:00Z,3.45,Itanagar,0.6,4899
2026-10-01T13:33Z,2026-10-01T18:00Z,4.45,Itanagar,0.5,4884
2026-10-01T13:33Z,2026-10-01T19:00Z,5.45,Itanagar,0.6,4887
2026-10-01T13:33Z,2026-10-01T20:00Z,6.45,Itanagar,0.2,4900
2026-10-01T13:33Z,2026-10-01T21:00Z,7.45,Itanagar,0.9,4907
2026-10-01T19:36Z,2026-10-01T17:00Z,-2.6,Gilgit,0.1,4086
2026-10-01T19:36Z,2026-10-01T18:00Z,-1.6,Gilgit,0.1,4078
2026-10-01T19:36Z,2026-10-01T19:00Z,-0.6,Gilgit,0.0,4078
2026-10-01T19:36Z,2026-10-01T20:00Z,0.4,Gilgit,0.0,4053
2026-10-01T19:36Z,2026-10-01T21:00Z,1.4,Gilgit,0.1,4020
2026-10-01T19:36Z,2026-10-01T22:00Z,2.4,Gilgit,0.1,3998
2026-10-01T19:36Z,2026-10-01T23:00Z,3.4,Gilgit,0.0,3965
2026-10-01T19:36Z,2026-10-02T00:00Z,4.4,Gilgit,0.1,3938
2026-10-01T19:36Z,2026-10-02T01:00Z,5.4,Gilgit,0.0,3918
2026-10-01T19:36Z,2026-10-02T02:00Z,6.4,Gilgit,0.0,3908
2026-10-01T19:36Z,2026-10-02T03:00Z,7.4,Gilgit,0.0,3908
2026-10-01T19:36Z,2026-10-01T17:00Z,-2.6,Skardu,0.0,4272
2026-10-01T19:36Z,2026-10-01T18:00Z,-1.6,Skardu,0.0,4214
2026-10-01T19:36Z,2026-10-01T19:00Z,-0.6,Skardu,0.0,4181
2026-10-01T19:36Z,2026-10-01T20:00Z,0.4,Skardu,0.0,4176
2026-10-01T19:36Z,2026-10-01T21:00Z,1.4,Skardu,0.0,4158
2026-10-01T19:36Z,2026-10-01T22:00Z,2.4,Skardu,0.0,4139
2026-10-01T19:36Z,2026-10-01T23:00Z,3.4,Skardu,0.0,4113
2026-10-01T19:36Z,2026-10-02T00:00Z,4.4,Skardu,0.0,4088
2026-10-01T19:36Z,2026-10-02T01:00Z,5.4,Skardu,0.0,4042
2026-10-01T19:36Z,2026-10-02T02:00Z,6.4,Skardu,0.0,4055
2026-10-01T19:36Z,2026-10-02T03:00Z,7.4,Skardu,0.0,4156
2026-10-01T19:36Z,2026-10-01T17:00Z,-2.6,Srinagar,0.0,4201
2026-10-01T19:36Z,2026-10-01T18:00Z,-1.6,Srinagar,0.0,4188
2026-10-01T19:36Z,2026-10-01T19:00Z,-0.6,Srinagar,0.0,4161
2026-10-01T19:36Z,2026-10-01T20:00Z,0.4,Srinagar,0.0,4133
2026-10-01T19:36Z,2026-10-01T21:00Z,1.4,Srinagar,0.0,4129
2026-10-01T19:36Z,2026-10-01T22:00Z,2.4,Srinagar,0.0,4123
2026-10-01T19:36Z,2026-10-01T23:00Z,3.4,Srinagar,0.0,4139
2026-10-01T19:36Z,2026-10-02T00:00Z,4.4,Srinagar,0.0,4132
2026-10-01T19:36Z,2026-10-02T01:00Z,5.4,Srinagar,0.0,4136
2026-10-01T19:36Z,2026-10-02T02:00Z,6.4,Srinagar,0.0,4132
2026-10-01T19:36Z,2026-10-02T03:00Z,7.4,Srinagar,0.0,4146
2026-10-01T19:36Z,2026-10-01T17:00Z,-2.6,Leh,0.0,4483
2026-10-01T19:36Z,2026-10-01T18:00Z,-1.6,Leh,0.0,4441
2026-10-01T19:36Z,2026-10-01T19:00Z,-0.6,Leh,0.0,4395
2026-10-01T19:36Z,2026-10-01T20:00Z,0.4,Leh,0.0,4355
2026-10-01T19:36Z,2026-10-01T21:00Z,1.4,Leh,0.0,4268
2026-10-01T19:36Z,2026-10-01T22:00Z,2.4,Leh,0.0,4242
2026-10-01T19:36Z,2026-10-01T23:00Z,3.4,Leh,0.0,4176
2026-10-01T19:36Z,2026-10-02T00:00Z,4.4,Leh,0.0,4159
2026-10-01T19:36Z,2026-10-02T01:00Z,5.4,Leh,0.0,4139
2026-10-01T19:36Z,2026-10-02T02:00Z,6.4,Leh,0.0,4126
2026-10-01T19:36Z,2026-10-02T03:00Z,7.4,Leh,0.0,4161
2026-10-01T19:36Z,2026-10-01T17:00Z,-2.6,Jammu,0.0,4377
2026-10-01T19:36Z,2026-10-01T18:00Z,-1.6,Jammu,0.0,4345
2026-10-01T19:36Z,2026-10-01T19:00Z,-0.6,Jammu,0.0,4298
2026-10-01T19:36Z,2026-10-01T20:00Z,0.4,Jammu,0.0,4285
2026-10-01T19:36Z,2026-10-01T21:00Z,1.4,Jammu,0.0,4297
2026-10-01T19:36Z,2026-10-01T22:00Z,2.4,Jammu,0.0,4322
2026-10-01T19:36Z,2026-10-01T23:00Z,3.4,Jammu,0.0,4303
2026-10-01T19:36Z,2026-10-02T00:00Z,4.4,Jammu,0.0,4246
2026-10-01T19:36Z,2026-10-02T01:00Z,5.4,Jammu,0.0,4270
2026-10-01T19:36Z,2026-10-02T02:00Z,6.4,Jammu,0.0,4296
2026-10-01T19:36Z,2026-10-02T03:00Z,7.4,Jammu,0.0,4276
2026-10-01T19:36Z,2026-10-01T17:00Z,-2.6,Dharamshala,0.0,4277
2026-10-01T19:36Z,2026-10-01T18:00Z,-1.6,Dharamshala,0.0,4298
2026-10-01T19:36Z,2026-10-01T19:00Z,-0.6,Dharamshala,0.0,4307
2026-10-01T19:36Z,2026-10-01T20:00Z,0.4,Dharamshala,0.0,4259
2026-10-01T19:36Z,2026-10-01T21:00Z,1.4,Dharamshala,0.0,4253
2026-10-01T19:36Z,2026-10-01T22:00Z,2.4,Dharamshala,0.0,4278
2026-10-01T19:36Z,2026-10-01T23:00Z,3.4,Dharamshala,0.0,4339
2026-10-01T19:36Z,2026-10-02T00:00Z,4.4,Dharamshala,0.0,4343
2026-10-01T19:36Z,2026-10-02T01:00Z,5.4,Dharamshala,0.0,4345
2026-10-01T19:36Z,2026-10-02T02:00Z,6.4,Dharamshala,0.0,4342
2026-10-01T19:36Z,2026-10-02T03:00Z,7.4,Dharamshala,0.0,4366
2026-10-01T19:36Z,2026-10-01T17:00Z,-2.6,Manali,0.0,4254
2026-10-01T19:36Z,2026-10-01T18:00Z,-1.6,Manali,0.0,4262
2026-10-01T19:36Z,2026-10-01T19:00Z,-0.6,Manali,0.0,4289
2026-10-01T19:36Z,2026-10-01T20:00Z,0.4,Manali,0.0,4288
2026-10-01T19:36Z,2026-10-01T21:00Z,1.4,Manali,0.0,4244
2026-10-01T19:36Z,2026-10-01T22:00Z,2.4,Manali,0.0,4237
2026-10-01T19:36Z,2026-10-01T23:00Z,3.4,Manali,0.0,4274
2026-10-01T19:36Z,2026-10-02T00:00Z,4.4,Manali,0.0,4315
2026-10-01T19:36Z,2026-10-02T01:00Z,5.4,Manali,0.0,4314
2026-10-01T19:36Z,2026-10-02T02:00Z,6.4,Manali,0.0,4330
2026-10-01T19:36Z,2026-10-02T03:00Z,7.4,Manali,0.0,4369
2026-10-01T19:36Z,2026-10-01T17:00Z,-2.6,Kaza,0.0,4526
2026-10-01T19:36Z,2026-10-01T18:00Z,-1.6,Kaza,0.0,4488
2026-10-01T19:36Z,2026-10-01T19:00Z,-0.6,Kaza,0.0,4458
2026-10-01T19:36Z,2026-10-01T20:00Z,0.4,Kaza,0.0,4429
2026-10-01T19:36Z,2026-10-01T21:00Z,1.4,Kaza,0.0,4416
2026-10-01T19:36Z,2026-10-01T22:00Z,2.4,Kaza,0.0,4397
2026-10-01T19:36Z,2026-10-01T23:00Z,3.4,Kaza,0.0,4375
2026-10-01T19:36Z,2026-10-02T00:00Z,4.4,Kaza,0.0,4363
2026-10-01T19:36Z,2026-10-02T01:00Z,5.4,Kaza,0.0,4345
2026-10-01T19:36Z,2026-10-02T02:00Z,6.4,Kaza,0.0,4369
2026-10-01T19:36Z,2026-10-02T03:00Z,7.4,Kaza,0.0,4495
2026-10-01T19:36Z,2026-10-01T17:00Z,-2.6,Shimla,0.0,4388
2026-10-01T19:36Z,2026-10-01T18:00Z,-1.6,Shimla,0.0,4395
2026-10-01T19:36Z,2026-10-01T19:00Z,-0.6,Shimla,0.0,4419
2026-10-01T19:36Z,2026-10-01T20:00Z,0.4,Shimla,0.0,4410
2026-10-01T19:36Z,2026-10-01T21:00Z,1.4,Shimla,0.0,4343
2026-10-01T19:36Z,2026-10-01T22:00Z,2.4,Shimla,0.0,4295
2026-10-01T19:36Z,2026-10-01T23:00Z,3.4,Shimla,0.0,4351
2026-10-01T19:36Z,2026-10-02T00:00Z,4.4,Shimla,0.0,4418
2026-10-01T19:36Z,2026-10-02T01:00Z,5.4,Shimla,0.0,4424
2026-10-01T19:36Z,2026-10-02T02:00Z,6.4,Shimla,0.0,4437
2026-10-01T19:36Z,2026-10-02T03:00Z,7.4,Shimla,0.0,4436
2026-10-01T19:36Z,2026-10-01T17:00Z,-2.6,Dehradun,0.0,4496
2026-10-01T19:36Z,2026-10-01T18:00Z,-1.6,Dehradun,0.0,4505
2026-10-01T19:36Z,2026-10-01T19:00Z,-0.6,Dehradun,0.0,4497
2026-10-01T19:36Z,2026-10-01T20:00Z,0.4,Dehradun,0.0,4487
2026-10-01T19:36Z,2026-10-01T21:00Z,1.4,Dehradun,0.0,4485
2026-10-01T19:36Z,2026-10-01T22:00Z,2.4,Dehradun,0.0,4433
2026-10-01T19:36Z,2026-10-01T23:00Z,3.4,Dehradun,0.0,4394
2026-10-01T19:36Z,2026-10-02T00:00Z,4.4,Dehradun,0.0,4423
2026-10-01T19:36Z,2026-10-02T01:00Z,5.4,Dehradun,0.0,4460
2026-10-01T19:36Z,2026-10-02T02:00Z,6.4,Dehradun,0.0,4480
2026-10-01T19:36Z,2026-10-02T03:00Z,7.4,Dehradun,0.0,4488
2026-10-01T19:36Z,2026-10-01T17:00Z,-2.6,Uttarkashi,0.0,4423
2026-10-01T19:36Z,2026-10-01T18:00Z,-1.6,Uttarkashi,0.0,4428
2026-10-01T19:36Z,2026-10-01T19:00Z,-0.6,Uttarkashi,0.0,4427
2026-10-01T19:36Z,2026-10-01T20:00Z,0.4,Uttarkashi,0.0,4419
2026-10-01T19:36Z,2026-10-01T21:00Z,1.4,Uttarkashi,0.0,4420
2026-10-01T19:36Z,2026-10-01T22:00Z,2.4,Uttarkashi,0.0,4381
2026-10-01T19:36Z,2026-10-01T23:00Z,3.4,Uttarkashi,0.0,4343
2026-10-01T19:36Z,2026-10-02T00:00Z,4.4,Uttarkashi,0.0,4369
2026-10-01T19:36Z,2026-10-02T01:00Z,5.4,Uttarkashi,0.0,4394
2026-10-01T19:36Z,2026-10-02T02:00Z,6.4,Uttarkashi,0.0,4420
2026-10-01T19:36Z,2026-10-02T03:00Z,7.4,Uttarkashi,0.0,4435
2026-10-01T19:36Z,2026-10-01T17:00Z,-2.6,Joshimath,0.0,4416
2026-10-01T19:36Z,2026-10-01T18:00Z,-1.6,Joshimath,0.0,4417
2026-10-01T19:36Z,2026-10-01T19:00Z,-0.6,Joshimath,0.0,4424
2026-10-01T19:36Z,2026-10-01T20:00Z,0.4,Joshimath,0.0,4413
2026-10-01T19:36Z,2026-10-01T21:00Z,1.4,Joshimath,0.0,4425
2026-10-01T19:36Z,2026-10-01T22:00Z,2.4,Joshimath,0.0,4405
2026-10-01T19:36Z,2026-10-01T23:00Z,3.4,Joshimath,0.0,4375
2026-10-01T19:36Z,2026-10-02T00:00Z,4.4,Joshimath,0.0,4362
2026-10-01T19:36Z,2026-10-02T01:00Z,5.4,Joshimath,0.0,4366
2026-10-01T19:36Z,2026-10-02T02:00Z,6.4,Joshimath,0.0,4407
2026-10-01T19:36Z,2026-10-02T03:00Z,7.4,Joshimath,0.0,4438
2026-10-01T19:36Z,2026-10-01T17:00Z,-2.6,Bhimtal,0.0,4563
2026-10-01T19:36Z,2026-10-01T18:00Z,-1.6,Bhimtal,0.0,4571
2026-10-01T19:36Z,2026-10-01T19:00Z,-0.6,Bhimtal,0.0,4571
2026-10-01T19:36Z,2026-10-01T20:00Z,0.4,Bhimtal,0.0,4550
2026-10-01T19:36Z,2026-10-01T21:00Z,1.4,Bhimtal,0.0,4532
2026-10-01T19:36Z,2026-10-01T22:00Z,2.4,Bhimtal,0.0,4511
2026-10-01T19:36Z,2026-10-01T23:00Z,3.4,Bhimtal,0.0,4491
2026-10-01T19:36Z,2026-10-02T00:00Z,4.4,Bhimtal,0.0,4457
2026-10-01T19:36Z,2026-10-02T01:00Z,5.4,Bhimtal,0.0,4437
2026-10-01T19:36Z,2026-10-02T02:00Z,6.4,Bhimtal,0.0,4461
2026-10-01T19:36Z,2026-10-02T03:00Z,7.4,Bhimtal,0.0,4518
2026-10-01T19:36Z,2026-10-01T17:00Z,-2.6,Pithoragarh,0.0,4521
2026-10-01T19:36Z,2026-10-01T18:00Z,-1.6,Pithoragarh,0.0,4514
2026-10-01T19:36Z,2026-10-01T19:00Z,-0.6,Pithoragarh,0.0,4520
2026-10-01T19:36Z,2026-10-01T20:00Z,0.4,Pithoragarh,0.0,4483
2026-10-01T19:36Z,2026-10-01T21:00Z,1.4,Pithoragarh,0.0,4452
2026-10-01T19:36Z,2026-10-01T22:00Z,2.4,Pithoragarh,0.0,4428
2026-10-01T19:36Z,2026-10-01T23:00Z,3.4,Pithoragarh,0.0,4420
2026-10-01T19:36Z,2026-10-02T00:00Z,4.4,Pithoragarh,0.0,4400
2026-10-01T19:36Z,2026-10-02T01:00Z,5.4,Pithoragarh,0.0,4380
2026-10-01T19:36Z,2026-10-02T02:00Z,6.4,Pithoragarh,0.0,4388
2026-10-01T19:36Z,2026-10-02T03:00Z,7.4,Pithoragarh,0.0,4433
2026-10-01T19:36Z,2026-10-01T17:00Z,-2.6,Jumla,0.0,4653
2026-10-01T19:36Z,2026-10-01T18:00Z,-1.6,Jumla,0.0,4642
2026-10-01T19:36Z,2026-10-01T19:00Z,-0.6,Jumla,0.0,4632
2026-10-01T19:36Z,2026-10-01T20:00Z,0.4,Jumla,0.0,4612
2026-10-01T19:36Z,2026-10-01T21:00Z,1.4,Jumla,0.0,4595
2026-10-01T19:36Z,2026-10-01T22:00Z,2.4,Jumla,0.0,4547
2026-10-01T19:36Z,2026-10-01T23:00Z,3.4,Jumla,0.0,4517
2026-10-01T19:36Z,2026-10-02T00:00Z,4.4,Jumla,0.0,4518
2026-10-01T19:36Z,2026-10-02T01:00Z,5.4,Jumla,0.0,4516
2026-10-01T19:36Z,2026-10-02T02:00Z,6.4,Jumla,0.1,4554
2026-10-01T19:36Z,2026-10-02T03:00Z,7.4,Jumla,0.1,4531
2026-10-01T19:36Z,2026-10-01T17:00Z,-2.6,Jomsom,0.0,4817
2026-10-01T19:36Z,2026-10-01T18:00Z,-1.6,Jomsom,0.0,4817
2026-10-01T19:36Z,2026-10-01T19:00Z,-0.6,Jomsom,0.0,4806
2026-10-01T19:36Z,2026-10-01T20:00Z,0.4,Jomsom,0.0,4788
2026-10-01T19:36Z,2026-10-01T21:00Z,1.4,Jomsom,0.0,4780
2026-10-01T19:36Z,2026-10-01T22:00Z,2.4,Jomsom,0.0,4762
2026-10-01T19:36Z,2026-10-01T23:00Z,3.4,Jomsom,0.1,4749
2026-10-01T19:36Z,2026-10-02T00:00Z,4.4,Jomsom,0.1,4739
2026-10-01T19:36Z,2026-10-02T01:00Z,5.4,Jomsom,0.1,4723
2026-10-01T19:36Z,2026-10-02T02:00Z,6.4,Jomsom,0.2,4758
2026-10-01T19:36Z,2026-10-02T03:00Z,7.4,Jomsom,0.0,4783
2026-10-01T19:36Z,2026-10-01T17:00Z,-2.6,Pokhara,0.0,4992
2026-10-01T19:36Z,2026-10-01T18:00Z,-1.6,Pokhara,0.0,5020
2026-10-01T19:36Z,2026-10-01T19:00Z,-0.6,Pokhara,0.0,5011
2026-10-01T19:36Z,2026-10-01T20:00Z,0.4,Pokhara,0.1,4992
2026-10-01T19:36Z,2026-10-01T21:00Z,1.4,Pokhara,0.0,4972
2026-10-01T19:36Z,2026-10-01T22:00Z,2.4,Pokhara,0.1,4951
2026-10-01T19:36Z,2026-10-01T23:00Z,3.4,Pokhara,0.6,4940
2026-10-01T19:36Z,2026-10-02T00:00Z,4.4,Pokhara,0.7,4922
2026-10-01T19:36Z,2026-10-02T01:00Z,5.4,Pokhara,0.8,4865
2026-10-01T19:36Z,2026-10-02T02:00Z,6.4,Pokhara,1.0,4893
2026-10-01T19:36Z,2026-10-02T03:00Z,7.4,Pokhara,0.2,4912
2026-10-01T19:36Z,2026-10-01T17:00Z,-2.6,Kathmandu,0.3,5051
2026-10-01T19:36Z,2026-10-01T18:00Z,-1.6,Kathmandu,0.3,5052
2026-10-01T19:36Z,2026-10-01T19:00Z,-0.6,Kathmandu,0.3,5055
2026-10-01T19:36Z,2026-10-01T20:00Z,0.4,Kathmandu,0.2,5050
2026-10-01T19:36Z,2026-10-01T21:00Z,1.4,Kathmandu,0.1,5015
2026-10-01T19:36Z,2026-10-01T22:00Z,2.4,Kathmandu,0.1,4992
2026-10-01T19:36Z,2026-10-01T23:00Z,3.4,Kathmandu,0.0,4967
2026-10-01T19:36Z,2026-10-02T00:00Z,4.4,Kathmandu,0.0,4943
2026-10-01T19:36Z,2026-10-02T01:00Z,5.4,Kathmandu,0.0,4945
2026-10-01T19:36Z,2026-10-02T02:00Z,6.4,Kathmandu,0.0,4960
2026-10-01T19:36Z,2026-10-02T03:00Z,7.4,Kathmandu,0.0,4968
2026-10-01T19:36Z,2026-10-01T17:00Z,-2.6,Namche Bazaar,0.0,5141
2026-10-01T19:36Z,2026-10-01T18:00Z,-1.6,Namche Bazaar,0.0,5130
2026-10-01T19:36Z,2026-10-01T19:00Z,-0.6,Namche Bazaar,0.0,5097
2026-10-01T19:36Z,2026-10-01T20:00Z,0.4,Namche Bazaar,0.0,5061
2026-10-01T19:36Z,2026-10-01T21:00Z,1.4,Namche Bazaar,0.0,5033
2026-10-01T19:36Z,2026-10-01T22:00Z,2.4,Namche Bazaar,0.0,5025
2026-10-01T19:36Z,2026-10-01T23:00Z,3.4,Namche Bazaar,0.1,5013
2026-10-01T19:36Z,2026-10-02T00:00Z,4.4,Namche Bazaar,0.2,4996
2026-10-01T19:36Z,2026-10-02T01:00Z,5.4,Namche Bazaar,0.2,4987
2026-10-01T19:36Z,2026-10-02T02:00Z,6.4,Namche Bazaar,0.1,4986
2026-10-01T19:36Z,2026-10-02T03:00Z,7.4,Namche Bazaar,0.0,5010
2026-10-01T19:36Z,2026-10-01T17:00Z,-2.6,Darjeeling,0.0,5192
2026-10-01T19:36Z,2026-10-01T18:00Z,-1.6,Darjeeling,0.0,5175
2026-10-01T19:36Z,2026-10-01T19:00Z,-0.6,Darjeeling,0.0,5248
2026-10-01T19:36Z,2026-10-01T20:00Z,0.4,Darjeeling,0.0,5192
2026-10-01T19:36Z,2026-10-01T21:00Z,1.4,Darjeeling,0.0,5097
2026-10-01T19:36Z,2026-10-01T22:00Z,2.4,Darjeeling,0.0,5090
2026-10-01T19:36Z,2026-10-01T23:00Z,3.4,Darjeeling,0.1,5087
2026-10-01T19:36Z,2026-10-02T00:00Z,4.4,Darjeeling,0.2,5065
2026-10-01T19:36Z,2026-10-02T01:00Z,5.4,Darjeeling,0.1,5026
2026-10-01T19:36Z,2026-10-02T02:00Z,6.4,Darjeeling,0.1,5007
2026-10-01T19:36Z,2026-10-02T03:00Z,7.4,Darjeeling,0.3,5030
2026-10-01T19:36Z,2026-10-01T17:00Z,-2.6,Gangtok,0.0,5067
2026-10-01T19:36Z,2026-10-01T18:00Z,-1.6,Gangtok,0.0,5021
2026-10-01T19:36Z,2026-10-01T19:00Z,-0.6,Gangtok,0.0,5220
2026-10-01T19:36Z,2026-10-01T20:00Z,0.4,Gangtok,0.0,5153
2026-10-01T19:36Z,2026-10-01T21:00Z,1.4,Gangtok,0.0,4965
2026-10-01T19:36Z,2026-10-01T22:00Z,2.4,Gangtok,0.1,4936
2026-10-01T19:36Z,2026-10-01T23:00Z,3.4,Gangtok,0.3,4921
2026-10-01T19:36Z,2026-10-02T00:00Z,4.4,Gangtok,0.5,4877
2026-10-01T19:36Z,2026-10-02T01:00Z,5.4,Gangtok,0.3,4810
2026-10-01T19:36Z,2026-10-02T02:00Z,6.4,Gangtok,0.4,4804
2026-10-01T19:36Z,2026-10-02T03:00Z,7.4,Gangtok,0.9,4875
2026-10-01T19:36Z,2026-10-01T17:00Z,-2.6,Thimphu,0.0,4933
2026-10-01T19:36Z,2026-10-01T18:00Z,-1.6,Thimphu,0.0,4944
2026-10-01T19:36Z,2026-10-01T19:00Z,-0.6,Thimphu,0.0,4939
2026-10-01T19:36Z,2026-10-01T20:00Z,0.4,Thimphu,0.0,4879
2026-10-01T19:36Z,2026-10-01T21:00Z,1.4,Thimphu,0.0,4818
2026-10-01T19:36Z,2026-10-01T22:00Z,2.4,Thimphu,0.0,4811
2026-10-01T19:36Z,2026-10-01T23:00Z,3.4,Thimphu,0.0,4767
2026-10-01T19:36Z,2026-10-02T00:00Z,4.4,Thimphu,0.0,4764
2026-10-01T19:36Z,2026-10-02T01:00Z,5.4,Thimphu,0.1,4712
2026-10-01T19:36Z,2026-10-02T02:00Z,6.4,Thimphu,0.1,4682
2026-10-01T19:36Z,2026-10-02T03:00Z,7.4,Thimphu,0.1,4703
2026-10-01T19:36Z,2026-10-01T17:00Z,-2.6,Tawang,0.0,4902
2026-10-01T19:36Z,2026-10-01T18:00Z,-1.6,Tawang,0.0,4889
2026-10-01T19:36Z,2026-10-01T19:00Z,-0.6,Tawang,0.0,4860
2026-10-01T19:36Z,2026-10-01T20:00Z,0.4,Tawang,0.0,4836
2026-10-01T19:36Z,2026-10-01T21:00Z,1.4,Tawang,0.0,4829
2026-10-01T19:36Z,2026-10-01T22:00Z,2.4,Tawang,0.0,4820
2026-10-01T19:36Z,2026-10-01T23:00Z,3.4,Tawang,0.0,4786
2026-10-01T19:36Z,2026-10-02T00:00Z,4.4,Tawang,0.0,4756
2026-10-01T19:36Z,2026-10-02T01:00Z,5.4,Tawang,0.0,4745
2026-10-01T19:36Z,2026-10-02T02:00Z,6.4,Tawang,0.0,4743
2026-10-01T19:36Z,2026-10-02T03:00Z,7.4,Tawang,0.0,4757
2026-10-01T19:36Z,2026-10-01T17:00Z,-2.6,Lhasa,0.0,5472
2026-10-01T19:36Z,2026-10-01T18:00Z,-1.6,Lhasa,0.0,5434
2026-10-01T19:36Z,2026-10-01T19:00Z,-0.6,Lhasa,0.0,5394
2026-10-01T19:36Z,2026-10-01T20:00Z,0.4,Lhasa,0.0,5337
2026-10-01T19:36Z,2026-10-01T21:00Z,1.4,Lhasa,0.0,5280
2026-10-01T19:36Z,2026-10-01T22:00Z,2.4,Lhasa,0.0,5228
2026-10-01T19:36Z,2026-10-01T23:00Z,3.4,Lhasa,0.0,5181
2026-10-01T19:36Z,2026-10-02T00:00Z,4.4,Lhasa,0.0,5129
2026-10-01T19:36Z,2026-10-02T01:00Z,5.4,Lhasa,0.0,5087
2026-10-01T19:36Z,2026-10-02T02:00Z,6.4,Lhasa,0.0,5076
2026-10-01T19:36Z,2026-10-02T03:00Z,7.4,Lhasa,0.0,5074
2026-10-01T19:36Z,2026-10-01T17:00Z,-2.6,Shigatse,0.0,5420
2026-10-01T19:36Z,2026-10-01T18:00Z,-1.6,Shigatse,0.0,5377
2026-10-01T19:36Z,2026-10-01T19:00Z,-0.6,Shigatse,0.0,5336
2026-10-01T19:36Z,2026-10-01T20:00Z,0.4,Shigatse,0.0,5286
2026-10-01T19:36Z,2026-10-01T21:00Z,1.4,Shigatse,0.0,5240
2026-10-01T19:36Z,2026-10-01T22:00Z,2.4,Shigatse,0.0,5182
2026-10-01T19:36Z,2026-10-01T23:00Z,3.4,Shigatse,0.0,5138
2026-10-01T19:36Z,2026-10-02T00:00Z,4.4,Shigatse,0.0,5093
2026-10-01T19:36Z,2026-10-02T01:00Z,5.4,Shigatse,0.0,5063
2026-10-01T19:36Z,2026-10-02T02:00Z,6.4,Shigatse,0.0,5051
2026-10-01T19:36Z,2026-10-02T03:00Z,7.4,Shigatse,0.0,5061
2026-10-01T19:36Z,2026-10-01T17:00Z,-2.6,Itanagar,1.3,4939
2026-10-01T19:36Z,2026-10-01T18:00Z,-1.6,Itanagar,0.5,4915
2026-10-01T19:36Z,2026-10-01T19:00Z,-0.6,Itanagar,0.2,4918
2026-10-01T19:36Z,2026-10-01T20:00Z,0.4,Itanagar,0.4,4915
2026-10-01T19:36Z,2026-10-01T21:00Z,1.4,Itanagar,1.4,4894
2026-10-01T19:36Z,2026-10-01T22:00Z,2.4,Itanagar,0.3,4871
2026-10-01T19:36Z,2026-10-01T23:00Z,3.4,Itanagar,0.4,4865
2026-10-01T19:36Z,2026-10-02T00:00Z,4.4,Itanagar,0.0,4846
2026-10-01T19:36Z,2026-10-02T01:00Z,5.4,Itanagar,0.0,4850
2026-10-01T19:36Z,2026-10-02T02:00Z,6.4,Itanagar,0.1,4868
2026-10-01T19:36Z,2026-10-02T03:00Z,7.4,Itanagar,0.1,4872
2026-10-01T23:56Z,2026-10-01T21:00Z,-2.93,Gilgit,0.1,4006
2026-10-01T23:56Z,2026-10-01T22:00Z,-1.93,Gilgit,0.1,3976
2026-10-01T23:56Z,2026-10-01T23:00Z,-0.93,Gilgit,0.0,3947
2026-10-01T23:56Z,2026-10-02T00:00Z,0.07,Gilgit,0.1,3920
2026-10-01T23:56Z,2026-10-02T01:00Z,1.07,Gilgit,0.0,3898
2026-10-01T23:56Z,2026-10-02T02:00Z,2.07,Gilgit,0.0,3889
2026-10-01T23:56Z,2026-10-02T03:00Z,3.07,Gilgit,0.0,3886
2026-10-01T23:56Z,2026-10-02T04:00Z,4.07,Gilgit,0.0,3835
2026-10-01T23:56Z,2026-10-02T05:00Z,5.07,Gilgit,0.1,3861
2026-10-01T23:56Z,2026-10-02T06:00Z,6.07,Gilgit,0.1,4047
2026-10-01T23:56Z,2026-10-02T07:00Z,7.07,Gilgit,0.4,4107
2026-10-01T23:56Z,2026-10-01T21:00Z,-2.93,Skardu,0.0,4147
2026-10-01T23:56Z,2026-10-01T22:00Z,-1.93,Skardu,0.0,4124
2026-10-01T23:56Z,2026-10-01T23:00Z,-0.93,Skardu,0.0,4107
2026-10-01T23:56Z,2026-10-02T00:00Z,0.07,Skardu,0.0,4090
2026-10-01T23:56Z,2026-10-02T01:00Z,1.07,Skardu,0.0,4053
2026-10-01T23:56Z,2026-10-02T02:00Z,2.07,Skardu,0.0,4059
2026-10-01T23:56Z,2026-10-02T03:00Z,3.07,Skardu,0.0,4128
2026-10-01T23:56Z,2026-10-02T04:00Z,4.07,Skardu,0.0,4163
2026-10-01T23:56Z,2026-10-02T05:00Z,5.07,Skardu,0.0,4180
2026-10-01T23:56Z,2026-10-02T06:00Z,6.07,Skardu,0.1,4209
2026-10-01T23:56Z,2026-10-02T07:00Z,7.07,Skardu,0.2,4231
2026-10-01T23:56Z,2026-10-01T21:00Z,-2.93,Srinagar,0.0,4107
2026-10-01T23:56Z,2026-10-01T22:00Z,-1.93,Srinagar,0.0,4096
2026-10-01T23:56Z,2026-10-01T23:00Z,-0.93,Srinagar,0.0,4089
2026-10-01T23:56Z,2026-10-02T00:00Z,0.07,Srinagar,0.0,4100
2026-10-01T23:56Z,2026-10-02T01:00Z,1.07,Srinagar,0.0,4102
2026-10-01T23:56Z,2026-10-02T02:00Z,2.07,Srinagar,0.0,4108
2026-10-01T23:56Z,2026-10-02T03:00Z,3.07,Srinagar,0.0,4137
2026-10-01T23:56Z,2026-10-02T04:00Z,4.07,Srinagar,0.0,4149
2026-10-01T23:56Z,2026-10-02T05:00Z,5.07,Srinagar,0.0,4164
2026-10-01T23:56Z,2026-10-02T06:00Z,6.07,Srinagar,0.0,4215
2026-10-01T23:56Z,2026-10-02T07:00Z,7.07,Srinagar,0.0,4243
2026-10-01T23:56Z,2026-10-01T21:00Z,-2.93,Leh,0.0,4293
2026-10-01T23:56Z,2026-10-01T22:00Z,-1.93,Leh,0.0,4240
2026-10-01T23:56Z,2026-10-01T23:00Z,-0.93,Leh,0.0,4181
2026-10-01T23:56Z,2026-10-02T00:00Z,0.07,Leh,0.0,4144
2026-10-01T23:56Z,2026-10-02T01:00Z,1.07,Leh,0.0,4110
2026-10-01T23:56Z,2026-10-02T02:00Z,2.07,Leh,0.0,4086
2026-10-01T23:56Z,2026-10-02T03:00Z,3.07,Leh,0.0,4140
2026-10-01T23:56Z,2026-10-02T04:00Z,4.07,Leh,0.0,4221
2026-10-01T23:56Z,2026-10-02T05:00Z,5.07,Leh,0.0,4356
2026-10-01T23:56Z,2026-10-02T06:00Z,6.07,Leh,0.0,4465
2026-10-01T23:56Z,2026-10-02T07:00Z,7.07,Leh,0.0,4560
2026-10-01T23:56Z,2026-10-01T21:00Z,-2.93,Jammu,0.0,4279
2026-10-01T23:56Z,2026-10-01T22:00Z,-1.93,Jammu,0.0,4296
2026-10-01T23:56Z,2026-10-01T23:00Z,-0.93,Jammu,0.0,4262
2026-10-01T23:56Z,2026-10-02T00:00Z,0.07,Jammu,0.0,4204
2026-10-01T23:56Z,2026-10-02T01:00Z,1.07,Jammu,0.0,4214
2026-10-01T23:56Z,2026-10-02T02:00Z,2.07,Jammu,0.0,4251
2026-10-01T23:56Z,2026-10-02T03:00Z,3.07,Jammu,0.0,4257
2026-10-01T23:56Z,2026-10-02T04:00Z,4.07,Jammu,0.0,4258
2026-10-01T23:56Z,2026-10-02T05:00Z,5.07,Jammu,0.0,4281
2026-10-01T23:56Z,2026-10-02T06:00Z,6.07,Jammu,0.0,4297
2026-10-01T23:56Z,2026-10-02T07:00Z,7.07,Jammu,0.0,4316
2026-10-01T23:56Z,2026-10-01T21:00Z,-2.93,Dharamshala,0.0,4246
2026-10-01T23:56Z,2026-10-01T22:00Z,-1.93,Dharamshala,0.0,4293
2026-10-01T23:56Z,2026-10-01T23:00Z,-0.93,Dharamshala,0.0,4313
2026-10-01T23:56Z,2026-10-02T00:00Z,0.07,Dharamshala,0.0,4316
2026-10-01T23:56Z,2026-10-02T01:00Z,1.07,Dharamshala,0.0,4333
2026-10-01T23:56Z,2026-10-02T02:00Z,2.07,Dharamshala,0.0,4327
2026-10-01T23:56Z,2026-10-02T03:00Z,3.07,Dharamshala,0.0,4348
2026-10-01T23:56Z,2026-10-02T04:00Z,4.07,Dharamshala,0.0,4369
2026-10-01T23:56Z,2026-10-02T05:00Z,5.07,Dharamshala,0.0,4365
2026-10-01T23:56Z,2026-10-02T06:00Z,6.07,Dharamshala,0.0,4356
2026-10-01T23:56Z,2026-10-02T07:00Z,7.07,Dharamshala,0.1,4357
2026-10-01T23:56Z,2026-10-01T21:00Z,-2.93,Manali,0.0,4244
2026-10-01T23:56Z,2026-10-01T22:00Z,-1.93,Manali,0.0,4242
2026-10-01T23:56Z,2026-10-01T23:00Z,-0.93,Manali,0.0,4275
2026-10-01T23:56Z,2026-10-02T00:00Z,0.07,Manali,0.0,4295
2026-10-01T23:56Z,2026-10-02T01:00Z,1.07,Manali,0.0,4297
2026-10-01T23:56Z,2026-10-02T02:00Z,2.07,Manali,0.0,4310
2026-10-01T23:56Z,2026-10-02T03:00Z,3.07,Manali,0.0,4347
2026-10-01T23:56Z,2026-10-02T04:00Z,4.07,Manali,0.0,4398
2026-10-01T23:56Z,2026-10-02T05:00Z,5.07,Manali,0.0,4420
2026-10-01T23:56Z,2026-10-02T06:00Z,6.07,Manali,0.0,4426
2026-10-01T23:56Z,2026-10-02T07:00Z,7.07,Manali,0.0,4413
2026-10-01T23:56Z,2026-10-01T21:00Z,-2.93,Kaza,0.0,4397
2026-10-01T23:56Z,2026-10-01T22:00Z,-1.93,Kaza,0.0,4381
2026-10-01T23:56Z,2026-10-01T23:00Z,-0.93,Kaza,0.0,4365
2026-10-01T23:56Z,2026-10-02T00:00Z,0.07,Kaza,0.0,4347
2026-10-01T23:56Z,2026-10-02T01:00Z,1.07,Kaza,0.0,4335
2026-10-01T23:56Z,2026-10-02T02:00Z,2.07,Kaza,0.0,4362
2026-10-01T23:56Z,2026-10-02T03:00Z,3.07,Kaza,0.0,4493
2026-10-01T23:56Z,2026-10-02T04:00Z,4.07,Kaza,0.0,4583
2026-10-01T23:56Z,2026-10-02T05:00Z,5.07,Kaza,0.0,4710
2026-10-01T23:56Z,2026-10-02T06:00Z,6.07,Kaza,0.0,4787
2026-10-01T23:56Z,2026-10-02T07:00Z,7.07,Kaza,0.0,4786
2026-10-01T23:56Z,2026-10-01T21:00Z,-2.93,Shimla,0.0,4358
2026-10-01T23:56Z,2026-10-01T22:00Z,-1.93,Shimla,0.0,4312
2026-10-01T23:56Z,2026-10-01T23:00Z,-0.93,Shimla,0.0,4383
2026-10-01T23:56Z,2026-10-02T00:00Z,0.07,Shimla,0.0,4410
2026-10-01T23:56Z,2026-10-02T01:00Z,1.07,Shimla,0.0,4403
2026-10-01T23:56Z,2026-10-02T02:00Z,2.07,Shimla,0.0,4416
2026-10-01T23:56Z,2026-10-02T03:00Z,3.07,Shimla,0.0,4413
2026-10-01T23:56Z,2026-10-02T04:00Z,4.07,Shimla,0.0,4394
2026-10-01T23:56Z,2026-10-02T05:00Z,5.07,Shimla,0.0,4408
2026-10-01T23:56Z,2026-10-02T06:00Z,6.07,Shimla,0.0,4425
2026-10-01T23:56Z,2026-10-02T07:00Z,7.07,Shimla,0.0,4430
2026-10-01T23:56Z,2026-10-01T21:00Z,-2.93,Dehradun,0.0,4485
2026-10-01T23:56Z,2026-10-01T22:00Z,-1.93,Dehradun,0.0,4460
2026-10-01T23:56Z,2026-10-01T23:00Z,-0.93,Dehradun,0.0,4423
2026-10-01T23:56Z,2026-10-02T00:00Z,0.07,Dehradun,0.0,4430
2026-10-01T23:56Z,2026-10-02T01:00Z,1.07,Dehradun,0.0,4457
2026-10-01T23:56Z,2026-10-02T02:00Z,2.07,Dehradun,0.0,4455
2026-10-01T23:56Z,2026-10-02T03:00Z,3.07,Dehradun,0.0,4450
2026-10-01T23:56Z,2026-10-02T04:00Z,4.07,Dehradun,0.0,4448
2026-10-01T23:56Z,2026-10-02T05:00Z,5.07,Dehradun,0.0,4449
2026-10-01T23:56Z,2026-10-02T06:00Z,6.07,Dehradun,0.0,4457
2026-10-01T23:56Z,2026-10-02T07:00Z,7.07,Dehradun,0.0,4462
2026-10-01T23:56Z,2026-10-01T21:00Z,-2.93,Uttarkashi,0.0,4410
2026-10-01T23:56Z,2026-10-01T22:00Z,-1.93,Uttarkashi,0.0,4378
2026-10-01T23:56Z,2026-10-01T23:00Z,-0.93,Uttarkashi,0.0,4360
2026-10-01T23:56Z,2026-10-02T00:00Z,0.07,Uttarkashi,0.0,4364
2026-10-01T23:56Z,2026-10-02T01:00Z,1.07,Uttarkashi,0.0,4412
2026-10-01T23:56Z,2026-10-02T02:00Z,2.07,Uttarkashi,0.0,4414
2026-10-01T23:56Z,2026-10-02T03:00Z,3.07,Uttarkashi,0.0,4412
2026-10-01T23:56Z,2026-10-02T04:00Z,4.07,Uttarkashi,0.0,4407
2026-10-01T23:56Z,2026-10-02T05:00Z,5.07,Uttarkashi,0.0,4431
2026-10-01T23:56Z,2026-10-02T06:00Z,6.07,Uttarkashi,0.0,4455
2026-10-01T23:56Z,2026-10-02T07:00Z,7.07,Uttarkashi,0.0,4466
2026-10-01T23:56Z,2026-10-01T21:00Z,-2.93,Joshimath,0.0,4398
2026-10-01T23:56Z,2026-10-01T22:00Z,-1.93,Joshimath,0.0,4375
2026-10-01T23:56Z,2026-10-01T23:00Z,-0.93,Joshimath,0.0,4367
2026-10-01T23:56Z,2026-10-02T00:00Z,0.07,Joshimath,0.0,4360
2026-10-01T23:56Z,2026-10-02T01:00Z,1.07,Joshimath,0.0,4361
2026-10-01T23:56Z,2026-10-02T02:00Z,2.07,Joshimath,0.0,4390
2026-10-01T23:56Z,2026-10-02T03:00Z,3.07,Joshimath,0.0,4402
2026-10-01T23:56Z,2026-10-02T04:00Z,4.07,Joshimath,0.0,4401
2026-10-01T23:56Z,2026-10-02T05:00Z,5.07,Joshimath,0.0,4407
2026-10-01T23:56Z,2026-10-02T06:00Z,6.07,Joshimath,0.0,4438
2026-10-01T23:56Z,2026-10-02T07:00Z,7.07,Joshimath,0.0,4447
2026-10-01T23:56Z,2026-10-01T21:00Z,-2.93,Bhimtal,0.0,4552
2026-10-01T23:56Z,2026-10-01T22:00Z,-1.93,Bhimtal,0.0,4512
2026-10-01T23:56Z,2026-10-01T23:00Z,-0.93,Bhimtal,0.0,4483
2026-10-01T23:56Z,2026-10-02T00:00Z,0.07,Bhimtal,0.0,4463
2026-10-01T23:56Z,2026-10-02T01:00Z,1.07,Bhimtal,0.0,4453
2026-10-01T23:56Z,2026-10-02T02:00Z,2.07,Bhimtal,0.0,4494
2026-10-01T23:56Z,2026-10-02T03:00Z,3.07,Bhimtal,0.0,4539
2026-10-01T23:56Z,2026-10-02T04:00Z,4.07,Bhimtal,0.0,4559
2026-10-01T23:56Z,2026-10-02T05:00Z,5.07,Bhimtal,0.0,4560
2026-10-01T23:56Z,2026-10-02T06:00Z,6.07,Bhimtal,0.0,4570
2026-10-01T23:56Z,2026-10-02T07:00Z,7.07,Bhimtal,0.0,4562
2026-10-01T23:56Z,2026-10-01T21:00Z,-2.93,Pithoragarh,0.0,4465
2026-10-01T23:56Z,2026-10-01T22:00Z,-1.93,Pithoragarh,0.0,4442
2026-10-01T23:56Z,2026-10-01T23:00Z,-0.93,Pithoragarh,0.0,4434
2026-10-01T23:56Z,2026-10-02T00:00Z,0.07,Pithoragarh,0.0,4419
2026-10-01T23:56Z,2026-10-02T01:00Z,1.07,Pithoragarh,0.0,4397
2026-10-01T23:56Z,2026-10-02T02:00Z,2.07,Pithoragarh,0.0,4392
2026-10-01T23:56Z,2026-10-02T03:00Z,3.07,Pithoragarh,0.0,4447
2026-10-01T23:56Z,2026-10-02T04:00Z,4.07,Pithoragarh,0.0,4467
2026-10-01T23:56Z,2026-10-02T05:00Z,5.07,Pithoragarh,0.0,4487
2026-10-01T23:56Z,2026-10-02T06:00Z,6.07,Pithoragarh,0.0,4505
2026-10-01T23:56Z,2026-10-02T07:00Z,7.07,Pithoragarh,0.0,4501
2026-10-01T23:56Z,2026-10-01T21:00Z,-2.93,Jumla,0.0,4626
2026-10-01T23:56Z,2026-10-01T22:00Z,-1.93,Jumla,0.0,4592
2026-10-01T23:56Z,2026-10-01T23:00Z,-0.93,Jumla,0.0,4567
2026-10-01T23:56Z,2026-10-02T00:00Z,0.07,Jumla,0.0,4504
2026-10-01T23:56Z,2026-10-02T01:00Z,1.07,Jumla,0.0,4509
2026-10-01T23:56Z,2026-10-02T02:00Z,2.07,Jumla,0.1,4560
2026-10-01T23:56Z,2026-10-02T03:00Z,3.07,Jumla,0.1,4538
2026-10-01T23:56Z,2026-10-02T04:00Z,4.07,Jumla,0.1,4531
2026-10-01T23:56Z,2026-10-02T05:00Z,5.07,Jumla,0.2,4535
2026-10-01T23:56Z,2026-10-02T06:00Z,6.07,Jumla,0.3,4462
2026-10-01T23:56Z,2026-10-02T07:00Z,7.07,Jumla,0.4,4470
2026-10-01T23:56Z,2026-10-01T21:00Z,-2.93,Jomsom,0.0,4769
2026-10-01T23:56Z,2026-10-01T22:00Z,-1.93,Jomsom,0.0,4765
2026-10-01T23:56Z,2026-10-01T23:00Z,-0.93,Jomsom,0.1,4748
2026-10-01T23:56Z,2026-10-02T00:00Z,0.07,Jomsom,0.1,4729
2026-10-01T23:56Z,2026-10-02T01:00Z,1.07,Jomsom,0.1,4723
2026-10-01T23:56Z,2026-10-02T02:00Z,2.07,Jomsom,0.2,4755
2026-10-01T23:56Z,2026-10-02T03:00Z,3.07,Jomsom,0.0,4777
2026-10-01T23:56Z,2026-10-02T04:00Z,4.07,Jomsom,0.0,4808
2026-10-01T23:56Z,2026-10-02T05:00Z,5.07,Jomsom,0.0,4800
2026-10-01T23:56Z,2026-10-02T06:00Z,6.07,Jomsom,0.0,4825
2026-10-01T23:56Z,2026-10-02T07:00Z,7.07,Jomsom,0.1,4815
2026-10-01T23:56Z,2026-10-01T21:00Z,-2.93,Pokhara,0.0,4983
2026-10-01T23:56Z,2026-10-01T22:00Z,-1.93,Pokhara,0.1,4970
2026-10-01T23:56Z,2026-10-01T23:00Z,-0.93,Pokhara,0.6,4940
2026-10-01T23:56Z,2026-10-02T00:00Z,0.07,Pokhara,0.7,4921
2026-10-01T23:56Z,2026-10-02T01:00Z,1.07,Pokhara,0.8,4902
2026-10-01T23:56Z,2026-10-02T02:00Z,2.07,Pokhara,1.0,4912
2026-10-01T23:56Z,2026-10-02T03:00Z,3.07,Pokhara,0.2,4912
2026-10-01T23:56Z,2026-10-02T04:00Z,4.07,Pokhara,0.0,4884
2026-10-01T23:56Z,2026-10-02T05:00Z,5.07,Pokhara,0.0,4854
2026-10-01T23:56Z,2026-10-02T06:00Z,6.07,Pokhara,0.0,4808
2026-10-01T23:56Z,2026-10-02T07:00Z,7.07,Pokhara,0.1,4780
2026-10-01T23:56Z,2026-10-01T21:00Z,-2.93,Kathmandu,0.1,4989
2026-10-01T23:56Z,2026-10-01T22:00Z,-1.93,Kathmandu,0.1,4952
2026-10-01T23:56Z,2026-10-01T23:00Z,-0.93,Kathmandu,0.0,4931
2026-10-01T23:56Z,2026-10-02T00:00Z,0.07,Kathmandu,0.0,4918
2026-10-01T23:56Z,2026-10-02T01:00Z,1.07,Kathmandu,0.0,4906
2026-10-01T23:56Z,2026-10-02T02:00Z,2.07,Kathmandu,0.0,4928
2026-10-01T23:56Z,2026-10-02T03:00Z,3.07,Kathmandu,0.0,4939
2026-10-01T23:56Z,2026-10-02T04:00Z,4.07,Kathmandu,0.1,4949
2026-10-01T23:56Z,2026-10-02T05:00Z,5.07,Kathmandu,0.2,4956
2026-10-01T23:56Z,2026-10-02T06:00Z,6.07,Kathmandu,0.3,4914
2026-10-01T23:56Z,2026-10-02T07:00Z,7.07,Kathmandu,0.6,4865
2026-10-01T23:56Z,2026-10-01T21:00Z,-2.93,Namche Bazaar,0.0,4976
2026-10-01T23:56Z,2026-10-01T22:00Z,-1.93,Namche Bazaar,0.0,4949
2026-10-01T23:56Z,2026-10-01T23:00Z,-0.93,Namche Bazaar,0.1,4943
2026-10-01T23:56Z,2026-10-02T00:00Z,0.07,Namche Bazaar,0.2,4875
2026-10-01T23:56Z,2026-10-02T01:00Z,1.07,Namche Bazaar,0.2,4868
2026-10-01T23:56Z,2026-10-02T02:00Z,2.07,Namche Bazaar,0.1,4869
2026-10-01T23:56Z,2026-10-02T03:00Z,3.07,Namche Bazaar,0.0,4937
2026-10-01T23:56Z,2026-10-02T04:00Z,4.07,Namche Bazaar,0.0,4961
2026-10-01T23:56Z,2026-10-02T05:00Z,5.07,Namche Bazaar,0.1,4977
2026-10-01T23:56Z,2026-10-02T06:00Z,6.07,Namche Bazaar,0.2,5020
2026-10-01T23:56Z,2026-10-02T07:00Z,7.07,Namche Bazaar,0.3,5053
2026-10-01T23:56Z,2026-10-01T21:00Z,-2.93,Darjeeling,0.0,5010
2026-10-01T23:56Z,2026-10-01T22:00Z,-1.93,Darjeeling,0.0,4958
2026-10-01T23:56Z,2026-10-01T23:00Z,-0.93,Darjeeling,0.1,4952
2026-10-01T23:56Z,2026-10-02T00:00Z,0.07,Darjeeling,0.2,4908
2026-10-01T23:56Z,2026-10-02T01:00Z,1.07,Darjeeling,0.1,4914
2026-10-01T23:56Z,2026-10-02T02:00Z,2.07,Darjeeling,0.1,4911
2026-10-01T23:56Z,2026-10-02T03:00Z,3.07,Darjeeling,0.3,4844
2026-10-01T23:56Z,2026-10-02T04:00Z,4.07,Darjeeling,0.3,4963
2026-10-01T23:56Z,2026-10-02T05:00Z,5.07,Darjeeling,0.1,4961
2026-10-01T23:56Z,2026-10-02T06:00Z,6.07,Darjeeling,0.1,4899
2026-10-01T23:56Z,2026-10-02T07:00Z,7.07,Darjeeling,0.1,4912
2026-10-01T23:56Z,2026-10-01T21:00Z,-2.93,Gangtok,0.0,4916
2026-10-01T23:56Z,2026-10-01T22:00Z,-1.93,Gangtok,0.1,4853
2026-10-01T23:56Z,2026-10-01T23:00Z,-0.93,Gangtok,0.3,4853
2026-10-01T23:56Z,2026-10-02T00:00Z,0.07,Gangtok,0.5,4766
2026-10-01T23:56Z,2026-10-02T01:00Z,1.07,Gangtok,0.3,4803
2026-10-01T23:56Z,2026-10-02T02:00Z,2.07,Gangtok,0.4,4812
2026-10-01T23:56Z,2026-10-02T03:00Z,3.07,Gangtok,0.9,4628
2026-10-01T23:56Z,2026-10-02T04:00Z,4.07,Gangtok,0.8,4842
2026-10-01T23:56Z,2026-10-02T05:00Z,5.07,Gangtok,0.2,4783
2026-10-01T23:56Z,2026-10-02T06:00Z,6.07,Gangtok,0.1,4808
2026-10-01T23:56Z,2026-10-02T07:00Z,7.07,Gangtok,0.1,4815
2026-10-01T23:56Z,2026-10-01T21:00Z,-2.93,Thimphu,0.0,4704
2026-10-01T23:56Z,2026-10-01T22:00Z,-1.93,Thimphu,0.0,4733
2026-10-01T23:56Z,2026-10-01T23:00Z,-0.93,Thimphu,0.0,4669
2026-10-01T23:56Z,2026-10-02T00:00Z,0.07,Thimphu,0.0,4589
2026-10-01T23:56Z,2026-10-02T01:00Z,1.07,Thimphu,0.1,4695
2026-10-01T23:56Z,2026-10-02T02:00Z,2.07,Thimphu,0.1,4686
2026-10-01T23:56Z,2026-10-02T03:00Z,3.07,Thimphu,0.1,4745
2026-10-01T23:56Z,2026-10-02T04:00Z,4.07,Thimphu,0.1,4593
2026-10-01T23:56Z,2026-10-02T05:00Z,5.07,Thimphu,0.1,4714
2026-10-01T23:56Z,2026-10-02T06:00Z,6.07,Thimphu,0.1,4712
2026-10-01T23:56Z,2026-10-02T07:00Z,7.07,Thimphu,0.2,4788
2026-10-01T23:56Z,2026-10-01T21:00Z,-2.93,Tawang,0.0,4843
2026-10-01T23:56Z,2026-10-01T22:00Z,-1.93,Tawang,0.0,4800
2026-10-01T23:56Z,2026-10-01T23:00Z,-0.93,Tawang,0.0,4773
2026-10-01T23:56Z,2026-10-02T00:00Z,0.07,Tawang,0.0,4738
2026-10-01T23:56Z,2026-10-02T01:00Z,1.07,Tawang,0.0,4725
2026-10-01T23:56Z,2026-10-02T02:00Z,2.07,Tawang,0.0,4716
2026-10-01T23:56Z,2026-10-02T03:00Z,3.07,Tawang,0.0,4674
2026-10-01T23:56Z,2026-10-02T04:00Z,4.07,Tawang,0.1,4688
2026-10-01T23:56Z,2026-10-02T05:00Z,5.07,Tawang,0.3,4765
2026-10-01T23:56Z,2026-10-02T06:00Z,6.07,Tawang,0.4,4798
2026-10-01T23:56Z,2026-10-02T07:00Z,7.07,Tawang,0.5,4871
2026-10-01T23:56Z,2026-10-01T21:00Z,-2.93,Lhasa,0.0,5267
2026-10-01T23:56Z,2026-10-01T22:00Z,-1.93,Lhasa,0.0,5215
2026-10-01T23:56Z,2026-10-01T23:00Z,-0.93,Lhasa,0.0,5159
2026-10-01T23:56Z,2026-10-02T00:00Z,0.07,Lhasa,0.0,5099
2026-10-01T23:56Z,2026-10-02T01:00Z,1.07,Lhasa,0.0,5065
2026-10-01T23:56Z,2026-10-02T02:00Z,2.07,Lhasa,0.0,5049
2026-10-01T23:56Z,2026-10-02T03:00Z,3.07,Lhasa,0.0,5041
2026-10-01T23:56Z,2026-10-02T04:00Z,4.07,Lhasa,0.1,5130
2026-10-01T23:56Z,2026-10-02T05:00Z,5.07,Lhasa,0.1,5255
2026-10-01T23:56Z,2026-10-02T06:00Z,6.07,Lhasa,0.0,5308
2026-10-01T23:56Z,2026-10-02T07:00Z,7.07,Lhasa,0.0,5403
2026-10-01T23:56Z,2026-10-01T21:00Z,-2.93,Shigatse,0.0,5244
2026-10-01T23:56Z,2026-10-01T22:00Z,-1.93,Shigatse,0.0,5174
2026-10-01T23:56Z,2026-10-01T23:00Z,-0.93,Shigatse,0.0,5116
2026-10-01T23:56Z,2026-10-02T00:00Z,0.07,Shigatse,0.0,5051
2026-10-01T23:56Z,2026-10-02T01:00Z,1.07,Shigatse,0.0,5017
2026-10-01T23:56Z,2026-10-02T02:00Z,2.07,Shigatse,0.0,5003
2026-10-01T23:56Z,2026-10-02T03:00Z,3.07,Shigatse,0.0,5013
2026-10-01T23:56Z,2026-10-02T04:00Z,4.07,Shigatse,0.0,5052
2026-10-01T23:56Z,2026-10-02T05:00Z,5.07,Shigatse,0.0,4903
2026-10-01T23:56Z,2026-10-02T06:00Z,6.07,Shigatse,0.0,5224
2026-10-01T23:56Z,2026-10-02T07:00Z,7.07,Shigatse,0.0,5295
2026-10-01T23:56Z,2026-10-01T21:00Z,-2.93,Itanagar,1.4,4825
2026-10-01T23:56Z,2026-10-01T22:00Z,-1.93,Itanagar,0.3,4813
2026-10-01T23:56Z,2026-10-01T23:00Z,-0.93,Itanagar,0.4,4813
2026-10-01T23:56Z,2026-10-02T00:00Z,0.07,Itanagar,0.0,4802
2026-10-01T23:56Z,2026-10-02T01:00Z,1.07,Itanagar,0.0,4824
2026-10-01T23:56Z,2026-10-02T02:00Z,2.07,Itanagar,0.1,4845
2026-10-01T23:56Z,2026-10-02T03:00Z,3.07,Itanagar,0.1,4828
2026-10-01T23:56Z,2026-10-02T04:00Z,4.07,Itanagar,0.1,4877
2026-10-01T23:56Z,2026-10-02T05:00Z,5.07,Itanagar,0.3,4913
2026-10-01T23:56Z,2026-10-02T06:00Z,6.07,Itanagar,0.3,4946
2026-10-01T23:56Z,2026-10-02T07:00Z,7.07,Itanagar,0.4,4940
